Temperature,Top-p,Top-k,BM25 Weight,Model,Main Answer,Input Tokens,Output Tokens,Conversation History,Progress,Elapsed Time (s)
0.1,0.95,50,0.6,🇪🇺 Mistral-API,"Here are the 10 most prominent concepts describing criteria for moral responsibility in the uploaded document, along with explanations for their selection and specific uses:

1. **Master-Slave Morality**
   - **Reason for Selection**: Nietzsche distinguishes between two fundamental moral systems: the morality of the strong (master morality) and the morality of the weak (slave morality). This dichotomy is central to his critique of traditional moral responsibility.
   - **Specific Use**: Nietzsche argues that master morality values strength, nobility, and self-affirmation, while slave morality emphasizes humility, pity, and equality. The distinction is used to critique the moral systems of Christianity and democracy.

2. **Will to Power**
   - **Reason for Selection**: The concept of the will to power is central to Nietzsche’s philosophy and his understanding of moral responsibility. It represents the fundamental drive for dominance and self-overcoming.
   - **Specific Use**: Nietzsche uses the will to power to explain the origins of moral values, arguing that all moral systems are ultimately expressions of the will to power. This concept is used to critique the idea of altruism and selflessness.

3. **Self-Overcoming**
   - **Reason for Selection**: Self-overcoming is a key criterion for moral responsibility in Nietzsche’s philosophy. It involves the continuous striving for self-improvement and the rejection of stagnation.
   - **Specific Use**: Nietzsche argues that moral responsibility requires the ability to overcome oneself, to transcend traditional moral values, and to create new values. This concept is used to critique the idea of fixed moral principles.

4. **Noble vs. Common Man**
   - **Reason for Selection**: Nietzsche distinguishes between the noble man, who creates values, and the common man, who follows them. This distinction is crucial for understanding his criteria for moral responsibility.
   - **Specific Use**: Nietzsche argues that the noble man is responsible for creating new values, while the common man is responsible for adhering to existing ones. This distinction is used to critique the idea of universal moral principles.

5. **Resentment (Ressentiment)**
   - **Reason for Selection**: Resentment is a key concept in Nietzsche’s critique of slave morality. It represents the negative emotions of the weak, such as envy and hatred, which lead to the creation of moral systems that emphasize equality and pity.
   - **Specific Use**: Nietzsche uses resentment to explain the origins of slave morality, arguing that it is a reaction to the power of the noble man. This concept is used to critique the idea of moral equality.

6. **Moral Hypocrisy**
   - **Reason for Selection**: Nietzsche argues that moral systems are often hypocritical, masking the true motivations behind moral actions. This concept is central to his critique of moral responsibility.
   - **Specific Use**: Nietzsche uses the concept of moral hypocrisy to critique the idea of altruism, arguing that it is often a disguise for the will to power. This concept is used to critique the idea of selfless moral actions.

7. **Moral Decadence**
   - **Reason for Selection**: Nietzsche argues that moral systems can lead to decadence, a state of decline and weakness. This concept is central to his critique of traditional moral responsibility.
   - **Specific Use**: Nietzsche uses the concept of moral decadence to critique the idea of moral progress, arguing that it often leads to the weakening of the individual. This concept is used to critique the idea of moral improvement.

8. **Moral Creativity**
   - **Reason for Selection**: Nietzsche argues that moral responsibility involves the creation of new values, rather than the adherence to existing ones. This concept is central to his understanding of moral responsibility.
   - **Specific Use**: Nietzsche uses the concept of moral creativity to argue that the noble man is responsible for creating new values, while the common man is responsible for adhering to existing ones. This concept is used to critique the idea of fixed moral principles.

9. **Moral Relativism**
   - **Reason for Selection**: Nietzsche argues that moral values are relative, rather than universal. This concept is central to his critique of traditional moral responsibility.
   - **Specific Use**: Nietzsche uses the concept of moral relativism to critique the idea of universal moral principles, arguing that they are often expressions of the will to power. This concept is used to critique the idea of objective moral values.

10. **Moral Responsibility as Self-Creation**
    - **Reason for Selection**: Nietzsche argues that moral responsibility involves the creation of oneself, rather than the adherence to external moral principles. This concept is central to his understanding of moral responsibility.
    - **Specific Use**: Nietzsche uses the concept of moral responsibility as self-creation to argue that the noble man is responsible for creating his own values, while the common man is responsible for adhering to external ones. This concept is used to critique the idea of moral obedience.

These concepts are central to Nietzsche’s critique of traditional moral responsibility and his alternative vision of moral responsibility based on self-overcoming, creativity, and the will to power.",N/A,N/A,0,Query 1/5,0.00
0.33,0.95,50,0.6,🇪🇺 Mistral-API,"Here are the 10 most prominent concepts describing criteria for moral responsibility in the provided document, along with explanations of their significance and specific uses:

1. **Master-Slave Morality**
   - **Reason for Selection**: Nietzsche distinguishes between two fundamental moral systems: *master morality* (noble, self-affirming values) and *slave morality* (reactive, resentment-based values). This dichotomy is central to his critique of traditional morality.
   - **Specific Use**: Nietzsche argues that slave morality arises from the oppressed, who invert values to glorify humility and pity, while master morality reflects the self-affirmation of the strong (e.g., aristocratic values).

2. **Will to Power**
   - **Reason for Selection**: Nietzsche’s concept of the *Will to Power* as the fundamental drive behind all human action, including moral judgments, is crucial for understanding his rejection of altruistic morality.
   - **Specific Use**: He critiques Christian morality as a denial of the Will to Power, which suppresses life-affirming instincts in favor of self-denial and humility.

3. **Resentment (Ressentiment)**
   - **Reason for Selection**: *Ressentiment* is the psychological foundation of slave morality, where the weak react to their powerlessness with moral condemnation of the strong.
   - **Specific Use**: Nietzsche links *ressentiment* to the development of egalitarian ideals, which he sees as a form of revenge by the weak against the noble.

4. **Bad Conscience**
   - **Reason for Selection**: Nietzsche traces the origin of morality to the internalization of societal constraints, leading to *bad conscience*—a psychological torment that arises from self-repression.
   - **Specific Use**: He argues that guilt and shame are artificial constructs imposed by society to control the instinctual Will to Power.

5. **Overman (Übermensch)**
   - **Reason for Selection**: The *Overman* represents the ideal of self-overcoming, transcending conventional morality to create new values.
   - **Specific Use**: Nietzsche contrasts the Overman with the herd mentality, emphasizing the need for individuals to rise above moral dogmas.

6. **Eternal Recurrence**
   - **Reason for Selection**: The idea that one must live life in such a way that one would willingly relive it eternally challenges moral systems that deny life’s cyclical nature.
   - **Specific Use**: Nietzsche uses this concept to critique moral systems that promote self-denial, arguing that true morality must affirm life in all its aspects.

7. **Genealogy of Morals**
   - **Reason for Selection**: Nietzsche’s method of tracing moral concepts to their historical and psychological origins exposes the arbitrary and contingent nature of moral values.
   - **Specific Use**: He deconstructs Christian morality by showing its roots in slave rebellion and the suppression of natural instincts.

8. **Noble vs. Common**
   - **Reason for Selection**: Nietzsche distinguishes between the *noble* (self-affirming, creative) and the *common* (reactive, conformist) to critique egalitarian morality.
   - **Specific Use**: He argues that the common man’s morality is a tool of the weak to suppress the exceptional.

9. **Decadence**
   - **Reason for Selection**: *Decadence* refers to the decline of life-affirming values, often masked by moralistic rhetoric.
   - **Specific Use**: Nietzsche critiques Christianity and democracy as decadent, as they promote weakness and self-denial.

10. **Self-Overcoming**
   - **Reason for Selection**: The idea that moral growth comes from continual self-transformation, rather than adherence to fixed moral codes.
   - **Specific Use**: Nietzsche advocates for individuals to create their own values, rejecting external moral authorities.

These concepts collectively form Nietzsche’s critique of traditional morality, emphasizing the need for a revaluation of values based on life-affirmation and self-mastery.",N/A,N/A,0,Query 2/5,0.00
0.55,0.95,50,0.6,🇪🇺 Mistral-API,"Here are the 10 most prominent concepts describing criteria for moral responsibility in the uploaded document, along with explanations for their selection and specific uses:

1. **Master-Slave Morality**
   - **Reason for Selection**: Nietzsche contrasts two moral systems: the ""master morality"" of the strong and noble, and the ""slave morality"" of the weak and oppressed. This dichotomy is central to his critique of traditional moral responsibility.
   - **Specific Use**: ""The noble type of man regards himself as a determiner of values... The slave has an unfavourable eye for the virtues of the powerful"" (p. 184).

2. **Will to Power**
   - **Reason for Selection**: Nietzsche’s concept of the ""will to power"" underpins his view of moral responsibility as an expression of strength and dominance.
   - **Specific Use**: ""The power of moral prejudices has penetrated deeply into the most intellectual world... the desire for 'freedom of will'... involves nothing less than to be precisely this CAUSA SUI"" (p. 184).

3. **Self-Overcoming**
   - **Reason for Selection**: Moral responsibility is tied to the individual’s capacity for self-mastery and transcendence.
   - **Specific Use**: ""The surmounting of morality... is the long-secret labour which has been reserved for the most refined, the most upright, and also the most wicked consciences of today"" (p. 184).

4. **Perspectivism**
   - **Reason for Selection**: Nietzsche argues that moral judgments are always perspectival, shaped by the values of the judge.
   - **Specific Use**: ""The moral sentiment in Europe at present is perhaps as subtle... as the 'Science of Morals' belonging thereto is recent, initial, awkward, and coarse-fingered"" (p. 184).

5. **Resentment (Ressentiment)**
   - **Reason for Selection**: Slave morality arises from resentment, a reactive force that shapes moral responsibility as a tool of the weak.
   - **Specific Use**: ""The slave has an unfavourable eye for the virtues of the powerful... he has a skepticism and distrust, a REFINEMENT of distrust of everything 'good'"" (p. 184).

6. **Bad Conscience**
   - **Reason for Selection**: Nietzsche links moral responsibility to the internalization of societal constraints, leading to guilt and self-punishment.
   - **Specific Use**: ""The essential thing... in a good and healthy aristocracy is that it should not regard itself as a function... but as the SIGNIFICANCE and highest justification thereof"" (p. 184).

7. **Eternal Recurrence**
   - **Reason for Selection**: Moral responsibility is framed in terms of affirming life’s cyclical nature, embracing repetition as a test of strength.
   - **Specific Use**: ""The greatest events and thoughts... are longest in being comprehended: the generations which are contemporary with them do not EXPERIENCE such events"" (p. 184).

8. **Overman (Übermensch)**
   - **Reason for Selection**: The Overman embodies the ideal of moral responsibility as self-creation and transcendence beyond conventional morality.
   - **Specific Use**: ""The man of an age of dissolution... the 'individual' stands out, and is obliged to have recourse to his own law-giving"" (p. 184).

9. **Decadence**
   - **Reason for Selection**: Nietzsche critiques moral systems that promote weakness and decline, contrasting them with life-affirming values.
   - **Specific Use**: ""The taste and virtue of the age weaken and attenuate the will... the ideal of the philosopher, strength of will, sternness, and capacity for prolonged resolution"" (p. 184).

10. **Genealogy of Morals**
    - **Reason for Selection**: Nietzsche’s method of tracing moral concepts to their historical and psychological origins challenges traditional notions of moral responsibility.
    - **Specific Use**: ""The moral sentiment in Europe at present is perhaps as subtle... as the 'Science of Morals' belonging thereto is recent, initial, awkward, and coarse-fingered"" (p. 184).

These concepts are central to Nietzsche’s critique of moral responsibility, emphasizing power, self-overcoming, and the critique of reactive morality.",N/A,N/A,0,Query 3/5,0.00
0.78,0.95,50,0.6,🇪🇺 Mistral-API,"Here are the 10 most prominent concepts describing criteria for moral responsibility in the uploaded document, along with explanations of their significance and specific uses:

1. **Master-Slave Morality**
   - **Reason for Selection**: Nietzsche distinguishes between two fundamental moral systems: the morality of the strong (master morality) and the morality of the weak (slave morality). These concepts are central to understanding his critique of traditional moral frameworks.
   - **Specific Use**: Nietzsche contrasts the noble (master) morality, which values strength, independence, and self-affirmation, with the slave morality, which emphasizes humility, equality, and pity. This distinction is used to critique the moral values of Christianity and democracy.

2. **Will to Power**
   - **Reason for Selection**: The concept of the will to power is central to Nietzsche’s philosophy and his understanding of moral responsibility. It represents the fundamental drive behind all human actions and moral evaluations.
   - **Specific Use**: Nietzsche argues that all moral systems are ultimately expressions of the will to power, whether they acknowledge it or not. This concept is used to explain the origins of moral values and the dynamics of power in human interactions.

3. **Resentment (Ressentiment)**
   - **Reason for Selection**: Resentment is a key concept in Nietzsche’s critique of slave morality. It explains the psychological basis for the moral values of the weak and oppressed.
   - **Specific Use**: Nietzsche uses resentment to describe the psychological state of those who, unable to achieve their goals through strength, resort to moral condemnation of their superiors. This concept is central to his analysis of Christian morality and democratic ideals.

4. **Bad Conscience**
   - **Reason for Selection**: Bad conscience is a crucial concept in Nietzsche’s genealogy of morality. It explains the psychological origins of guilt and moral responsibility.
   - **Specific Use**: Nietzsche argues that bad conscience arises from the internalization of societal constraints and the repression of natural instincts. This concept is used to critique the moral systems that rely on guilt and self-denial.

5. **Overman (Übermensch)**
   - **Reason for Selection**: The Overman represents the ideal of moral responsibility beyond traditional moral frameworks. It embodies the transcendence of conventional morality.
   - **Specific Use**: Nietzsche uses the concept of the Overman to describe an individual who creates their own values and transcends the moral constraints of society. This concept is central to his vision of a higher form of moral responsibility.

6. **Eternal Recurrence**
   - **Reason for Selection**: Eternal recurrence is a metaphysical concept that has profound implications for moral responsibility. It challenges individuals to live in a way that they would willingly repeat indefinitely.
   - **Specific Use**: Nietzsche uses eternal recurrence to test the authenticity of one’s values and actions. It serves as a criterion for moral responsibility, encouraging individuals to live in a way that affirms life.

7. **Perspectivism**
   - **Reason for Selection**: Perspectivism is a key epistemological concept that influences Nietzsche’s understanding of moral responsibility. It emphasizes the relativity of moral values.
   - **Specific Use**: Nietzsche argues that all moral judgments are perspectival and reflect the interests and values of the judge. This concept is used to critique the objectivity of traditional moral systems.

8. **Decadence**
   - **Reason for Selection**: Decadence is a critical concept in Nietzsche’s analysis of moral responsibility. It describes the decline of cultural and moral values.
   - **Specific Use**: Nietzsche uses decadence to critique the moral values of modernity, particularly those that emphasize equality, pity, and self-denial. He argues that these values contribute to the decline of higher cultural forms.

9. **Noble vs. Common**
   - **Reason for Selection**: The distinction between the noble and the common is central to Nietzsche’s critique of moral responsibility. It highlights the differences in moral values between the strong and the weak.
   - **Specific Use**: Nietzsche uses this distinction to argue that the moral values of the noble are superior to those of the common, as they are based on strength, independence, and self-affirmation.

10. **Self-Overcoming**
    - **Reason for Selection**: Self-overcoming is a key concept in Nietzsche’s philosophy of moral responsibility. It emphasizes the continuous process of self-transformation and self-mastery.
    - **Specific Use**: Nietzsche uses self-overcoming to describe the process by which individuals transcend their limitations and create higher values. This concept is central to his vision of moral responsibility as a dynamic and creative process.

These concepts are central to Nietzsche’s critique of traditional moral frameworks and his vision of a higher form of moral responsibility. They provide a comprehensive framework for understanding the criteria for moral responsibility in his philosophy.",N/A,N/A,0,Query 4/5,0.00
1.0,0.95,50,0.6,🇪🇺 Mistral-API,"Here are the 10 most prominent concepts related to moral responsibility in the provided text, along with explanations of their significance and specific uses:

1. **Master-Slave Morality**
   - **Reason for Selection**: Nietzsche distinguishes between two fundamental moral systems: the morality of the strong (master morality) and the morality of the weak (slave morality). These concepts are central to his critique of traditional moral frameworks.
   - **Specific Use**: The text contrasts the noble (master) morality, which values strength, independence, and self-affirmation, with the slave morality, which emphasizes pity, humility, and equality. This dichotomy is used to critique democratic and Christian ethics.

2. **Will to Power**
   - **Reason for Selection**: Nietzsche’s concept of the will to power is a foundational idea in his philosophy, replacing traditional notions of good and evil with a dynamic, life-affirming force.
   - **Specific Use**: The text describes how the will to power drives all human actions, including moral judgments. It is used to explain the origins of moral values as expressions of power dynamics rather than objective truths.

3. **Perspectivism**
   - **Reason for Selection**: Nietzsche argues that all knowledge, including moral judgments, is perspectival, shaped by individual and cultural biases.
   - **Specific Use**: The text critiques the idea of universal moral truths, emphasizing that moral values are interpretations from specific perspectives, often reflecting the interests of dominant groups.

4. **Resentment (Resentiment)**
   - **Reason for Selection**: Resentment is a key concept in Nietzsche’s critique of slave morality, explaining how the oppressed create moral systems to justify their suffering.
   - **Specific Use**: The text describes how slave morality arises from resentment, where the weak redefine virtues like humility and pity as superior to the strength and pride of the noble.

5. **Bad Conscience**
   - **Reason for Selection**: Nietzsche explores the psychological origins of guilt and morality, arguing that bad conscience is a product of societal constraints.
   - **Specific Use**: The text discusses how the internalization of societal norms leads to self-punishment and guilt, which becomes the basis for moral systems.

6. **Overman (Übermensch)**
   - **Reason for Selection**: The Übermensch represents Nietzsche’s ideal of a self-creating individual who transcends conventional morality.
   - **Specific Use**: The text contrasts the Übermensch with the herd mentality of modern morality, advocating for individuals who create their own values beyond good and evil.

7. **Genealogy of Morals**
   - **Reason for Selection**: Nietzsche’s genealogical method examines the historical and psychological origins of moral concepts.
   - **Specific Use**: The text traces the development of moral values from their origins in power struggles, showing how concepts like ""good"" and ""evil"" evolve over time.

8. **Eternal Recurrence**
   - **Reason for Selection**: The idea of eternal recurrence challenges individuals to live authentically, as if their actions would repeat infinitely.
   - **Specific Use**: The text suggests that moral responsibility requires embracing life fully, as one would if every moment were to recur eternally.

9. **Noble vs. Common Man**
   - **Reason for Selection**: Nietzsche contrasts the noble individual, who creates values, with the common man, who follows herd morality.
   - **Specific Use**: The text critiques democratic ideals, arguing that the common man’s morality is a product of weakness and conformity.

10. **Self-Overcoming**
    - **Reason for Selection**: Self-overcoming is central to Nietzsche’s ethics, emphasizing continuous growth and self-transformation.
    - **Specific Use**: The text describes how moral responsibility involves constant self-improvement and the rejection of fixed moral codes.

These concepts are central to Nietzsche’s critique of traditional morality and his vision of a new, life-affirming ethics. They reflect his emphasis on power, perspective, and the psychological roots of moral values.",N/A,N/A,0,Query 5/5,0.00
