Temperature,Top-p,Top-k,BM25 Weight,Model,Main Answer,Input Tokens,Output Tokens,Conversation History,Progress,Elapsed Time (s)
0.5,0.1,50,0.6,🇪🇺 Mistral-API,"Here are the 10 most prominent concepts describing criteria for moral responsibility in the uploaded document, along with explanations for their selection and specific uses:

1. **Master-Slave Morality**
   - **Reason for Selection**: Nietzsche distinguishes between two fundamental moral systems: the morality of the strong (master morality) and the morality of the weak (slave morality). This dichotomy is central to his critique of traditional moral frameworks.
   - **Specific Use**: Nietzsche argues that master morality values strength, pride, and self-affirmation, while slave morality emphasizes humility, pity, and equality. This distinction is used to critique the moral values of contemporary European society, which he sees as dominated by slave morality.

2. **Will to Power**
   - **Reason for Selection**: The concept of the ""will to power"" is a foundational idea in Nietzsche’s philosophy, representing the fundamental drive behind all human actions and moral evaluations.
   - **Specific Use**: Nietzsche uses this concept to explain the origins of moral values, arguing that moral judgments are expressions of the will to power rather than objective truths. He critiques traditional morality as a tool of the weak to suppress the strong.

3. **Resentment (Ressentiment)**
   - **Reason for Selection**: Resentment is a key psychological mechanism in Nietzsche’s analysis of slave morality, explaining how the oppressed develop moral values that justify their position.
   - **Specific Use**: Nietzsche describes how the weak, unable to achieve their goals through strength, develop a morality of resentment that values humility, pity, and equality as a means of undermining the strong.

4. **Bad Conscience**
   - **Reason for Selection**: Bad conscience is a psychological concept that explains the internalization of moral constraints, particularly in the context of the development of civilization.
   - **Specific Use**: Nietzsche argues that bad conscience arises from the suppression of natural instincts, leading to a sense of guilt and the need for moral justification. This concept is used to critique the moral systems that emerge from this psychological state.

5. **Overman (Übermensch)**
   - **Reason for Selection**: The Übermensch represents Nietzsche’s ideal of a higher form of humanity that transcends traditional moral values and creates its own values.
   - **Specific Use**: Nietzsche uses the Übermensch to contrast with the herd morality of contemporary society, advocating for individuals who can create their own moral frameworks beyond good and evil.

6. **Eternal Recurrence**
   - **Reason for Selection**: The idea of eternal recurrence is a thought experiment that challenges individuals to live in such a way that they would willingly repeat their lives indefinitely.
   - **Specific Use**: Nietzsche uses this concept to test the authenticity of moral values, arguing that only those who embrace life fully, without resentment or fear, can affirm the eternal recurrence.

7. **Genealogy of Morals**
   - **Reason for Selection**: The genealogical method is Nietzsche’s approach to tracing the historical and psychological origins of moral concepts.
   - **Specific Use**: Nietzsche applies this method to critique traditional moral values, showing how they emerge from specific historical and psychological conditions rather than objective truths.

8. **Noble vs. Common Morality**
   - **Reason for Selection**: Nietzsche distinguishes between the morality of the noble (aristocratic) and the common (plebeian), highlighting the different values and psychological states associated with each.
   - **Specific Use**: He uses this distinction to critique the moral values of contemporary society, which he sees as dominated by the morality of the common, characterized by mediocrity and herd mentality.

9. **Self-Overcoming**
   - **Reason for Selection**: Self-overcoming is a process of continuous self-improvement and transcendence, central to Nietzsche’s vision of moral responsibility.
   - **Specific Use**: Nietzsche argues that moral responsibility involves the constant striving to overcome one’s current state, creating new values and transcending traditional moral constraints.

10. **Perspectivism**
    - **Reason for Selection**: Perspectivism is the idea that all knowledge and moral values are shaped by individual perspectives and interests.
    - **Specific Use**: Nietzsche uses this concept to critique the objectivity of traditional moral values, arguing that they are expressions of specific perspectives rather than universal truths.

These concepts are central to Nietzsche’s critique of traditional moral frameworks and his vision of a new, more authentic form of moral responsibility based on self-creation and the affirmation of life.",N/A,N/A,0,Query 1/5,0.00
0.5,0.32,50,0.6,🇪🇺 Mistral-API,"Here are the 10 most prominent concepts describing criteria for moral responsibility in the uploaded document, along with explanations for their selection and specific uses:

1. **Master-Slave Morality**
   - **Reason for Selection**: Nietzsche contrasts two moral systems: the ""master morality"" of the noble (aristocratic) and the ""slave morality"" of the oppressed. The former values strength, pride, and self-affirmation, while the latter emphasizes humility, pity, and equality.
   - **Specific Use**: Nietzsche critiques the dominance of slave morality in modern Europe, arguing that it suppresses individual greatness and fosters mediocrity (e.g., ""the herd"").

2. **Will to Power**
   - **Reason for Selection**: This concept is central to Nietzsche’s philosophy, representing the fundamental drive for dominance, self-overcoming, and creative expression. Moral responsibility is tied to the ability to assert one’s will over others and oneself.
   - **Specific Use**: Nietzsche argues that morality is a tool of the weak to suppress the strong, and true moral responsibility lies in embracing the will to power (e.g., ""the noble type of man regards himself as a determiner of values"").

3. **Self-Overcoming**
   - **Reason for Selection**: Moral responsibility involves the continuous self-transformation and transcendence of one’s limitations. Nietzsche sees this as a key to individual greatness.
   - **Specific Use**: He contrasts the self-overcoming of the noble (e.g., Caesar, Alcibiades) with the self-denial of the ascetic, who seeks to destroy the self rather than elevate it.

4. **Noble vs. Common**
   - **Reason for Selection**: Nietzsche distinguishes between the noble (aristocratic) and the common (plebeian) as criteria for moral evaluation. The noble creates values, while the common follows them.
   - **Specific Use**: He criticizes modern morality for elevating the common (e.g., ""the herd"") and suppressing the noble, which he sees as a sign of cultural decline.

5. **Resentment (Ressentiment)**
   - **Reason for Selection**: This concept explains how the weak (slave morality) develop moral systems out of resentment toward the strong. It undermines true moral responsibility by fostering reactivity rather than creativity.
   - **Specific Use**: Nietzsche argues that Christian morality is rooted in resentment, where the oppressed create a moral system to justify their suffering and condemn the powerful.

6. **Greatness**
   - **Reason for Selection**: Moral responsibility is tied to the cultivation of greatness, which Nietzsche defines as the ability to assert one’s will, take risks, and create new values.
   - **Specific Use**: He contrasts the greatness of figures like Goethe and Napoleon with the mediocrity of modern European morality, which he sees as a product of herd instincts.

7. **Autonomy vs. Heteronomy**
   - **Reason for Selection**: Nietzsche critiques heteronomous morality (external rules) and advocates for autonomous self-creation of values. Moral responsibility lies in the ability to determine one’s own values.
   - **Specific Use**: He criticizes Kantian morality for imposing external moral laws, arguing that true morality must be self-legislated (e.g., ""the noble man honours in himself the powerful one"").

8. **Decadence**
   - **Reason for Selection**: Nietzsche uses this term to describe the decline of moral and cultural vitality, where moral responsibility is replaced by conformity and weakness.
   - **Specific Use**: He argues that modern Europe is in a state of decadence, where the herd mentality suppresses individual greatness (e.g., ""the herd-instincts"").

9. **Eternal Recurrence**
   - **Reason for Selection**: This concept tests moral responsibility by asking whether one would willingly repeat one’s life and actions. It challenges individuals to live in a way that affirms life.
   - **Specific Use**: Nietzsche suggests that only the noble can embrace eternal recurrence, as they live authentically and affirmatively.

10. **Beyond Good and Evil**
    - **Reason for Selection**: Nietzsche’s title encapsulates his critique of traditional moral categories. Moral responsibility involves transcending conventional morality to create new values.
    - **Specific Use**: He argues that morality must be revalued beyond the binary of good and evil, as these terms are tools of the weak to suppress the strong.

These concepts collectively form Nietzsche’s framework for understanding moral responsibility, emphasizing self-creation, power, and the rejection of herd morality.",N/A,N/A,0,Query 2/5,0.00
0.5,0.55,50,0.6,🇪🇺 Mistral-API,"Here are 10 prominent concepts describing criteria for moral responsibility in the uploaded document, along with explanations of their significance and specific uses:

1. **Master-Slave Morality**
   - **Reason for Selection**: Nietzsche contrasts two moral systems—master morality (aristocratic, self-affirming) and slave morality (reactive, egalitarian). The distinction is central to his critique of traditional moral frameworks.
   - **Specific Use**: The text describes how master morality values strength and hierarchy, while slave morality emphasizes pity and equality (e.g., ""The noble type of man regards himself as a determiner of values"").

2. **Will to Power**
   - **Reason for Selection**: Nietzsche’s concept of the ""will to power"" as a fundamental drive underpins his view of moral responsibility, replacing traditional notions of altruism or duty.
   - **Specific Use**: The text argues that moral actions are expressions of power dynamics, not disinterested virtue (e.g., ""The noble man also helps the unfortunate, but not out of pity"").

3. **Self-Overcoming**
   - **Reason for Selection**: Moral responsibility is tied to the individual’s capacity for self-transformation and self-mastery, a key Nietzschean theme.
   - **Specific Use**: The text critiques passive morality and advocates for active self-overcoming (e.g., ""The surmounting of morality... the self-mounting of morality"").

4. **Resentment (Ressentiment)**
   - **Reason for Selection**: Nietzsche identifies resentment as a driving force behind slave morality, shaping moral responsibility as a reaction to powerlessness.
   - **Specific Use**: The text describes how the oppressed develop moral systems to justify their suffering (e.g., ""The slave has an unfavourable eye for the virtues of the powerful"").

5. **Perspectivism**
   - **Reason for Selection**: Moral responsibility is perspectival, not absolute, reflecting Nietzsche’s rejection of universal moral truths.
   - **Specific Use**: The text argues that moral judgments are rooted in individual or cultural perspectives (e.g., ""The moral sentiment in Europe... is as subtle, belated, diverse, sensitive, and refined"").

6. **Bad Conscience**
   - **Reason for Selection**: Nietzsche links moral responsibility to the internalization of societal constraints, leading to guilt and self-punishment.
   - **Specific Use**: The text discusses how morality becomes a tool of self-torture (e.g., ""The essential thing... is that society is not allowed to exist for its own sake"").

7. **Eternal Recurrence**
   - **Reason for Selection**: The idea of eternal recurrence tests moral responsibility by asking whether one would willingly repeat their life and choices.
   - **Specific Use**: The text implies that moral actions must be affirmed as part of an eternal cycle (e.g., ""The greatest events and thoughts... are longest in being comprehended"").

8. **Overman (Übermensch)**
   - **Reason for Selection**: The Overman represents a higher form of moral responsibility, transcending conventional ethics.
   - **Specific Use**: The text suggests that moral responsibility evolves beyond herd morality (e.g., ""The man of the future... the sole survivors"").

9. **Genealogy of Morals**
   - **Reason for Selection**: Nietzsche’s genealogical method traces the historical origins of moral concepts, revealing their contingent and power-laden nature.
   - **Specific Use**: The text critiques the origins of moral values (e.g., ""The moral sentiment in Europe... is perhaps as subtle, belated, diverse"").

10. **Noble vs. Common Morality**
    - **Reason for Selection**: Nietzsche distinguishes between the morality of the strong (noble) and the weak (common), framing moral responsibility as a function of social hierarchy.
    - **Specific Use**: The text contrasts the self-affirming ethics of the noble with the reactive ethics of the common (e.g., ""The noble type of man separates from himself the beings in whom the opposite of this exalted, proud disposition displays itself"").

These concepts are central to Nietzsche’s critique of traditional morality and his redefinition of moral responsibility as an expression of power, self-mastery, and perspectival judgment.",N/A,N/A,0,Query 3/5,0.00
0.5,0.77,50,0.6,🇪🇺 Mistral-API,"Here are the 10 most prominent concepts describing criteria for moral responsibility in the uploaded document, along with explanations of their significance and specific uses:

1. **Master-Slave Morality**
   - **Reason for Selection**: Nietzsche distinguishes between two fundamental moral systems: the morality of the strong (master morality) and the morality of the weak (slave morality). This dichotomy is central to his critique of traditional moral responsibility.
   - **Specific Use**: Nietzsche argues that master morality is based on the self-affirmation of the strong, while slave morality arises from resentment and the need for equality (e.g., ""The slave morality begins by saying 'no' to what 'good' is"" [Context: 219]).

2. **Will to Power**
   - **Reason for Selection**: The concept of the will to power is Nietzsche’s foundational principle for understanding human behavior and moral responsibility. It suggests that all actions are driven by the desire for dominance and self-overcoming.
   - **Specific Use**: Nietzsche uses this concept to critique traditional moral systems, arguing that they suppress the natural will to power (e.g., ""The power of moral prejudices has penetrated deeply into the most intellectual world"" [Context: 23]).

3. **Resentment (Ressentiment)**
   - **Reason for Selection**: Resentment is a key psychological mechanism in slave morality, where the weak react to their oppression by inverting values and creating moral systems that condemn strength.
   - **Specific Use**: Nietzsche describes how slave morality arises from the resentment of the oppressed, leading to a moral system that values humility and equality (e.g., ""The slave morality begins by saying 'no' to what 'good' is"" [Context: 219]).

4. **Self-Overcoming**
   - **Reason for Selection**: Self-overcoming is the process by which individuals transcend their current limitations and create new values, embodying moral responsibility through continuous growth.
   - **Specific Use**: Nietzsche emphasizes the importance of self-overcoming as a means of creating one’s own values, contrasting it with the passive acceptance of traditional morality (e.g., ""The surmounting of morality, in a certain sense even the self-mounting of morality"" [Context: 259]).

5. **Noble vs. Common**
   - **Reason for Selection**: Nietzsche distinguishes between the noble (those who create values) and the common (those who follow inherited values), highlighting the moral responsibility of the former to shape culture.
   - **Specific Use**: He argues that the noble individual is responsible for creating values, while the common individual merely follows them (e.g., ""The noble type of man regards himself as a determiner of values"" [Context: 258]).

6. **Perspectivism**
   - **Reason for Selection**: Perspectivism asserts that all knowledge and morality are interpretations from a particular perspective, emphasizing the moral responsibility of individuals to recognize and challenge dominant viewpoints.
   - **Specific Use**: Nietzsche critiques the idea of objective morality, arguing that all moral systems are perspectival (e.g., ""There are no moral phenomena, but only a moral interpretation of phenomena"" [Context: 108]).

7. **Eternal Recurrence**
   - **Reason for Selection**: The idea of eternal recurrence challenges individuals to live in a way that they would willingly repeat forever, emphasizing moral responsibility in the face of life’s cyclical nature.
   - **Specific Use**: Nietzsche uses this concept to test the authenticity of one’s values, asking whether they are worthy of eternal affirmation (e.g., ""The greatest weight... What, if some day or night a demon were to steal after you into your loneliest loneliness"" [Context: 341]).

8. **Bad Conscience**
   - **Reason for Selection**: Bad conscience arises from the internalization of societal norms, creating a sense of guilt and moral responsibility that Nietzsche critiques as a form of self-torture.
   - **Specific Use**: He argues that bad conscience is a product of the suppression of natural instincts, leading to a pathological state (e.g., ""Bad conscience is an illness that man was bound to contract"" [Context: 168]).

9. **Overman (Übermensch)**
   - **Reason for Selection**: The Overman represents the ideal of self-creation and moral responsibility, transcending traditional human limitations to create new values.
   - **Specific Use**: Nietzsche envisions the Overman as the future of humanity, embodying the will to power and self-overcoming (e.g., ""Man is a rope stretched between the animal and the Overman"" [Context: 41]).

10. **Genealogy of Morals**
    - **Reason for Selection**: The genealogical method examines the historical origins of moral concepts, revealing the power dynamics and psychological mechanisms behind them, thus critiquing moral responsibility as a product of cultural conditioning.
    - **Specific Use**: Nietzsche uses this method to trace the origins of moral concepts like ""good"" and ""evil,"" showing how they are rooted in power struggles (e.g., ""The history of an earlier concept becomes at last the history of a prejudice"" [Context: 268]).

These concepts are central to Nietzsche’s critique of traditional moral responsibility, emphasizing the need for individuals to create their own values and overcome inherited moral systems.",N/A,N/A,0,Query 4/5,0.00
0.5,0.99,50,0.6,🇪🇺 Mistral-API,"Here are the 10 most prominent concepts describing criteria for moral responsibility in the uploaded document, along with explanations of their significance and specific uses:

1. **Master-Slave Morality**
   - **Reason for Selection**: Nietzsche distinguishes between two fundamental moral systems: *master morality* (aristocratic, based on strength and self-affirmation) and *slave morality* (based on resentment and equality). These concepts are central to his critique of traditional moral frameworks.
   - **Specific Use**: Nietzsche argues that slave morality arises from the oppressed, who invert values to glorify humility and pity, while master morality reflects the natural dominance of the strong (e.g., ""The noble type of man regards himself as a determiner of values"").

2. **Will to Power**
   - **Reason for Selection**: This concept is foundational to Nietzsche’s philosophy, framing moral responsibility as an expression of power dynamics rather than abstract ethics.
   - **Specific Use**: Nietzsche critiques traditional morality as a tool of the weak to suppress the strong, arguing that true moral responsibility stems from the will to power (e.g., ""The power of moral prejudices has penetrated deeply into the most intellectual world"").

3. **Resentment (Ressentiment)**
   - **Reason for Selection**: Resentment is the psychological basis of slave morality, shaping moral responsibility as a reaction to powerlessness.
   - **Specific Use**: Nietzsche describes how the oppressed develop morality as a form of revenge, valuing humility and pity to undermine the strong (e.g., ""The slave has an unfavourable eye for the virtues of the powerful"").

4. **Self-Overcoming**
   - **Reason for Selection**: Moral responsibility is tied to the individual’s ability to transcend conventional values and create new ones.
   - **Specific Use**: Nietzsche emphasizes the need for individuals to surpass inherited moral systems, as seen in the concept of the *Übermensch* (e.g., ""The surmounting of morality, in a certain sense even the self-mounting of morality"").

5. **Perspectivism**
   - **Reason for Selection**: Moral responsibility is not absolute but depends on perspective, reflecting the diversity of human experiences.
   - **Specific Use**: Nietzsche argues that moral judgments are expressions of power, not universal truths (e.g., ""All psychology hitherto has run aground on moral prejudices"").

6. **Bad Conscience**
   - **Reason for Selection**: This concept explains how moral responsibility is shaped by internalized guilt and repression.
   - **Specific Use**: Nietzsche traces the origins of morality to the suppression of natural instincts, leading to a culture of guilt (e.g., ""The essential thing, however, in a good and healthy aristocracy is that it should not regard itself as a function"").

7. **Eternal Recurrence**
   - **Reason for Selection**: Moral responsibility is linked to the idea of affirming life in its entirety, including suffering and struggle.
   - **Specific Use**: Nietzsche posits that true moral responsibility involves embracing life’s cyclical nature (e.g., ""The surmounting of morality, in a certain sense even the self-mounting of morality"").

8. **Decadence**
   - **Reason for Selection**: Moral responsibility is undermined by cultural and psychological decay, which Nietzsche associates with slave morality.
   - **Specific Use**: He critiques modern morality as a symptom of decadence, where the weak dominate through pity and equality (e.g., ""The lofty independent spirituality, the will to stand alone, and even the cogent reason, are felt to be dangers"").

9. **Noble vs. Common Man**
   - **Reason for Selection**: Moral responsibility is differentiated based on the capacity for self-determination and creativity.
   - **Specific Use**: Nietzsche contrasts the noble individual, who creates values, with the common man, who follows herd morality (e.g., ""The noble man honours in himself the powerful one, him also who has power over himself"").

10. **Genealogy of Morals**
    - **Reason for Selection**: Nietzsche’s method of tracing moral concepts to their historical and psychological origins is central to his critique of moral responsibility.
    - **Specific Use**: He exposes the origins of morality in power struggles, showing how concepts like ""good"" and ""evil"" are constructed (e.g., ""The moral (or immoral) purpose in every philosophy has constituted the true vital germ out of which the entire plant has always grown"").

These concepts collectively form the backbone of Nietzsche’s critique of traditional morality, emphasizing power, self-creation, and the rejection of universal ethical systems.",N/A,N/A,0,Query 5/5,0.00
