Temperature,Top-p,Top-k,BM25 Weight,Model,Main Answer,Input Tokens,Output Tokens,Conversation History,Progress,Elapsed Time (s)
0.5,0.95,1,0.6,🇪🇺 Mistral-API,"Here are ten prominent concepts describing criteria for moral responsibility in the uploaded document, along with explanations of their significance and specific uses:

1. **Master-Slave Morality (Herr-Morality and Sklaven-Morality)**
   - **Reason for Selection**: Nietzsche distinguishes between two fundamental moral systems: the morality of the strong (master morality) and the morality of the weak (slave morality). Master morality values strength, nobility, and self-affirmation, while slave morality emphasizes humility, pity, and equality.
   - **Specific Use**: Nietzsche critiques the dominance of slave morality in modern Europe, arguing that it undermines individual greatness and fosters mediocrity (e.g., ""The lofty independent spirituality, the will to stand alone, and even the cogent reason, are felt to be dangers"").

2. **Will to Power**
   - **Reason for Selection**: Nietzsche posits that the fundamental drive of all life is the will to power, which shapes moral values. Moral responsibility is tied to the ability to assert and exercise power.
   - **Specific Use**: ""The power of moral prejudices has penetrated deeply into the most intellectual world... the desire for 'freedom of will'... involves nothing less than to be precisely this CAUSA SUI.""

3. **Self-Overcoming (Selbstüberwindung)**
   - **Reason for Selection**: Moral responsibility involves the continuous self-overcoming of one's own limitations and the creation of new values.
   - **Specific Use**: ""The surmounting of morality, in a certain sense even the self-mounting of morality... the long-secret labour which has been reserved for the most refined, the most upright, and also the most wicked consciences of today.""

4. **Noble vs. Common Man**
   - **Reason for Selection**: Nietzsche contrasts the noble man, who creates values, with the common man, who follows herd morality. Moral responsibility is tied to the ability to create and uphold higher values.
   - **Specific Use**: ""The noble type of man separates from himself the beings in whom the opposite of this exalted, proud disposition displays itself he despises them.""

5. **Resentment (Ressentiment)**
   - **Reason for Selection**: Resentment is a key driver of slave morality, leading to a reactive and morally inferior stance. Moral responsibility involves overcoming resentment.
   - **Specific Use**: ""The slave morality begins by saying No to what 'they' say Yes to; this No is its creative deed.""

6. **Bad Conscience (Schlechtes Gewissen)**
   - **Reason for Selection**: Bad conscience arises from the internalization of societal norms and the suppression of natural instincts. Moral responsibility involves confronting and overcoming this bad conscience.
   - **Specific Use**: ""Bad conscience is an illness that man was bound to contract, the deep sickness to which man was fatefully disposed, his involvement in an insidious, perhaps incurable, but by no means uninteresting disease.""

7. **Eternal Recurrence (Ewige Wiederkunft)**
   - **Reason for Selection**: The idea of eternal recurrence challenges individuals to live in a way that they would willingly repeat their actions, emphasizing moral responsibility for one's choices.
   - **Specific Use**: ""What, if some day or night a demon were to steal after you into your loneliest loneliness and say to you, 'This life as you now live it and have lived it, you will have to live once more and innumerable times more.'""

8. **Beyond Good and Evil**
   - **Reason for Selection**: Nietzsche argues for a morality beyond traditional good and evil, emphasizing the creation of new values. Moral responsibility involves transcending conventional moral frameworks.
   - **Specific Use**: ""The overman is the meaning of the earth. Let your will say: The overman shall be the meaning of the earth!""

9. **Genealogy of Morals (Genealogie der Moral)**
   - **Reason for Selection**: Nietzsche's genealogical method traces the historical and psychological origins of moral concepts, revealing their contingent and often oppressive nature. Moral responsibility involves understanding and critiquing these origins.
   - **Specific Use**: ""The moral (or immoral) purpose in every philosophy has constituted the true vital germ out of which the entire plant has always grown.""

10. **Amor Fati (Love of Fate)**
    - **Reason for Selection**: Amor fati involves embracing one's fate and taking responsibility for one's life and actions. It is a key aspect of Nietzsche's moral philosophy.
    - **Specific Use**: ""My formula for greatness in a human being is amor fati: that one wants nothing to be different, not forward, not backward, not in all eternity.""

These concepts are central to Nietzsche's critique of traditional morality and his vision of a higher, more responsible form of moral existence. They reflect his emphasis on individual creativity, self-overcoming, and the rejection of herd morality.",N/A,N/A,0,Query 1/5,0.00
0.5,0.95,25,0.6,🇪🇺 Mistral-API,"Here are the 10 most prominent concepts describing criteria for moral responsibility in the uploaded document, along with explanations of their significance and specific uses:

1. **Master-Slave Morality (Herrenmoral vs. Sklavenmoral)**
   - **Reason for Selection**: Nietzsche distinguishes between two fundamental moral systems: the ""master morality"" of the strong and noble, and the ""slave morality"" of the weak and oppressed. This dichotomy is central to his critique of traditional moral values.
   - **Specific Use**: The text contrasts the noble's self-affirmation (""good = noble"") with the slave's resentment (""good = useful, humble""). The slave morality is described as a reaction to the master's dominance, inverting values to elevate the weak (e.g., ""evil"" becomes the master's strength).

2. **Will to Power (Wille zur Macht)**
   - **Reason for Selection**: Nietzsche posits the ""will to power"" as the fundamental drive behind all human action, including moral judgments. It challenges the traditional view of morality as altruistic or selfless.
   - **Specific Use**: The text argues that even acts of ""selflessness"" or ""sympathy"" are expressions of the will to power, as they serve to dominate or control others. For example, slave morality's emphasis on pity is seen as a way to assert power over the strong.

3. **Resentment (Ressentiment)**
   - **Reason for Selection**: Resentment is the psychological mechanism behind slave morality, where the weak react to their powerlessness with moral condemnation of the strong.
   - **Specific Use**: The text describes how the oppressed create moral systems to devalue the noble's strength (e.g., calling it ""evil"") and elevate their own virtues (e.g., humility, pity). This is seen in the slave's moral inversion of values.

4. **Bad Conscience (Schlechtes Gewissen)**
   - **Reason for Selection**: Bad conscience arises from the internalization of societal constraints, particularly in the transition from animalistic freedom to civilized repression.
   - **Specific Use**: The text explains how the domestication of humans (e.g., through religion and morality) leads to self-torture and guilt. This is exemplified by the ascetic ideal, where self-denial is glorified as moral virtue.

5. **Ascetic Ideal (Askese)**
   - **Reason for Selection**: The ascetic ideal represents the self-destructive impulse in morality, where suffering is valorized as a path to spiritual purity.
   - **Specific Use**: The text critiques Christianity and other ascetic traditions for promoting self-denial and guilt as moral virtues. This is seen as a form of bad conscience turned inward.

6. **Moral Inversion (Umwertung der Werte)**
   - **Reason for Selection**: Moral inversion refers to the reversal of values, where the weak redefine ""good"" and ""evil"" to suit their interests.
   - **Specific Use**: The text describes how slave morality inverts the noble's values, turning strength into ""evil"" and weakness into ""good."" This is a key mechanism in the slave revolt in morality.

7. **Overman (Übermensch)**
   - **Reason for Selection**: The Overman represents the ideal of self-overcoming, transcending traditional moral constraints to create new values.
   - **Specific Use**: The text contrasts the Overman with the herd mentality of slave morality, advocating for individuals who create their own moral systems beyond good and evil.

8. **Eternal Recurrence (Ewige Wiederkunft)**
   - **Reason for Selection**: Eternal recurrence is a thought experiment to test the value of one's life and actions, asking whether one would willingly repeat them forever.
   - **Specific Use**: The text suggests that only the Overman can affirm life unconditionally, embracing both joy and suffering. This challenges the slave morality's focus on escape or transcendence.

9. **Genealogy of Morals (Genealogie der Moral)**
   - **Reason for Selection**: Genealogy is Nietzsche's method of tracing the historical and psychological origins of moral concepts to expose their contingent and often oppressive nature.
   - **Specific Use**: The text applies genealogy to show how concepts like ""good"" and ""evil"" emerged from power struggles, not from universal truths. For example, it traces the origins of Christian morality to the slave revolt.

10. **Perspectivism (Perspektivismus)**
    - **Reason for Selection**: Perspectivism holds that all knowledge and morality are interpretations from a particular perspective, not absolute truths.
    - **Specific Use**: The text argues that moral judgments are always tied to the interests of the judging party (e.g., the noble vs. the slave). This undermines claims to objective morality.

These concepts are central to Nietzsche's critique of traditional morality and his revaluation of values. They highlight the role of power, psychology, and history in shaping moral responsibility.",N/A,N/A,0,Query 2/5,0.00
0.5,0.95,50,0.6,🇪🇺 Mistral-API,"Here are the 10 most prominent concepts describing criteria for moral responsibility in the uploaded document, along with explanations of their significance and specific uses:

1. **Master-Slave Morality**
   - *Reason for Selection*: Nietzsche distinguishes between two fundamental moral systems: the morality of the strong (master morality) and the morality of the weak (slave morality). This dichotomy is central to his critique of traditional moral frameworks.
   - *Specific Use*: ""The noble type of man regards himself as a determiner of values; he does not require to be approved of; he passes the judgment: 'What is injurious to me is injurious in itself'"" (p. 23).

2. **Will to Power**
   - *Reason for Selection*: Nietzsche’s concept of the ""will to power"" is foundational to his understanding of human motivation and moral responsibility. It challenges the traditional moral emphasis on altruism and selflessness.
   - *Specific Use*: ""The power of moral prejudices has penetrated deeply into the most intellectual world... the desire for 'freedom of will'... involves nothing less than to be precisely this CAUSA SUI"" (p. 23).

3. **Self-Overcoming**
   - *Reason for Selection*: Nietzsche emphasizes the importance of self-overcoming as a moral ideal, where individuals must continually challenge and transcend their own limitations.
   - *Specific Use*: ""The surmounting of morality, in a certain sense even the self-mounting of morality—let that be the name for the long-secret labor which has been reserved for the most refined, the most upright, and also the most wicked consciences of today"" (p. 23).

4. **Resentment (Resentiment)**
   - *Reason for Selection*: Resentment is a key concept in Nietzsche’s critique of slave morality, representing the reactive and vengeful attitudes of the oppressed.
   - *Specific Use*: ""The slave morality begins by reacting against the 'good' and 'noble' sentiments of the masters with a feeling of resentment"" (p. 23).

5. **Perspectivism**
   - *Reason for Selection*: Nietzsche’s perspectivism argues that all knowledge and moral judgments are perspectives, not absolute truths. This challenges the objectivity of traditional moral systems.
   - *Specific Use*: ""There are no moral phenomena, but only a moral interpretation of phenomena"" (p. 23).

6. **Eternal Recurrence**
   - *Reason for Selection*: The idea of eternal recurrence is a test of moral responsibility, where individuals must live in such a way that they would willingly repeat their lives indefinitely.
   - *Specific Use*: ""The greatest events and thoughts—the greatest thoughts, however, are the greatest events—are longest in being comprehended"" (p. 23).

7. **Bad Conscience**
   - *Reason for Selection*: Bad conscience represents the internalization of societal norms and the suppression of natural instincts, leading to guilt and moral conflict.
   - *Specific Use*: ""The criminal is often enough not equal to his deed: he extenuates and maligns it"" (p. 23).

8. **Overman (Übermensch)**
   - *Reason for Selection*: The Overman represents the ideal of moral responsibility beyond traditional good and evil, embodying self-mastery and creative potential.
   - *Specific Use*: ""The man of the future, whom we Europeans call the Overman... will have to overcome man in himself"" (p. 23).

9. **Genealogy of Morals**
   - *Reason for Selection*: Nietzsche’s genealogical method traces the historical and psychological origins of moral concepts, revealing their contingent and often oppressive nature.
   - *Specific Use*: ""The moral sentiment in Europe at present is perhaps as subtle, belated, diverse, sensitive, and refined as the 'Science of Morals' belonging thereto is recent, initial, awkward, and coarse-fingered"" (p. 23).

10. **Amor Fati**
    - *Reason for Selection*: Amor fati, or love of fate, is a moral attitude that embraces life’s challenges and suffering as necessary for growth and self-mastery.
    - *Specific Use*: ""The surmounting of morality, in a certain sense even the self-mounting of morality—let that be the name for the long-secret labor which has been reserved for the most refined, the most upright, and also the most wicked consciences of today"" (p. 23).

These concepts collectively form the backbone of Nietzsche’s critique of traditional morality and his alternative vision of moral responsibility based on self-mastery, creativity, and the affirmation of life.",N/A,N/A,0,Query 3/5,0.00
0.5,0.95,75,0.6,🇪🇺 Mistral-API,"Here are the 10 most prominent concepts describing criteria for moral responsibility in the provided document, along with explanations of their significance and specific uses:

1. **Master-Slave Morality (Herr-Moral vs. Sklavenmoral)**
   - *Reason for Selection*: Nietzsche distinguishes between two fundamental moral systems: the ""master morality"" of the strong, which values strength, pride, and self-affirmation, and the ""slave morality"" of the weak, which emphasizes humility, pity, and equality. This dichotomy is central to his critique of traditional moral systems.
   - *Specific Use*: Nietzsche argues that slave morality arises from resentment and a desire for revenge against the strong, leading to a moral inversion where the virtues of the weak (e.g., humility, pity) are elevated over the virtues of the strong (e.g., pride, dominance).

2. **Will to Power (Wille zur Macht)**
   - *Reason for Selection*: The concept of the will to power is Nietzsche’s foundational principle, suggesting that all actions are driven by a fundamental drive for dominance and self-assertion. This challenges traditional notions of moral responsibility based on altruism or duty.
   - *Specific Use*: Nietzsche uses this concept to critique moral systems that prioritize selflessness or equality, arguing that these are merely expressions of the will to power in disguise.

3. **Resentment (Ressentiment)**
   - *Reason for Selection*: Resentment is a key psychological mechanism in Nietzsche’s analysis of slave morality. It explains how the weak justify their moral values as a form of revenge against the strong.
   - *Specific Use*: Nietzsche describes how resentment leads to the creation of moral systems that valorize suffering and humility as virtues, thereby undermining the natural hierarchy of strength.

4. **Perspectivism**
   - *Reason for Selection*: Nietzsche’s perspectivism asserts that all knowledge and moral values are interpretations from a particular perspective, rather than objective truths. This undermines the idea of universal moral responsibility.
   - *Specific Use*: Nietzsche argues that moral judgments are always made from a specific standpoint, influenced by the interests and biases of the judge, and thus cannot claim universal validity.

5. **Eternal Recurrence (Ewige Wiederkunft)**
   - *Reason for Selection*: The idea of eternal recurrence challenges the notion of moral responsibility by suggesting that all actions are part of an infinite cycle, making moral judgment futile.
   - *Specific Use*: Nietzsche uses this concept to argue that moral responsibility is an illusion, as all actions are destined to repeat themselves, rendering moral judgment meaningless.

6. **Overman (Übermensch)**
   - *Reason for Selection*: The Overman represents Nietzsche’s ideal of a self-creating individual who transcends traditional moral constraints. This concept challenges the very idea of moral responsibility as a collective or universal obligation.
   - *Specific Use*: Nietzsche contrasts the Overman with the ""last man,"" who is content with mediocrity and herd morality, emphasizing the need for individuals to create their own values.

7. **Bad Conscience (Böses Gewissen)**
   - *Reason for Selection*: Bad conscience is a psychological state that arises from the internalization of societal moral norms, leading to guilt and self-punishment. Nietzsche critiques this as a form of self-torture.
   - *Specific Use*: Nietzsche argues that bad conscience is a product of slave morality, where individuals internalize the values of the weak and punish themselves for natural instincts.

8. **Genealogy of Morals (Genealogie der Moral)**
   - *Reason for Selection*: Nietzsche’s genealogical method traces the historical and psychological origins of moral concepts, revealing their contingent and often pathological nature.
   - *Specific Use*: Nietzsche uses this method to show how moral concepts like ""good"" and ""evil"" are not based on objective truths but are products of historical power struggles.

9. **Decadence**
   - *Reason for Selection*: Decadence refers to the decline of cultural and moral values, often associated with the rise of slave morality and the weakening of the will to power.
   - *Specific Use*: Nietzsche critiques modern morality as a symptom of decadence, where the values of the weak (e.g., equality, pity) dominate over the values of the strong.

10. **Amor Fati**
    - *Reason for Selection*: Amor fati, or love of fate, is Nietzsche’s ethical ideal, where individuals embrace their destiny without resentment or moral judgment.
    - *Specific Use*: Nietzsche contrasts amor fati with traditional moral systems that seek to impose external values, arguing that true moral responsibility lies in self-creation and acceptance of one’s fate.

These concepts collectively form Nietzsche’s critique of traditional moral responsibility, emphasizing the contingent, perspectival, and power-driven nature of moral values.",N/A,N/A,0,Query 4/5,0.00
0.5,0.95,100,0.6,🇪🇺 Mistral-API,"Here are the 10 most prominent concepts describing criteria for moral responsibility in the uploaded document, along with explanations of their significance and specific uses:

1. **Master-Morality vs. Slave-Morality**
   - *Reason for Selection*: Nietzsche distinguishes between two fundamental moral systems: master-morality (noble morality) and slave-morality (herd morality). Master-morality is characterized by self-affirmation, strength, and the creation of values, while slave-morality arises from resentment and the need for equality.
   - *Specific Use*: Nietzsche critiques the dominance of slave-morality in modern Europe, arguing that it undermines individual greatness and fosters mediocrity (e.g., ""The lofty independent spirituality, the will to stand alone, and even the cogent reason, are felt to be dangers"").

2. **Will to Power**
   - *Reason for Selection*: The concept of the ""Will to Power"" is central to Nietzsche’s philosophy, as it underpins his critique of traditional morality and his understanding of human behavior. Moral responsibility is tied to the ability to assert one’s will and create values.
   - *Specific Use*: Nietzsche argues that morality is not about altruism but about the expression of power: ""The noble type of man regards himself as a determiner of values; he does not require to be approved of; he passes the judgment: 'What is injurious to me is injurious in itself.'""

3. **Self-Overcoming**
   - *Reason for Selection*: Nietzsche emphasizes the importance of self-overcoming as a criterion for moral responsibility. True moral greatness involves the continuous transcendence of one’s limitations and the creation of new values.
   - *Specific Use*: He contrasts this with the passive acceptance of herd morality: ""The man of an age of dissolution which mixes the races with one another... will, on an average, be a weak man.""

4. **Resentment (Ressentiment)**
   - *Reason for Selection*: Resentment is a key criterion for distinguishing between slave-morality and master-morality. Slave-morality is rooted in resentment against the strong, while master-morality is free from such reactive emotions.
   - *Specific Use*: Nietzsche describes how slave-morality arises from the ""unfavourable eye for the virtues of the powerful"" and the ""skepticism and distrust"" of the weak.

5. **Greatness**
   - *Reason for Selection*: Nietzsche’s concept of greatness is tied to moral responsibility, as it involves the ability to create values and assert one’s will. Greatness is not about moralistic goodness but about the capacity for self-determination.
   - *Specific Use*: He argues that greatness requires ""the sternness of ruling glance and contemning look, the feeling of separation from the multitude with their duties and virtues.""

6. **Autonomy vs. Heteronomy**
   - *Reason for Selection*: Nietzsche contrasts autonomous moral agents (who create their own values) with heteronomous ones (who follow external moral codes). Moral responsibility is tied to the ability to be self-determining.
   - *Specific Use*: He critiques the ""moral hypocrisy of the commanding class"" who justify their actions through external moralities rather than their own will.

7. **Perspectivism**
   - *Reason for Selection*: Nietzsche’s perspectivism argues that all moral judgments are perspectives shaped by power dynamics. Moral responsibility involves recognizing and asserting one’s own perspective rather than submitting to universal moral claims.
   - *Specific Use*: He states that ""all systems of morals are only a sign-language of the emotions,"" emphasizing the subjective and power-laden nature of moral judgments.

8. **Eternal Recurrence**
   - *Reason for Selection*: The idea of eternal recurrence is a test of moral responsibility, as it asks whether one would willingly repeat one’s life and actions. This concept challenges individuals to live in a way that affirms life.
   - *Specific Use*: Nietzsche suggests that moral responsibility involves the courage to affirm one’s life and actions, even in the face of suffering.

9. **Overman (Übermensch)**
   - *Reason for Selection*: The Overman represents the ideal of moral responsibility, as someone who transcends traditional morality and creates their own values. This concept embodies the highest form of self-determination and moral agency.
   - *Specific Use*: Nietzsche describes the Overman as someone who ""creates values"" and is ""beyond good and evil.""

10. **Decadence**
   - *Reason for Selection*: Decadence is a criterion for moral irresponsibility, as it represents the decline of the will to power and the submission to herd morality. Nietzsche sees decadence as a moral failing.
   - *Specific Use*: He argues that ""the greatest events and thoughts... are longest in being comprehended,"" implying that moral responsibility requires the strength to resist decadence.

These concepts are central to Nietzsche’s critique of traditional morality and his vision of a higher form of moral responsibility based on self-creation, power, and autonomy.",N/A,N/A,0,Query 5/5,0.00
