Temperature,Top-p,Top-k,BM25 Weight,Model,Main Answer,Input Tokens,Output Tokens,Conversation History,Progress,Elapsed Time (s)
0.5,0.95,50,0.0,🇪🇺 Mistral-API,"Here are the 10 most prominent concepts describing criteria for moral responsibility in the uploaded document, along with explanations of their significance and specific uses:

1. **Master-Slave Morality**
   - **Reason for Selection**: Nietzsche distinguishes between two fundamental moral systems: master morality (noble morality) and slave morality. Master morality is based on strength, self-affirmation, and the creation of values, while slave morality arises from resentment and the inversion of values by the oppressed.
   - **Specific Use**: Nietzsche critiques the dominance of slave morality in modern Europe, arguing that it undermines individual greatness and promotes mediocrity (e.g., ""The lofty independent spirituality, the will to stand alone, and even the cogent reason, are felt to be dangers"" [220]).

2. **Will to Power**
   - **Reason for Selection**: The concept of the will to power is central to Nietzsche’s philosophy and serves as a criterion for moral responsibility. It emphasizes the drive for dominance, self-overcoming, and the creation of values.
   - **Specific Use**: Nietzsche argues that moral responsibility is tied to the ability to assert one’s will to power, as seen in the noble soul’s self-affirmation and the rejection of herd morality (e.g., ""The noble soul has reverence for itself"" [288]).

3. **Self-Overcoming**
   - **Reason for Selection**: Self-overcoming is a key criterion for moral responsibility, as it involves the continuous striving for growth, transformation, and the rejection of stagnation.
   - **Specific Use**: Nietzsche emphasizes the importance of self-overcoming in the creation of higher values and the rejection of fixed moral systems (e.g., ""The surmounting of morality, in a certain sense even the self-mounting of morality"" [219]).

4. **Resentment (Ressentiment)**
   - **Reason for Selection**: Resentment is a criterion for moral responsibility in slave morality, as it leads to the inversion of values and the promotion of weakness and mediocrity.
   - **Specific Use**: Nietzsche critiques the role of resentment in the development of slave morality, which seeks to undermine the strong and elevate the weak (e.g., ""The slave morality begins by saying No to what is 'outside,' to what is 'different'"" [202]).

5. **Noble vs. Common Man**
   - **Reason for Selection**: The distinction between the noble and the common man is a criterion for moral responsibility, as it highlights the differences in values, aspirations, and moral frameworks.
   - **Specific Use**: Nietzsche argues that the noble man creates values based on strength and self-affirmation, while the common man adheres to herd morality (e.g., ""The noble type of man regards himself as a determiner of values"" [23]).

6. **Moral Hypocrisy**
   - **Reason for Selection**: Moral hypocrisy is a criterion for moral responsibility, as it involves the concealment of true motives and the adoption of false moral postures.
   - **Specific Use**: Nietzsche critiques the moral hypocrisy of the commanding class, which justifies its actions through appeals to higher authorities (e.g., ""The moral hypocrisy of the commanding class"" [220]).

7. **Gradations of Rank**
   - **Reason for Selection**: The concept of gradations of rank is a criterion for moral responsibility, as it emphasizes the hierarchical nature of values and the recognition of differences in moral worth.
   - **Specific Use**: Nietzsche argues that moral responsibility involves the recognition of gradations of rank, as seen in the noble soul’s self-affirmation and the rejection of egalitarianism (e.g., ""The ability and obligation to exercise prolonged gratitude and prolonged revenge"" [23]).

8. **Autonomy vs. Heteronomy**
   - **Reason for Selection**: The distinction between autonomy (self-legislation) and heteronomy (external imposition) is a criterion for moral responsibility, as it highlights the importance of self-determination in moral judgment.
   - **Specific Use**: Nietzsche critiques the heteronomy of slave morality, which imposes external values on individuals, and advocates for the autonomy of the noble soul (e.g., ""The noble soul has reverence for itself"" [288]).

9. **Moral Decay**
   - **Reason for Selection**: Moral decay is a criterion for moral responsibility, as it involves the deterioration of values and the loss of moral integrity.
   - **Specific Use**: Nietzsche argues that moral decay is a result of the dominance of slave morality and the rejection of noble values (e.g., ""The lofty independent spirituality, the will to stand alone, and even the cogent reason, are felt to be dangers"" [220]).

10. **Moral Responsibility as Creation of Values**
    - **Reason for Selection**: The creation of values is a criterion for moral responsibility, as it emphasizes the active role of individuals in shaping their own moral frameworks.
    - **Specific Use**: Nietzsche argues that moral responsibility involves the creation of values based on strength, self-affirmation, and the rejection of fixed moral systems (e.g., ""The noble type of man regards himself as a determiner of values"" [23]).

These concepts are central to Nietzsche’s critique of traditional morality and his redefinition of moral responsibility as an active, creative process rooted in the will to power and self-overcoming.",N/A,N/A,0,Query 1/5,0.00
0.5,0.95,50,0.25,🇪🇺 Mistral-API,"Here are the 10 most prominent concepts describing criteria for moral responsibility in the uploaded document, along with explanations of their significance and specific uses:

1. **Master-Slave Morality**
   - *Reason for Selection*: Nietzsche distinguishes between two fundamental moral systems: the morality of the strong (master morality) and the morality of the weak (slave morality). The former values strength, nobility, and self-affirmation, while the latter emphasizes humility, pity, and equality. This dichotomy is central to understanding moral responsibility in Nietzsche's philosophy.
   - *Specific Use*: ""The noble type of man regards himself as a determiner of values; he does not require to be approved of; he passes the judgment: 'What is injurious to me is injurious in itself'"" (p. 219).

2. **Will to Power**
   - *Reason for Selection*: The concept of the will to power is foundational to Nietzsche's ethics. It suggests that all actions are driven by a fundamental drive for dominance and self-assertion, which shapes moral responsibility.
   - *Specific Use*: ""The power of moral prejudices has penetrated deeply into the most intellectual world... the desire for 'freedom of will' in the superlative, metaphysical sense... involves nothing less than to be precisely this *Causa Sui*"" (p. 23).

3. **Perspectivism**
   - *Reason for Selection*: Nietzsche argues that moral judgments are not objective but are always made from a particular perspective. This challenges traditional notions of moral responsibility by emphasizing the subjective nature of ethical evaluations.
   - *Specific Use*: ""There is no such thing as moral phenomena, but only a moral interpretation of phenomena"" (p. 108).

4. **Self-Overcoming**
   - *Reason for Selection*: Nietzsche's idea of self-overcoming involves the continuous process of transcending one's current state to achieve higher moral and spiritual goals. This concept is crucial for understanding moral responsibility as an ongoing, dynamic process.
   - *Specific Use*: ""The surmounting of morality, in a certain sense even the self-mounting of morality—let that be the name for the long-secret labour which has been reserved for the most refined, the most upright, and also the most wicked consciences of today"" (p. 214).

5. **Eternal Recurrence**
   - *Reason for Selection*: The doctrine of eternal recurrence posits that one must live life in such a way that one would willingly repeat every moment for eternity. This idea underscores the importance of moral responsibility in shaping one's existence.
   - *Specific Use*: ""The greatest events and thoughts—... are longest in being comprehended: the generations which are contemporary with them do not experience such events"" (p. 285).

6. **Bad Conscience**
   - *Reason for Selection*: Nietzsche explores the psychological origins of moral responsibility, particularly the concept of bad conscience, which arises from the internalization of societal norms and the suppression of natural instincts.
   - *Specific Use*: ""The criminal is often enough not equal to his deed: he extenuates and maligns it"" (p. 109).

7. **Noble vs. Common Morality**
   - *Reason for Selection*: Nietzsche contrasts the morality of the noble (which values strength and individuality) with the morality of the common (which emphasizes equality and conformity). This distinction is critical for understanding different criteria for moral responsibility.
   - *Specific Use*: ""The noble and brave who think thus are the furthest removed from the morality which sees precisely in sympathy, or in acting for the good of others, or in *desinteressement*, the characteristic of the moral"" (p. 51).

8. **Genealogy of Morals**
   - *Reason for Selection*: Nietzsche's genealogical method examines the historical and psychological origins of moral concepts, revealing how they are shaped by power dynamics and cultural contexts. This approach is essential for understanding the evolution of moral responsibility.
   - *Specific Use*: ""The moral sentiment in Europe at present is perhaps as subtle, belated, diverse, sensitive, and refined, as the 'Science of Morals' belonging thereto is recent, initial, awkward, and coarse-fingered"" (p. 186).

9. **Overman (Übermensch)**
   - *Reason for Selection*: The concept of the Overman represents the ideal of a self-determined individual who transcends conventional moral norms. This figure embodies the highest form of moral responsibility by creating their own values.
   - *Specific Use*: ""The philosopher, as we free spirits understand him—as the man of the greatest responsibility, who has the conscience for the general development of mankind"" (p. 61).

10. **Decadence**
    - *Reason for Selection*: Nietzsche critiques decadence as a moral and cultural decline characterized by weakness, nihilism, and the erosion of vital instincts. Understanding decadence is crucial for identifying the criteria for moral responsibility in a healthy, life-affirming society.
    - *Specific Use*: ""The universal degeneracy of mankind to the level of the 'man of the future'—as idealized by the socialistic fools and shallow-pates—this degeneracy and dwarfing of man to an absolutely gregarious animal"" (p. 268).

These concepts collectively provide a framework for understanding Nietzsche's critique of traditional moral responsibility and his alternative vision of ethical self-determination.",N/A,N/A,0,Query 2/5,0.00
0.5,0.95,50,0.5,🇪🇺 Mistral-API,"Here are the 10 most prominent concepts describing criteria for moral responsibility in the uploaded document, along with explanations of their significance and specific uses:

1. **Master-Slave Morality**
   - **Reason for Selection**: Nietzsche distinguishes between two fundamental moral systems: the morality of the strong (master morality) and the morality of the weak (slave morality). This dichotomy is central to his critique of traditional moral frameworks.
   - **Specific Use**: Nietzsche argues that master morality values strength, nobility, and self-affirmation, while slave morality emphasizes humility, pity, and equality. This distinction is used to critique the moral values of Christianity and democracy.

2. **Will to Power**
   - **Reason for Selection**: The concept of the will to power is Nietzsche’s foundational idea, suggesting that all actions are driven by the desire for dominance and self-overcoming.
   - **Specific Use**: Nietzsche uses this concept to explain moral responsibility as an expression of one’s power and self-mastery, contrasting it with the passive morality of pity and equality.

3. **Self-Overcoming**
   - **Reason for Selection**: Nietzsche emphasizes the importance of self-overcoming as a criterion for moral responsibility, where individuals must continually challenge and transcend their limitations.
   - **Specific Use**: This concept is used to critique the static nature of traditional morality, which Nietzsche sees as stifling individual growth and creativity.

4. **Noble vs. Common Man**
   - **Reason for Selection**: Nietzsche contrasts the noble man, who creates values, with the common man, who merely follows them. This distinction is crucial for understanding his view of moral responsibility.
   - **Specific Use**: The noble man is responsible for creating new values, while the common man is responsible for upholding existing ones. This distinction is used to critique the herd mentality of modern society.

5. **Resentment (Ressentiment)**
   - **Reason for Selection**: Resentment is a key concept in Nietzsche’s critique of slave morality, where the weak seek to undermine the strong through moral condemnation.
   - **Specific Use**: Nietzsche uses this concept to explain how moral responsibility is distorted by the weak, who project their own limitations onto the strong.

6. **Bad Conscience**
   - **Reason for Selection**: Bad conscience arises from the internalization of societal norms, leading to self-punishment and guilt. This concept is central to Nietzsche’s critique of morality.
   - **Specific Use**: Nietzsche argues that bad conscience is a product of slave morality, where individuals are made to feel guilty for their natural instincts and desires.

7. **Eternal Recurrence**
   - **Reason for Selection**: The idea of eternal recurrence suggests that one should live in such a way that one would willingly repeat every moment of one’s life.
   - **Specific Use**: Nietzsche uses this concept to argue that moral responsibility involves embracing life fully, without regret or resentment.

8. **Overman (Übermensch)**
   - **Reason for Selection**: The Overman represents the ideal of self-mastery and self-creation, embodying Nietzsche’s vision of moral responsibility.
   - **Specific Use**: The Overman is responsible for creating new values and transcending the limitations of traditional morality.

9. **Perspectivism**
   - **Reason for Selection**: Perspectivism holds that all knowledge and values are interpretations from a particular perspective, challenging the notion of objective morality.
   - **Specific Use**: Nietzsche uses this concept to argue that moral responsibility is context-dependent and shaped by individual perspectives.

10. **Decadence**
    - **Reason for Selection**: Decadence refers to the decline of cultural and moral values, which Nietzsche sees as a result of slave morality and the herd mentality.
    - **Specific Use**: Nietzsche uses this concept to critique the moral responsibility of modern society, which he sees as promoting mediocrity and conformity.

These concepts are central to Nietzsche’s critique of traditional morality and his vision of a new, life-affirming ethics. They highlight the importance of self-mastery, creativity, and the will to power in determining moral responsibility.",N/A,N/A,0,Query 3/5,0.00
0.5,0.95,50,0.75,🇪🇺 Mistral-API,"Here are the 10 most prominent concepts describing criteria for moral responsibility in the uploaded document, along with explanations of their significance and specific uses:

1. **Master-Slave Morality (Herr-Moral vs. Sklavenmoral)**
   - *Reason for Selection*: Nietzsche distinguishes between two fundamental types of morality: the ""master morality"" of the strong and noble, which values strength, pride, and self-affirmation, and the ""slave morality"" of the weak, which values humility, pity, and equality. This dichotomy is central to his critique of traditional moral systems.
   - *Specific Use*: Nietzsche argues that slave morality arises from resentment and a desire for revenge against the powerful, while master morality is rooted in self-affirmation and the will to power (e.g., ""The noble type of man regards himself as a determiner of values"").

2. **Will to Power**
   - *Reason for Selection*: The concept of the will to power is Nietzsche’s foundational principle for understanding human behavior and morality. It suggests that all actions are driven by a fundamental drive for dominance, control, and self-overcoming.
   - *Specific Use*: Nietzsche uses this concept to critique traditional moral systems that prioritize selflessness and pity, arguing that these values are actually expressions of weakness and a lack of self-assertion (e.g., ""The noble man honours in himself the powerful one"").

3. **Self-Overcoming (Selbstüberwindung)**
   - *Reason for Selection*: This concept emphasizes the idea that moral growth and responsibility come from continuous self-transcendence and the rejection of fixed moral codes. It is central to Nietzsche’s vision of the Übermensch (Overman).
   - *Specific Use*: Nietzsche critiques static moral systems and advocates for a dynamic, evolving morality that embraces change and self-mastery (e.g., ""The surmounting of morality, in a certain sense even the self-mounting of morality"").

4. **Resentment (Ressentiment)**
   - *Reason for Selection*: Resentment is a key psychological mechanism in Nietzsche’s critique of slave morality. It explains how the weak justify their moral values as a form of revenge against the strong.
   - *Specific Use*: Nietzsche describes how slave morality arises from the resentment of the oppressed, who invert traditional values to glorify humility and pity (e.g., ""The slave has an unfavourable eye for the virtues of the powerful"").

5. **Perspectivism**
   - *Reason for Selection*: Nietzsche argues that all moral judgments are perspectival, meaning they are shaped by individual and cultural biases rather than universal truths. This undermines the idea of objective moral responsibility.
   - *Specific Use*: He critiques the notion of a single, objective morality, emphasizing that moral values are always interpretations from a particular perspective (e.g., ""The intention as the sole origin and antecedent history of an action"").

6. **Bad Conscience (Schlechtes Gewissen)**
   - *Reason for Selection*: This concept explains how moral guilt arises from the internalization of societal norms, often leading to self-punishment and a sense of moral responsibility.
   - *Specific Use*: Nietzsche traces the development of bad conscience from the domestication of humans, where societal constraints create a sense of guilt and moral obligation (e.g., ""The moral sentiment in Europe at present is perhaps as subtle"").

7. **Genealogy of Morals (Genealogie der Moral)**
   - *Reason for Selection*: Nietzsche’s genealogical method examines the historical and psychological origins of moral concepts, revealing their contingent and often arbitrary nature.
   - *Specific Use*: He applies this method to trace the development of moral values from their origins in power dynamics, showing how they are shaped by historical and cultural forces (e.g., ""The moral sentiment in Europe at present is perhaps as subtle"").

8. **Übermensch (Overman)**
   - *Reason for Selection*: The Übermensch represents Nietzsche’s ideal of a self-creating individual who transcends traditional moral constraints and creates their own values.
   - *Specific Use*: Nietzsche contrasts the Übermensch with the herd mentality of slave morality, advocating for a morality of self-mastery and creativity (e.g., ""The noble and brave who think thus are the furthest removed from the morality which sees precisely in sympathy"").

9. **Eternal Recurrence (Ewige Wiederkehr)**
   - *Reason for Selection*: This concept suggests that life repeats itself infinitely, and moral responsibility lies in embracing and affirming this cycle rather than seeking escape or transcendence.
   - *Specific Use*: Nietzsche uses this idea to challenge traditional moral systems that promise salvation or escape from suffering, arguing instead for a morality of affirmation (e.g., ""The greatest events and thoughts--the greatest thoughts, however, are the greatest events"").

10. **Noble vs. Common (Edle vs. Gemeine)**
    - *Reason for Selection*: Nietzsche distinguishes between the noble, who create values, and the common, who merely follow them. This distinction is central to his critique of democratic and egalitarian moral systems.
    - *Specific Use*: He argues that the noble are responsible for creating their own values, while the common are bound by inherited moral codes (e.g., ""The noble type of man separates from himself the beings in whom the opposite of this exalted, proud disposition displays itself"").

These concepts collectively form the foundation of Nietzsche’s critique of traditional moral responsibility, emphasizing the role of power, self-creation, and perspectivism in shaping moral values.",N/A,N/A,0,Query 4/5,0.00
0.5,0.95,50,1.0,🇪🇺 Mistral-API,"Here are the 10 most prominent concepts describing criteria for moral responsibility in the uploaded document, along with explanations of their significance and specific uses:

1. **Master-Slave Morality (Herrschaft-Moral vs. Knecht-Moral)**
   - *Reason for Selection*: Nietzsche distinguishes between two fundamental moral systems: the ""master morality"" of the strong, which values pride, power, and self-affirmation, and the ""slave morality"" of the weak, which emphasizes humility, pity, and equality. This dichotomy is central to his critique of traditional moral systems.
   - *Specific Use*: Nietzsche critiques the Christian and democratic moral systems as expressions of slave morality, which he sees as a reaction to the dominance of master morality (e.g., aristocratic values).

2. **Will to Power (Wille zur Macht)**
   - *Reason for Selection*: Nietzsche argues that the fundamental drive of all life is the will to power, which includes the desire for dominance, self-overcoming, and the creation of values. Moral responsibility is tied to the ability to assert and affirm one's will.
   - *Specific Use*: He contrasts this with the ""herd morality"" of modern Europe, which suppresses individual will in favor of collective conformity.

3. **Self-Overcoming (Selbstüberwindung)**
   - *Reason for Selection*: Moral responsibility is tied to the ability to transcend one's current state, whether through creativity, intellectual rigor, or the assertion of one's will. Nietzsche sees this as a key criterion for greatness.
   - *Specific Use*: He praises figures like Socrates, Caesar, and Frederick the Great for their ability to overcome societal norms and create new values.

4. **Resentment (Ressentiment)**
   - *Reason for Selection*: Nietzsche identifies resentment as a key factor in the development of slave morality, where the weak react to their oppression with moral condemnation rather than strength.
   - *Specific Use*: He critiques Christianity and democratic movements as expressions of resentment, where the oppressed seek moral justification for their weakness.

5. **Noble vs. Common (Edle vs. Gemeine)**
   - *Reason for Selection*: Nietzsche distinguishes between the ""noble"" individual, who creates values and asserts their will, and the ""common"" individual, who conforms to existing moral systems.
   - *Specific Use*: He argues that the noble individual is morally responsible for creating new values, while the common individual is responsible for maintaining the status quo.

6. **Moral Hypocrisy (Moralische Heuchelei)**
   - *Reason for Selection*: Nietzsche critiques the hypocrisy of moral systems that claim universality but are actually expressions of specific interests (e.g., the ruling class or the oppressed).
   - *Specific Use*: He argues that modern moral systems, such as democracy and Christianity, are hypocritical because they claim to represent universal values while serving the interests of the weak.

7. **Gradations of Rank (Rangordnung)**
   - *Reason for Selection*: Nietzsche argues that moral responsibility is tied to the recognition of natural hierarchies, where some individuals are inherently superior and thus have greater moral responsibility.
   - *Specific Use*: He critiques egalitarian systems for denying these natural hierarchies and promoting mediocrity.

8. **Decadence (Dekadenz)**
   - *Reason for Selection*: Nietzsche identifies decadence as a state of moral and cultural decline, where the weak dominate and the strong are suppressed.
   - *Specific Use*: He argues that modern Europe is in a state of decadence, where slave morality has triumphed over master morality.

9. **Eternal Recurrence (Ewige Wiederkunft)**
   - *Reason for Selection*: Nietzsche's concept of eternal recurrence suggests that moral responsibility is tied to the ability to affirm life in all its aspects, including suffering and struggle.
   - *Specific Use*: He argues that the highest moral responsibility is to live in such a way that one would willingly repeat their life eternally.

10. **Overman (Übermensch)**
    - *Reason for Selection*: The Overman represents the ideal of moral responsibility, where the individual transcends conventional morality to create their own values.
    - *Specific Use*: Nietzsche contrasts the Overman with the ""last man,"" who is content with mediocrity and lacks moral responsibility.

These concepts are central to Nietzsche's critique of traditional moral systems and his vision of a new, affirmative morality based on strength, creativity, and self-overcoming.",N/A,N/A,0,Query 5/5,0.00
