Temperature,Top P,Top K,BM25 Weight,Extracted Concepts
0.1,0.95,50,0.6,"Master-Slave Morality [#C71585], Will to Power [#D2691E], Self-Overcoming [#6A5ACD], Noble vs Common Man [#228B22], Resentment (Ressentiment) [#FF4500], Moral Hypocrisy [#8B4513], Moral Decadence [#2E8B57], Moral Creativity [#8B4513], Moral Relativism [#8B4513], Moral Responsibility as Self-Creation [#8B4513]"
0.33,0.95,50,0.6,"Master-Slave Morality [#C71585], Will to Power [#D2691E], Resentment (Ressentiment) [#FF4500], Bad Conscience [#8B008B], Overman (Übermensch) [#20B2AA], Eternal Recurrence [#9932CC], Genealogy of Morals [#FFD700], Noble vs Common [#228B22], Decadence [#2E8B57], Self-Overcoming [#6A5ACD]"
0.55,0.95,50,0.6,"Master-Slave Morality [#C71585], Will to Power [#D2691E], Self-Overcoming [#6A5ACD], Perspectivism [#B22222], Resentment (Ressentiment) [#FF4500], Bad Conscience [#8B008B], Eternal Recurrence [#9932CC], Overman (Übermensch) [#20B2AA], Decadence [#2E8B57], Genealogy of Morals [#FFD700]"
0.78,0.95,50,0.6,"Master-Slave Morality [#C71585], Will to Power [#D2691E], Resentment (Ressentiment) [#FF4500], Bad Conscience [#8B008B], Overman (Übermensch) [#20B2AA], Eternal Recurrence [#9932CC], Perspectivism [#B22222], Decadence [#2E8B57], Noble vs Common [#228B22], Self-Overcoming [#6A5ACD]"
1.0,0.95,50,0.6,"Master-Slave Morality [#C71585], Will to Power [#D2691E], Perspectivism [#B22222], Resentment (Resentiment) [#FF4500], Bad Conscience [#8B008B], Overman (Übermensch) [#20B2AA], Genealogy of Morals [#FFD700], Eternal Recurrence [#9932CC], Noble vs Common Man [#228B22], Self-Overcoming [#6A5ACD]"
0.5,0.1,50,0.6,"Master-Slave Morality [#C71585], Will to Power [#D2691E], Resentment (Ressentiment) [#FF4500], Bad Conscience [#8B008B], Overman (Übermensch) [#20B2AA], Eternal Recurrence [#9932CC], Genealogy of Morals [#FFD700], Noble vs Common Morality [#228B22], Self-Overcoming [#6A5ACD], Perspectivism [#B22222]"
0.5,0.32,50,0.6,"Master-Slave Morality [#C71585], Will to Power [#D2691E], Self-Overcoming [#6A5ACD], Noble vs Common [#228B22], Resentment (Ressentiment) [#FF4500], Greatness [#556B2F], Autonomy vs Heteronomy [#228B22], Decadence [#2E8B57], Eternal Recurrence [#9932CC], Beyond Good and Evil [#A0522D]"
0.5,0.55,50,0.6,"Master-Slave Morality [#C71585], Will to Power [#D2691E], Self-Overcoming [#6A5ACD], Resentment (Ressentiment) [#FF4500], Perspectivism [#B22222], Bad Conscience [#8B008B], Eternal Recurrence [#9932CC], Overman (Übermensch) [#20B2AA], Genealogy of Morals [#FFD700], Noble vs Common Morality [#228B22]"
0.5,0.77,50,0.6,"Master-Slave Morality [#C71585], Will to Power [#D2691E], Resentment (Ressentiment) [#FF4500], Self-Overcoming [#6A5ACD], Noble vs Common [#228B22], Perspectivism [#B22222], Eternal Recurrence [#9932CC], Bad Conscience [#8B008B], Overman (Übermensch) [#20B2AA], Genealogy of Morals [#FFD700]"
0.5,0.99,50,0.6,"Master-Slave Morality [#C71585], Will to Power [#D2691E], Resentment (Ressentiment) [#FF4500], Self-Overcoming [#6A5ACD], Perspectivism [#B22222], Bad Conscience [#8B008B], Eternal Recurrence [#9932CC], Decadence [#2E8B57], Noble vs Common Man [#228B22], Genealogy of Morals [#FFD700]"
0.5,0.95,1,0.6,"Master-Slave Morality (Herr-Morality and Sklaven-Morality) [#A0522D], Will to Power [#D2691E], Self-Overcoming (Selbstüberwindung) [#6A5ACD], Noble vs Common Man [#228B22], Resentment (Ressentiment) [#FF4500], Bad Conscience (Schlechtes Gewissen) [#8B008B], Eternal Recurrence (Ewige Wiederkunft) [#9932CC], Beyond Good and Evil [#A0522D], Genealogy of Morals (Genealogie der Moral) [#FFD700], Amor Fati (Love of Fate) [#800000]"
0.5,0.95,25,0.6,"Master-Slave Morality (Herrenmoral vs Sklavenmoral) [#228B22], Will to Power (Wille zur Macht) [#D2691E], Resentment (Ressentiment) [#FF4500], Bad Conscience (Schlechtes Gewissen) [#8B008B], Ascetic Ideal (Askese) [#FF8C00], Moral Inversion (Umwertung der Werte) [#8B4513], Overman (Übermensch) [#20B2AA], Eternal Recurrence (Ewige Wiederkunft) [#9932CC], Genealogy of Morals (Genealogie der Moral) [#FFD700], Perspectivism (Perspektivismus) [#B22222]"
0.5,0.95,50,0.6,"Master-Slave Morality [#C71585], Will to Power [#D2691E], Self-Overcoming [#6A5ACD], Resentment (Resentiment) [#FF4500], Perspectivism [#B22222], Eternal Recurrence [#9932CC], Bad Conscience [#8B008B], Overman (Übermensch) [#20B2AA], Genealogy of Morals [#FFD700], Amor Fati [#800000]"
0.5,0.95,75,0.6,"Master-Slave Morality (Herr-Moral vs Sklavenmoral) [#228B22], Will to Power (Wille zur Macht) [#D2691E], Resentment (Ressentiment) [#FF4500], Perspectivism [#B22222], Eternal Recurrence (Ewige Wiederkunft) [#9932CC], Overman (Übermensch) [#20B2AA], Bad Conscience (Böses Gewissen) [#8B008B], Genealogy of Morals (Genealogie der Moral) [#FFD700], Decadence [#2E8B57], Amor Fati [#800000]"
0.5,0.95,100,0.6,"Master-Morality vs Slave-Morality [#228B22], Will to Power [#D2691E], Self-Overcoming [#6A5ACD], Resentment (Ressentiment) [#FF4500], Greatness [#556B2F], Autonomy vs Heteronomy [#228B22], Perspectivism [#B22222], Eternal Recurrence [#9932CC], Overman (Übermensch) [#20B2AA], Decadence [#2E8B57]"
0.5,0.95,50,0.0,"Master-Slave Morality [#C71585], Will to Power [#D2691E], Self-Overcoming [#6A5ACD], Resentment (Ressentiment) [#FF4500], Noble vs Common Man [#228B22], Moral Hypocrisy [#8B4513], Gradations of Rank [#FFD700], Autonomy vs Heteronomy [#228B22], Moral Decay [#8B4513], Moral Responsibility as Creation of Values [#FFD700]"
0.5,0.95,50,0.25,"Master-Slave Morality [#C71585], Will to Power [#D2691E], Perspectivism [#B22222], Self-Overcoming [#6A5ACD], Eternal Recurrence [#9932CC], Bad Conscience [#8B008B], Noble vs Common Morality [#228B22], Genealogy of Morals [#FFD700], Overman (Übermensch) [#20B2AA], Decadence [#2E8B57]"
0.5,0.95,50,0.5,"Master-Slave Morality [#C71585], Will to Power [#D2691E], Self-Overcoming [#6A5ACD], Noble vs Common Man [#228B22], Resentment (Ressentiment) [#FF4500], Bad Conscience [#8B008B], Eternal Recurrence [#9932CC], Overman (Übermensch) [#20B2AA], Perspectivism [#B22222], Decadence [#2E8B57]"
0.5,0.95,50,0.75,"Master-Slave Morality (Herr-Moral vs Sklavenmoral) [#228B22], Will to Power [#D2691E], Self-Overcoming (Selbstüberwindung) [#6A5ACD], Resentment (Ressentiment) [#FF4500], Perspectivism [#B22222], Bad Conscience (Schlechtes Gewissen) [#8B008B], Genealogy of Morals (Genealogie der Moral) [#FFD700], Übermensch (Overman) [#20B2AA], Eternal Recurrence (Ewige Wiederkehr) [#9932CC], Noble vs Common (Edle vs Gemeine) [#228B22]"
0.5,0.95,50,1.0,"Master-Slave Morality (Herrschaft-Moral vs Knecht-Moral) [#228B22], Will to Power (Wille zur Macht) [#D2691E], Self-Overcoming (Selbstüberwindung) [#6A5ACD], Resentment (Ressentiment) [#FF4500], Noble vs Common (Edle vs Gemeine) [#228B22], Moral Hypocrisy (Moralische Heuchelei) [#8B4513], Gradations of Rank (Rangordnung) [#FFD700], Decadence (Dekadenz) [#2E8B57], Eternal Recurrence (Ewige Wiederkunft) [#9932CC], Overman (Übermensch) [#20B2AA]"
