Temperature,Top P,Top K,BM25 Weight,Extracted Concepts
0.1,0.95,50,0.6,"General Will [#FFD700], Moral Liberty [#B22222], Natural Law [#8B4513], Social Contract [#006400], Inequality [#556B2F], Virtue [#FF6347], Justice [#C71585], Autonomy [#800000], Public Reason [#6A5ACD], Moral Person [#B22222]"
0.33,0.95,50,0.6,"General Will (Volonté Générale) [#FFD700], Moral Liberty (Liberté Morale) [#B22222], Natural Liberty (Liberté Naturelle) [#B22222], Social Contract (Contrat Social) [#006400], Moral Inequality (Inégalité Morale) [#556B2F], Civil State (État Civil) [#228B22], Sovereignty (Souveraineté) [#708090], Public Good (Bien Commun) [#6A5ACD], Moral Person (Personne Morale) [#B22222], Virtue (Vertu) [#FF6347]"
0.55,0.95,50,0.6,"General Will [#FFD700], Moral Liberty [#B22222], Natural Law [#8B4513], Social Contract [#006400], Moral Inequality [#556B2F], Public Opinion [#6A5ACD], Virtue [#FF6347], Justice [#C71585], Autonomy [#800000], Moral Education [#2E8B57]"
0.78,0.95,50,0.6,"General Will [#FFD700], Moral Liberty [#B22222], Natural Law [#8B4513], Social Contract [#006400], Justice [#C71585], Virtue [#FF6347], Equality [#9932CC], Public Good [#6A5ACD], Autonomy [#800000], Moral Person [#B22222]"
1.0,0.95,50,0.6,"General Will [#FFD700], Moral Liberty [#B22222], Social Contract [#006400], Natural Inequality vs Moral Inequality [#556B2F], Public Good [#6A5ACD], Virtue [#FF6347], Censorship [#FF8C00], Moral and Political Equality [#9932CC], Moral Education [#2E8B57], Moral Autonomy [#800000]"
0.5,0.1,50,0.6,"General Will [#FFD700], Moral Liberty [#B22222], Natural Law [#8B4513], Social Contract [#006400], Justice [#C71585], Equality [#9932CC], Virtue [#FF6347], Public Good [#6A5ACD], Autonomy [#800000], Moral Education [#2E8B57]"
0.5,0.32,50,0.6,"General Will [#FFD700], Moral Liberty [#B22222], Natural Inequality vs Moral Inequality [#556B2F], Social Contract [#006400], Public Reason [#6A5ACD], Virtue [#FF6347], Justice [#C71585], Public Opinion [#6A5ACD], Moral Education [#2E8B57], Moral Autonomy [#800000]"
0.5,0.55,50,0.6,"General Will (Volonté Générale) [#FFD700], Social Contract (Contrat Social) [#006400], Moral Liberty (Liberté Morale) [#B22222], Natural Liberty (Liberté Naturelle) [#B22222], Inequality (Inégalité) [#556B2F], Virtue (Vertu) [#FF6347], Corruption (Corruption) [#8B008B], Public Opinion (Opinion Publique) [#6A5ACD], Legitimacy (Légitimité) [#20B2AA], Moral Education (Éducation Morale) [#2E8B57]"
0.5,0.77,50,0.6,"General Will [#FFD700], Moral Liberty [#B22222], Social Contract [#006400], Natural Inequality vs Moral Inequality [#556B2F], Public Good [#6A5ACD], Virtue [#FF6347], Legitimacy [#20B2AA], Censorship [#FF8C00], Public Opinion [#6A5ACD], Moral Education [#2E8B57]"
0.5,0.99,50,0.6,"General Will [#FFD700], Natural Liberty vs Civil Liberty [#228B22], Moral Liberty [#B22222], Social Contract [#006400], Public Good [#6A5ACD], Justice [#C71585], Virtue [#FF6347], Equality [#9932CC], Property [#FF4500], Law [#8B4513]"
0.5,0.95,1,0.6,"General Will [#FFD700], Natural Liberty vs Civil Liberty [#228B22], Moral Liberty [#B22222], Social Contract [#006400], Public Good [#6A5ACD], Justice [#C71585], Equality [#9932CC], Virtue [#FF6347], Moral Education [#2E8B57], Moral Autonomy [#800000]"
0.5,0.95,25,0.6,"General Will [#FFD700], Natural Liberty vs Civil Liberty [#228B22], Moral Liberty [#B22222], Social Contract [#006400], Justice [#C71585], Virtue [#FF6347], Public Opinion [#6A5ACD], Equality [#9932CC], Law [#8B4513], Moral Person [#B22222]"
0.5,0.95,50,0.6,"General Will [#FFD700], Natural Liberty vs Civil Liberty [#228B22], Moral Liberty [#B22222], Justice [#C71585], Virtue [#FF6347], Public Reason [#6A5ACD], Equality [#9932CC], Property [#FF4500], Punishment [#D2691E], Social Contract [#006400]"
0.5,0.95,75,0.6,"General Will [#FFD700], Moral Liberty [#B22222], Social Contract [#006400], Natural Law [#8B4513], Public Good [#6A5ACD], Moral Equality [#9932CC], Moral Person [#B22222], Moral Education [#2E8B57], Moral Autonomy [#800000], Moral Obligation [#B22222]"
0.5,0.95,100,0.6,"General Will [#FFD700], Moral Liberty [#B22222], Social Contract [#006400], Natural Law [#8B4513], Moral Inequality [#556B2F], Public Good [#6A5ACD], Virtue [#FF6347], Justice [#C71585], Moral Person [#B22222], Moral Education [#2E8B57]"
0.5,0.95,50,0.0,"General Will [#FFD700], Natural Liberty vs Civil Liberty [#228B22], Moral Liberty [#B22222], Social Contract [#006400], Justice [#C71585], Virtue [#FF6347], Public Opinion [#6A5ACD], Punishment and Crime [#D2691E], Property and Inequality [#556B2F], Autonomy vs Heteronomy [#800000]"
0.5,0.95,50,0.25,"General Will [#FFD700], Moral Liberty [#B22222], Natural Inequality vs Moral Inequality [#556B2F], Social Contract [#006400], Civil Society [#228B22], Public Good [#6A5ACD], Virtue [#FF6347], Legitimacy [#20B2AA], Autonomy [#800000], Moral Education [#2E8B57]"
0.5,0.95,50,0.5,"General Will [#FFD700], Natural Liberty vs Civil Liberty [#228B22], Moral Liberty [#B22222], Social Contract [#006400], Public Good [#6A5ACD], Justice [#C71585], Virtue [#FF6347], Equality [#9932CC], Property [#FF4500], Sovereignty [#708090]"
0.5,0.95,50,0.75,"General Will [#FFD700], Natural Liberty vs Civil Liberty [#228B22], Moral Liberty [#B22222], Social Contract [#006400], Justice [#C71585], Virtue [#FF6347], Public Opinion [#6A5ACD], Inequality [#556B2F], Punishment [#D2691E], Education [#2E8B57]"
0.5,0.95,50,1.0,"General Will [#FFD700], Moral Liberty [#B22222], Natural Liberty [#B22222], Social Contract [#006400], Civil Society [#228B22], Justice [#C71585], Duty [#A0522D], Equality [#9932CC], Property [#FF4500], Virtue [#FF6347]"
