Temperature,Top P,Top K,BM25 Weight,Extracted Concepts
0.1,0.95,50,0.6,"Voluntary Action [#FFD700], Involuntary Action [#FFD700], Pleasure and Pain [#FF8C00], Justice and Injustice [#FF8C00], Virtue and Vice [#FF8C00], Habituation [#A0522D], Practical Wisdom (Phronesis) [#D2691E], Moral Luck [#B22222], Moral Responsibility and Character [#FF8C00], Moral Responsibility and the Good Life [#FF8C00]"
0.33,0.95,50,0.6,"Voluntary Action [#FFD700], Involuntary Action [#FFD700], Virtue of Character [#708090], Vice [#006400], Justice [#556B2F], Injustice [#9932CC], Pleasure and Pain [#FF8C00], Decision (Prohairesis) [#228B22], Habituation (Ethos) [#A0522D], Magnanimity (Megalopsychia) [#20B2AA]"
0.55,0.95,50,0.6,"Voluntary Action [#FFD700], Involuntary Action [#FFD700], Virtue of Character [#708090], Vice [#006400], Pleasure and Pain [#FF8C00], Decision (Prohairesis) [#228B22], Habituation (Ethos) [#A0522D], Justice and Injustice [#FF8C00], Magnanimity (Megalopsychia) [#20B2AA], Practical Wisdom (Phronesis) [#D2691E]"
0.78,0.95,50,0.6,"Voluntary Action (ἑκούσιον) [#FFD700], Involuntary Action (ἀκούσιον) [#FFD700], Virtue (ἀρετή) [#708090], Vice (κακία) [#006400], Justice (δικαιοσύνη) [#556B2F], Injustice (ἀδικία) [#9932CC], Pleasure (ἡδονή) [#6A5ACD], Pain (λύπη) [#FF4500], Decision (προαίρεσις) [#800000], Habituation (ἔθος) [#A0522D]"
1.0,0.95,50,0.6,"Voluntary Action (ἑκούσιον) [#FFD700], Involuntary Action (ἀκούσιον) [#FFD700], Virtue (ἀρετή) [#708090], Vice (κακία) [#006400], Justice (δικαιοσύνη) [#556B2F], Injustice (ἀδικία) [#9932CC], Pleasure (ἡδονή) and Pain (λύπη) [#FF8C00], Decision (πρόαιρεσις) [#228B22], Habituation (ἔθος) [#A0522D], Practical Wisdom (φρόνησις) [#D2691E]"
0.5,0.1,50,0.6,"Voluntary Action (ἑκούσιον) [#FFD700], Involuntary Action (ἀκούσιον) [#FFD700], Virtue (ἀρετή) [#708090], Vice (κακία) [#006400], Justice (δικαιοσύνη) [#556B2F], Injustice (ἀδικία) [#9932CC], Pleasure and Pain (ἡδονή και λύπη) [#FF8C00], Decision (πρόαιρεσις) [#228B22], Habituation (ἔθος) [#A0522D], Practical Wisdom (φρόνησις) [#D2691E]"
0.5,0.32,50,0.6,"Voluntary Action (ἑκούσιον) [#FFD700], Involuntary Action (ἀκούσιον) [#FFD700], Knowledge (ἐπιστήμη) [#C71585], Decision (πρόαιρεσις) [#228B22], Virtue (ἀρετή) [#708090], Vice (κακία) [#006400], Pleasure and Pain (ἡδονή και λύπη) [#FF8C00], Justice (δικαιοσύνη) [#556B2F], Injustice (ἀδικία) [#9932CC], Habituation (ἔθος) [#A0522D]"
0.5,0.55,50,0.6,"Voluntary Action (ἑκούσιον) [#FFD700], Involuntary Action (ἀκούσιον) [#FFD700], Knowledge (ἐπιστήμη) [#C71585], Decision (πρόαιρεσις) [#228B22], Pleasure and Pain (ἡδονή και λύπη) [#FF8C00], Virtue (ἀρετή) [#708090], Vice (κακία) [#006400], Justice (δικαιοσύνη) [#556B2F], Injustice (ἀδικία) [#9932CC], Moral Luck (τυχή) [#B22222]"
0.5,0.77,50,0.6,"Voluntary Action (ἑκούσιον) [#FFD700], Involuntary Action (ἀκούσιον) [#FFD700], Decision (προαίρεσις, prohairesis) [#800000], Ignorance (ἀγνοία, agnoia) [#2E8B57], Pleasure and Pain (ἡδονή και λύπη, hēdonē kai lupē) [#FF8C00], Virtue (ἀρετή, aretē) [#708090], Vice (κακία, kakia) [#006400], Justice (δικαιοσύνη, dikaiosynē) [#556B2F], Injustice (ἀδικία, adikia) [#9932CC], Moral Responsibility (ἐγκλημα, enklema) [#B22222]"
0.5,0.99,50,0.6,"Voluntary Action (ἑκούσιον) [#FFD700], Involuntary Action (ἀκούσιον) [#FFD700], Knowledge (ἐπιστήμη) [#C71585], Decision (πρόαιρεσις) [#228B22], Virtue (ἀρετή) [#708090], Vice (κακία) [#006400], Pleasure and Pain (ἡδονή και λύπη) [#FF8C00], Habituation (ἔθος) [#A0522D], Justice (δικαιοσύνη) [#556B2F], Injustice (ἀδικία) [#9932CC]"
0.5,0.95,1,0.6,"Voluntary Action [#FFD700], Involuntary Action [#FFD700], Virtue [#708090], Vice [#006400], Justice [#556B2F], Injustice [#9932CC], Pleasure and Pain [#FF8C00], Habituation [#A0522D], Decision (Prohairesis) [#228B22], Practical Wisdom (Phronesis) [#D2691E]"
0.5,0.95,25,0.6,"Voluntary Action (ἑκούσιον) [#FFD700], Involuntary Action (ἀκούσιον) [#FFD700], Knowledge (ἐπιστήμη) [#C71585], Ignorance (ἄγνοια) [#2E8B57], Choice (προαίρεσις) [#800000], Virtue (ἀρετή) [#708090], Vice (κακία) [#006400], Pleasure and Pain (ἡδονή και λύπη) [#FF8C00], Habituation (ἔθος) [#A0522D], Justice (δικαιοσύνη) [#556B2F]"
0.5,0.95,50,0.6,"Voluntary Action (ἑκούσιον) [#FFD700], Involuntary Action (ἀκούσιον) [#FFD700], Knowledge (ἐπιστήμη) [#C71585], Decision (πρόαιρεσις) [#228B22], Pleasure and Pain (ἡδονή και λύπη) [#FF8C00], Habituation (ἔθος) [#A0522D], Virtue (ἀρετή) [#708090], Vice (κακία) [#006400], Justice (δικαιοσύνη) [#556B2F], Injustice (ἀδικία) [#9932CC]"
0.5,0.95,75,0.6,"Voluntary Action (ἑκούσιον) [#FFD700], Involuntary Action (ἀκούσιον) [#FFD700], Ignorance (ἀγνοία) [#2E8B57], Decision (πρόαιρεσις) [#228B22], Virtue (ἀρετή) [#708090], Vice (κακία) [#006400], Justice (δικαιοσύνη) [#556B2F], Injustice (ἀδικία) [#9932CC], Pleasure (ἡδονή) [#6A5ACD], Pain (λύπη) [#FF4500]"
0.5,0.95,100,0.6,"Voluntary Action [#FFD700], Involuntary Action [#FFD700], Virtue of Character (Ethical Virtue) [#708090], Vice [#006400], Pleasure and Pain [#FF8C00], Decision (Prohairesis) [#228B22], Ignorance [#2E8B57], Force (Compulsion) [#8B008B], Habituation (Ethos) [#A0522D], Moral Luck [#B22222]"
0.5,0.95,50,0.0,"Voluntary Action [#FFD700], Involuntary Action [#FFD700], Virtue of Character [#708090], Vice [#006400], Pleasure and Pain [#FF8C00], Decision and Choice [#800000], Habituation [#A0522D], Justice and Injustice [#FF8C00], Magnanimity [#20B2AA], Continence and Incontinence [#FF8C00]"
0.5,0.95,50,0.25,"Voluntary Action (ἑκούσιον) [#FFD700], Involuntary Action (ἀκούσιον) [#FFD700], Knowledge (ἐπιστήμη) [#C71585], Decision (προαίρεσις) [#800000], Virtue (ἀρετή) [#708090], Vice (κακία) [#006400], Pleasure and Pain (ἡδονή και λύπη) [#FF8C00], Habituation (ἔθος) [#A0522D], Justice (δικαιοσύνη) [#556B2F], Injustice (ἀδικία) [#9932CC]"
0.5,0.95,50,0.5,"Voluntary Action (ἑκούσιον) [#FFD700], Involuntary Action (ἀκούσιον) [#FFD700], Decision (προαίρεσις) [#800000], Pleasure and Pain (ἡδονή και λύπη) [#FF8C00], Virtue (ἀρετή) [#708090], Vice (κακία) [#006400], Justice (δικαιοσύνη) [#556B2F], Injustice (ἀδικία) [#9932CC], Law (νόμος) [#8B4513], Habituation (ἔθος) [#A0522D]"
0.5,0.95,50,0.75,"Voluntary Action (ἑκούσιον) [#FFD700], Involuntary Action (ἀκούσιον) [#FFD700], Justice (δικαιοσύνη) [#556B2F], Injustice (ἀδικία) [#9932CC], Virtue (ἀρετή) [#708090], Vice (κακία) [#006400], Pleasure (ἡδονή) and Pain (λύπη) [#FF8C00], Decision (πρόαιρεσις) [#228B22], Habituation (ἔθος) [#A0522D], Practical Wisdom (φρόνησις) [#D2691E]"
0.5,0.95,50,1.0,"Voluntary Action (ἑκούσιον) [#FFD700], Involuntary Action (ἀκούσιον) [#FFD700], Knowledge (ἐπιστήμη) [#C71585], Decision (πρόαιρεσις) [#228B22], Virtue (ἀρετή) [#708090], Vice (κακία) [#006400], Justice (δικαιοσύνη) [#556B2F], Injustice (ἀδικία) [#9932CC], Pleasure and Pain (ἡδονή και λύπη) [#FF8C00], Habituation (ἔθος) [#A0522D]"
