Temperature,Top-p,Top-k,BM25 Weight,Model,Main Answer,Input Tokens,Output Tokens,Conversation History,Progress,Elapsed Time (s)
0.1,0.95,50,0.6,🇪🇺 Mistral-API,"Here are the 10 most prominent concepts describing criteria for moral responsibility in the uploaded document, along with explanations for their selection and specific uses:

1. **General Will**
   - **Reason for Selection**: Rousseau's concept of the General Will is central to his political and moral philosophy. It represents the collective will of the people, which is the foundation of moral and political legitimacy.
   - **Specific Use**: ""The General Will, then, is the application of human freedom to political institutions. Before the value of this conception can be determined, there is a criticism to be met. The freedom which is realised in the General Will, we are told, is the freedom of the State as a whole; but the State exists to secure individual freedom for its members.""

2. **Moral Liberty**
   - **Reason for Selection**: Moral liberty is a key concept in Rousseau's philosophy, distinguishing between natural liberty and civil liberty. It emphasizes the importance of self-governance and autonomy.
   - **Specific Use**: ""We might, over and above all this, add to what man acquires in the civil state moral liberty, which alone makes him truly master of himself; for the mere impulse of appetite is slavery, while obedience to a law which we prescribe to ourselves is liberty.""

3. **Natural Law**
   - **Reason for Selection**: Natural law is a foundational concept in Rousseau's moral and political thought, providing a framework for understanding justice and moral obligations.
   - **Specific Use**: ""The very study of the original man, of his real wants, and the fundamental principles of his duty, is besides the only proper method we can adopt to obviate all the difficulties which the origin of moral inequality presents, on the true foundations of the body politic, on the reciprocal rights of its members, and on many other similar topics equally important and obscure.""

4. **Social Contract**
   - **Reason for Selection**: The Social Contract is a pivotal concept in Rousseau's theory of political obligation and moral responsibility, outlining the terms under which individuals agree to form a society.
   - **Specific Use**: ""The problem is to find a form of association which will defend and protect with the whole common force the person and goods of each associate, and in which each, while uniting himself with all, may still obey himself alone, and remain as free as before.""

5. **Inequality**
   - **Reason for Selection**: Rousseau's discussion of inequality is crucial for understanding his critique of social and political structures and their moral implications.
   - **Specific Use**: ""It is of man that I have to speak; and the question I am investigating shows me that it is to men that I must address myself: for questions of this sort are not asked by those who are afraid to honour truth.""

6. **Virtue**
   - **Reason for Selection**: Virtue is a central concept in Rousseau's moral philosophy, representing the alignment of individual actions with the General Will and the common good.
   - **Specific Use**: ""The more citizens love their duty, and the guardians of the public authority sincerely apply themselves to the fostering of that love by their own example and assiduity, every difficulty vanishes; and government becomes so easy that it needs none of that art of darkness, whose blackness is its only mystery.""

7. **Justice**
   - **Reason for Selection**: Justice is a fundamental criterion for moral responsibility in Rousseau's philosophy, emphasizing fairness and the rule of law.
   - **Specific Use**: ""The passage from the state of nature to the civil state produces a very remarkable change in man, by substituting justice for instinct in his conduct, and giving his actions the morality they had formerly lacked.""

8. **Autonomy**
   - **Reason for Selection**: Autonomy is a key concept in Rousseau's moral philosophy, highlighting the importance of self-governance and the ability to prescribe one's own laws.
   - **Specific Use**: ""The will of the people, the will of the prince, the public force of the State, and the particular force of the government, all answer to a single motive power; all the springs of the machine are in the same.""

9. **Public Reason**
   - **Reason for Selection**: Public reason is a crucial concept in Rousseau's philosophy, emphasizing the importance of collective decision-making and the common good.
   - **Specific Use**: ""The most pressing interest of the ruler, and even his most indispensable duty, therefore, is to watch over the observation of the laws of which he is the minister, and on which his whole authority is founded.""

10. **Moral Person**
    - **Reason for Selection**: The concept of a moral person is essential for understanding Rousseau's theory of political and moral responsibility, as it refers to the collective entity formed by the Social Contract.
    - **Specific Use**: ""The general will is the application of human freedom to political institutions. Before the value of this conception can be determined, there is a criticism to be met. The freedom which is realised in the General Will, we are told, is the freedom of the State as a whole; but the State exists to secure individual freedom for its members.""

These concepts are central to Rousseau's moral and political philosophy, providing a framework for understanding moral responsibility, justice, and the foundations of political legitimacy.",N/A,N/A,0,Query 1/5,0.00
0.33,0.95,50,0.6,🇪🇺 Mistral-API,"Here are ten prominent concepts related to moral responsibility in the provided document, along with explanations of their significance and specific uses:

1. **General Will (Volonté Générale)**
   - **Reason for Selection**: Rousseau's concept of the General Will is central to his political philosophy and moral theory. It represents the collective will of the people as a whole, which is distinct from the sum of individual wills. The General Will is the basis for moral and political legitimacy in a just society.
   - **Specific Use**: ""The effect of the Social Contract is the creation of a new individual. When it has taken place, 'at once, in place of the individual personality of each contracting party, the act of association creates a moral and collective body, composed of as many members as the assembly contains votes, and receiving from this act its unity, its common identity, its life and its will. This public person, so formed by the union of all other persons, formerly took the name of city, and now takes that of Republic or body politic; it is called by its members State when passive, Sovereign when active, and Power when compared with others like itself.'""

2. **Moral Liberty (Liberté Morale)**
   - **Reason for Selection**: Moral liberty is the freedom to act according to the dictates of reason and the General Will, rather than being driven by mere appetites or passions. It is a key concept in Rousseau's understanding of human autonomy and moral responsibility.
   - **Specific Use**: ""We might, over and above all this, add to what man acquires in the civil state moral liberty, which alone makes him truly master of himself; for the mere impulse of appetite is slavery, while obedience to a law which we prescribe to ourselves is liberty.""

3. **Natural Liberty (Liberté Naturelle)**
   - **Reason for Selection**: Natural liberty refers to the freedom that individuals possess in the state of nature, which is unbounded and limited only by physical strength. It contrasts with civil liberty, which is constrained by the General Will and the laws of society.
   - **Specific Use**: ""Let us draw up the whole account in terms easily commensurable. What man loses by the social contract is his natural liberty and an unlimited right to everything he tries to get and succeeds in getting; what he gains is civil liberty and the proprietorship of all he possesses.""

4. **Social Contract (Contrat Social)**
   - **Reason for Selection**: The Social Contract is the foundational agreement by which individuals form a political community. It is the basis for moral and political obligation and the source of the General Will.
   - **Specific Use**: ""Each of us puts his person and all his power in common under the supreme direction of the general will, and, in our corporate capacity, we receive each member as an indivisible part of the whole.""

5. **Moral Inequality (Inégalité Morale)**
   - **Reason for Selection**: Moral inequality refers to the inequalities that arise from social and political institutions, as opposed to natural or physical inequalities. Rousseau critiques the ways in which moral inequality can lead to injustice and oppression.
   - **Specific Use**: ""It is of man that I have to speak; and the question I am investigating shows me that it is to men that I must address myself: for questions of this sort are not asked by those who are afraid to honour truth.""

6. **Civil State (État Civil)**
   - **Reason for Selection**: The civil state is the political community formed by the Social Contract. It is the context in which moral and political obligations are defined and enforced.
   - **Specific Use**: ""The passage from the state of nature to the civil state produces a very remarkable change in man, by substituting justice for instinct in his conduct, and giving his actions the morality they had formerly lacked.""

7. **Sovereignty (Souveraineté)**
   - **Reason for Selection**: Sovereignty refers to the supreme authority of the General Will, which is vested in the people as a whole. It is the source of legitimate political power and moral authority.
   - **Specific Use**: ""The first and most important deduction from the principles we have so far laid down is that the general will alone can direct the State according to the object for which it was instituted, i.e., the common good.""

8. **Public Good (Bien Commun)**
   - **Reason for Selection**: The public good is the common interest of the community, which is the ultimate goal of the General Will and the Social Contract. It is the standard by which moral and political actions are judged.
   - **Specific Use**: ""The general will alone can direct the State according to the object for which it was instituted, i.e., the common good.""

9. **Moral Person (Personne Morale)**
   - **Reason for Selection**: A moral person is an entity that is capable of moral responsibility and action. In Rousseau's philosophy, the State and the individual are both moral persons, each with their own faculties and obligations.
   - **Specific Use**: ""The government is on a small scale what the body politic which includes it is on a great one. It is a moral person endowed with certain faculties, active like the Sovereign and passive like the State, and capable of being resolved into other similar relations.""

10. **Virtue (Vertu)**
    - **Reason for Selection**: Virtue is the moral excellence that arises from acting in accordance with the General Will and the public good. It is the foundation of a just and stable political community.
    - **Specific Use**: ""The more virtue reigns, the less need there is for talent. Even ambition is better served by duty than by usurpation: when the people is convinced that its rulers are labouring only for its happiness, its deference saves them the trouble of labouring to strengthen their power.""

These concepts are central to Rousseau's understanding of moral responsibility and provide a framework for analyzing the moral and political obligations of individuals and communities.",N/A,N/A,0,Query 2/5,0.00
0.55,0.95,50,0.6,🇪🇺 Mistral-API,"Here are the 10 most prominent concepts describing criteria for moral responsibility in the uploaded document, along with explanations of their significance and specific uses:

1. **General Will**
   - **Reason for Selection**: Rousseau's concept of the General Will is central to his political philosophy and moral theory. It represents the collective will of the community, which is distinct from the sum of individual wills. The General Will is the source of legitimate political authority and moral obligation.
   - **Specific Use**: ""The General Will, then, is the application of human freedom to political institutions. Before the value of this conception can be determined, there is a criticism to be met. The freedom which is realised in the General Will, we are told, is the freedom of the State as a whole; but the State exists to secure individual freedom for its members.""

2. **Moral Liberty**
   - **Reason for Selection**: Rousseau distinguishes between natural liberty and moral liberty. Moral liberty is the freedom to obey self-prescribed laws, which is essential for moral responsibility.
   - **Specific Use**: ""We might, over and above all this, add to what man acquires in the civil state moral liberty, which alone makes him truly master of himself; for the mere impulse of appetite is slavery, while obedience to a law which we prescribe to ourselves is liberty.""

3. **Natural Law**
   - **Reason for Selection**: Natural law is a foundational concept in Rousseau's moral and political philosophy, providing a basis for moral responsibility and justice.
   - **Specific Use**: ""The very study of the original man, of his real wants, and the fundamental principles of his duty, is besides the only proper method we can adopt to obviate all the difficulties which the origin of moral inequality presents, on the true foundations of the body politic, on the reciprocal rights of its members, and on many other similar topics equally important and obscure.""

4. **Social Contract**
   - **Reason for Selection**: The Social Contract is a key concept in Rousseau's theory of moral and political obligation, outlining the conditions under which individuals agree to form a society and accept moral responsibilities.
   - **Specific Use**: ""The problem is to find a form of association which will defend and protect with the whole common force the person and goods of each associate, and in which each, while uniting himself with all, may still obey himself alone, and remain as free as before.""

5. **Moral Inequality**
   - **Reason for Selection**: Rousseau distinguishes between natural inequality and moral inequality, the latter being a product of social institutions and a key factor in moral responsibility.
   - **Specific Use**: ""It is of man that I have to speak; and the question I am investigating shows me that it is to men that I must address myself: for questions of this sort are not asked by those who are afraid to honour truth.""

6. **Public Opinion**
   - **Reason for Selection**: Public opinion plays a crucial role in shaping moral behavior and responsibility within a society.
   - **Specific Use**: ""The influence of all these tacit or formal associations causes, by the influence of their will, as many different modifications of the public will. The will of these particular societies has always two relations; for the members of the association, it is a general will; for the great society, it is a particular will; and it is often right with regard to the first object, and wrong as to the second.""

7. **Virtue**
   - **Reason for Selection**: Virtue is a central concept in Rousseau's moral philosophy, representing the alignment of individual wills with the General Will and the moral responsibility to act for the common good.
   - **Specific Use**: ""The more virtue reigns, the less need there is for talent. Even ambition is better served by duty than by usurpation: when the people is convinced that its rulers are labouring only for its happiness, its deference saves them the trouble of labouring to strengthen their power.""

8. **Justice**
   - **Reason for Selection**: Justice is a fundamental criterion for moral responsibility, ensuring that individuals act in accordance with the General Will and the common good.
   - **Specific Use**: ""The undertaking entered into by the whole body of the nation binds it to provide for the security of the least of its members with as much care as for that of all the rest. Is the welfare of a single citizen any less the common cause than that of the whole State?""

9. **Autonomy**
   - **Reason for Selection**: Autonomy, or the ability to prescribe one's own laws, is essential for moral responsibility and moral liberty.
   - **Specific Use**: ""The will is autonomous (i.e. prescribes to itself its own law) only when it is directed to a universal end; when it is guided by selfish passions, or particular considerations, it is heteronomous (i.e. receives its law from something external to itself), and in bondage.""

10. **Moral Education**
    - **Reason for Selection**: Moral education is crucial for cultivating the virtues and understanding necessary for moral responsibility.
    - **Specific Use**: ""The very study of the original man, of his real wants, and the fundamental principles of his duty, is besides the only proper method we can adopt to obviate all the difficulties which the origin of moral inequality presents, on the true foundations of the body politic, on the reciprocal rights of its members, and on many other similar topics equally important and obscure.""

These concepts are central to Rousseau's theory of moral responsibility, as they outline the conditions under which individuals can be held morally accountable and the principles that guide moral behavior in society.",N/A,N/A,0,Query 3/5,0.00
0.78,0.95,50,0.6,🇪🇺 Mistral-API,"Here are the 10 most prominent concepts related to moral responsibility in the uploaded document, along with their specific uses and explanations:

1. **General Will**
   - **Reason for Selection**: Rousseau's concept of the General Will is central to his political and moral philosophy. It represents the collective will of the people, which is the foundation of moral and political legitimacy.
   - **Specific Use**: The General Will is described as the source of laws and the basis for justice in the civil state. It is the moral force that guides the actions of the state and its citizens, ensuring that laws are just and aligned with the common good.

2. **Moral Liberty**
   - **Reason for Selection**: Moral liberty is a key concept in Rousseau's philosophy, distinguishing between natural liberty and civil liberty. It emphasizes the importance of self-governance and autonomy.
   - **Specific Use**: Rousseau argues that moral liberty, which comes from obeying self-prescribed laws, is superior to the mere impulse of appetite, which he equates with slavery. This concept is crucial for understanding the moral responsibility of individuals within the state.

3. **Natural Law**
   - **Reason for Selection**: Natural law is a foundational concept in moral philosophy, often used to justify moral principles and responsibilities.
   - **Specific Use**: Rousseau discusses natural law in the context of the state of nature and the transition to civil society. He argues that natural law, derived from reason and compassion, is the basis for moral obligations and responsibilities.

4. **Social Contract**
   - **Reason for Selection**: The Social Contract is a pivotal concept in political and moral philosophy, outlining the terms of social and political obligation.
   - **Specific Use**: Rousseau uses the Social Contract to explain the transition from the state of nature to civil society. It is the agreement by which individuals surrender some natural liberties in exchange for civil liberties and moral responsibilities.

5. **Justice**
   - **Reason for Selection**: Justice is a fundamental moral concept, central to Rousseau's discussion of the civil state and moral responsibility.
   - **Specific Use**: Rousseau emphasizes that justice is substituted for instinct in the civil state, making it essential for moral conduct. He argues that justice is the moral force that ensures the fairness and equity of laws and actions.

6. **Virtue**
   - **Reason for Selection**: Virtue is a key moral concept, often associated with moral responsibility and ethical behavior.
   - **Specific Use**: Rousseau discusses virtue in the context of the civil state, arguing that it is necessary for the maintenance of moral and political order. He contrasts virtue with vice, highlighting the importance of moral responsibility in the state.

7. **Equality**
   - **Reason for Selection**: Equality is a central concept in Rousseau's philosophy, particularly in his critique of social inequality and his vision of a just society.
   - **Specific Use**: Rousseau argues that the Social Contract establishes moral and legitimate equality, replacing physical inequality with a more just and equitable social order. This concept is crucial for understanding moral responsibility in a just society.

8. **Public Good**
   - **Reason for Selection**: The public good is a fundamental concept in political and moral philosophy, often used to justify moral and political actions.
   - **Specific Use**: Rousseau emphasizes that the General Will is directed towards the public good, making it the moral foundation of the state. He argues that moral responsibility involves acting in accordance with the public good.

9. **Autonomy**
   - **Reason for Selection**: Autonomy is a key concept in moral philosophy, emphasizing the importance of self-governance and moral responsibility.
   - **Specific Use**: Rousseau discusses autonomy in the context of the General Will, arguing that individuals are morally responsible for their actions when they act in accordance with the General Will, which represents their collective autonomy.

10. **Moral Person**
    - **Reason for Selection**: The concept of a moral person is central to Rousseau's philosophy, distinguishing between individual and collective moral responsibility.
    - **Specific Use**: Rousseau argues that the state is a moral person, endowed with certain faculties and responsibilities. This concept is crucial for understanding the moral responsibility of the state and its citizens.

These concepts are central to Rousseau's philosophy and provide a comprehensive framework for understanding moral responsibility in the context of his political and moral thought.",N/A,N/A,0,Query 4/5,0.00
1.0,0.95,50,0.6,🇪🇺 Mistral-API,"Here is a list of 10 prominent concepts related to moral responsibility in the provided document, along with explanations of their significance and specific uses:

1. **General Will**
   - **Reason for Selection**: The General Will is central to Rousseau's political philosophy and serves as the foundation for moral and political legitimacy. It represents the collective interest of the community, distinct from individual wills, and is crucial for determining moral responsibility in a just society.
   - **Specific Use**: Rousseau argues that the General Will must guide laws and actions to ensure that they align with the common good, thereby establishing a moral framework for collective responsibility.

2. **Moral Liberty**
   - **Reason for Selection**: Moral liberty is a key concept in Rousseau's philosophy, distinguishing between natural liberty (unrestrained freedom) and civil liberty (freedom within the bounds of the law). It emphasizes the importance of self-governance and moral autonomy.
   - **Specific Use**: Rousseau contrasts moral liberty with the mere impulse of appetite, arguing that true freedom comes from obeying laws that individuals prescribe to themselves, thereby fostering moral responsibility.

3. **Social Contract**
   - **Reason for Selection**: The Social Contract is a foundational concept in Rousseau's theory of political obligation and moral responsibility. It outlines the terms under which individuals agree to form a society, thereby establishing mutual obligations and responsibilities.
   - **Specific Use**: The Social Contract is described as an agreement where individuals give up some natural liberties in exchange for civil liberties and moral equality, ensuring that moral responsibility is collectively upheld.

4. **Natural Inequality vs. Moral Inequality**
   - **Reason for Selection**: Rousseau distinguishes between natural inequality (physical differences) and moral inequality (social and political differences), highlighting the moral implications of inequality in society.
   - **Specific Use**: He argues that moral inequality, when not proportionate to natural inequality, is unjust and undermines the moral responsibility of the community to ensure fairness and equality.

5. **Public Good**
   - **Reason for Selection**: The concept of the public good is central to Rousseau's moral philosophy, as it defines the collective interest that should guide individual and collective actions.
   - **Specific Use**: Rousseau emphasizes that the General Will must always aim at the public good, ensuring that moral responsibility is aligned with the welfare of the community rather than individual interests.

6. **Virtue**
   - **Reason for Selection**: Virtue is a critical concept in Rousseau's moral philosophy, representing the alignment of individual actions with the General Will and the public good.
   - **Specific Use**: He argues that virtue is essential for maintaining the moral fabric of society, as it ensures that individuals act in accordance with the collective interest rather than their own desires.

7. **Censorship**
   - **Reason for Selection**: Rousseau discusses the role of censorship in maintaining moral standards within society, highlighting the importance of public opinion and moral judgment.
   - **Specific Use**: He argues that censorship can help preserve morality by preventing the corruption of public opinion, thereby fostering a sense of moral responsibility among citizens.

8. **Moral and Political Equality**
   - **Reason for Selection**: Rousseau emphasizes the importance of moral and political equality as a foundation for a just society, ensuring that all individuals are treated fairly and equitably.
   - **Specific Use**: He argues that the Social Contract establishes moral equality, ensuring that all individuals are bound by the same moral responsibilities and rights.

9. **Moral Education**
   - **Reason for Selection**: Moral education is crucial in Rousseau's philosophy, as it shapes individuals to act in accordance with the General Will and the public good.
   - **Specific Use**: He discusses the importance of education in instilling moral values and responsibilities, ensuring that individuals are prepared to contribute to the collective welfare.

10. **Moral Autonomy**
    - **Reason for Selection**: Moral autonomy refers to the capacity of individuals to govern themselves according to moral principles, which is essential for moral responsibility.
    - **Specific Use**: Rousseau argues that moral autonomy is achieved through the alignment of individual wills with the General Will, ensuring that individuals act responsibly and ethically.

These concepts are central to Rousseau's moral philosophy and provide a framework for understanding moral responsibility in the context of his political and social theories.",N/A,N/A,0,Query 5/5,0.00
