Temperature,Top-p,Top-k,BM25 Weight,Model,Main Answer,Input Tokens,Output Tokens,Conversation History,Progress,Elapsed Time (s)
0.5,0.95,50,0.0,🇪🇺 Mistral-API,"Here are the 10 most prominent concepts describing criteria for moral responsibility in the uploaded document, along with explanations of their significance and specific uses:

1. **General Will**
   - **Reason for Selection**: Rousseau's concept of the General Will is central to his political philosophy and moral theory. It represents the collective moral conscience of the community, guiding actions toward the common good.
   - **Specific Use**: The General Will is invoked to justify laws and actions that align with the collective interest, ensuring that individual actions are morally responsible when they conform to this higher moral principle (e.g., ""The General Will, then, is the application of human freedom to political institutions"").

2. **Natural Liberty vs. Civil Liberty**
   - **Reason for Selection**: Rousseau distinguishes between natural liberty (unrestricted freedom in the state of nature) and civil liberty (freedom constrained by laws in the civil state). This distinction is crucial for understanding moral responsibility in different social contexts.
   - **Specific Use**: The text contrasts the loss of natural liberty with the gain of civil liberty, emphasizing that moral responsibility arises from the acceptance of civil laws (e.g., ""What man loses by the social contract is his natural liberty and an unlimited right to everything he tries to get and succeeds in getting; what he gains is civil liberty"").

3. **Moral Liberty**
   - **Reason for Selection**: Moral liberty refers to the freedom to act according to self-prescribed laws, which is essential for moral responsibility. It is the highest form of freedom, enabling individuals to be truly autonomous.
   - **Specific Use**: Rousseau argues that moral liberty is what makes individuals ""truly master of themselves,"" contrasting it with the slavery of mere impulse (e.g., ""Moral liberty, which alone makes him truly master of himself; for the mere impulse of appetite is slavery, while obedience to a law which we prescribe to ourselves is liberty"").

4. **Social Contract**
   - **Reason for Selection**: The Social Contract is the foundational agreement that establishes moral and political obligations. It is the basis for moral responsibility in civil society.
   - **Specific Use**: The contract is described as the act by which individuals transfer their natural rights to the community, thereby creating a framework for moral responsibility (e.g., ""Each of us puts his person and all his power in common under the supreme direction of the general will"").

5. **Justice**
   - **Reason for Selection**: Justice is a key criterion for moral responsibility, as it ensures that actions are fair and equitable. Rousseau's concept of justice is tied to the General Will and the Social Contract.
   - **Specific Use**: Justice is substituted for instinct in the civil state, guiding individuals to act morally (e.g., ""The passage from the state of nature to the civil state produces a very remarkable change in man, by substituting justice for instinct in his conduct"").

6. **Virtue**
   - **Reason for Selection**: Virtue is the moral excellence that aligns individual actions with the General Will. It is the practical application of moral principles in daily life.
   - **Specific Use**: Virtue is contrasted with vice, and Rousseau argues that civil society should cultivate virtue to ensure moral responsibility (e.g., ""The more virtue reigns, the less need there is for talent"").

7. **Public Opinion**
   - **Reason for Selection**: Public opinion serves as a moral regulator, shaping individual behavior and ensuring that actions align with collective values. It is a powerful force in maintaining moral responsibility.
   - **Specific Use**: Public opinion is described as the ""real constitution of the State,"" influencing moral conduct (e.g., ""This forms the real constitution of the State, takes on every day new powers, when other laws decay or die out"").

8. **Punishment and Crime**
   - **Reason for Selection**: The criteria for punishment and the definition of crime are central to moral responsibility, as they determine the consequences of immoral actions.
   - **Specific Use**: Rousseau discusses the limits of punishment, arguing that it should be proportional and aimed at rehabilitation rather than vengeance (e.g., ""The right of pardoning or exempting the guilty from a penalty imposed by the law and pronounced by the judge belongs only to the authority which is superior to both judge and law"").

9. **Property and Inequality**
   - **Reason for Selection**: The concepts of property and inequality are linked to moral responsibility, as they address the distribution of resources and the potential for exploitation.
   - **Specific Use**: Rousseau critiques the moral implications of property, arguing that it can lead to inequality and injustice (e.g., ""The fundamental compact substitutes, for such physical inequality as nature may have set up between men, an equality that is moral and legitimate"").

10. **Autonomy vs. Heteronomy**
    - **Reason for Selection**: The distinction between autonomy (self-governance) and heteronomy (external control) is crucial for understanding moral responsibility. Autonomous actions are morally responsible, while heteronomous actions are not.
    - **Specific Use**: Rousseau contrasts autonomous actions, guided by the General Will, with heteronomous actions, driven by self-interest (e.g., ""The will is autonomous (i.e. prescribes to itself its own law) only when it is directed to a universal end"").

These concepts are integral to Rousseau's framework for moral responsibility, as they provide the criteria by which individuals and societies can be judged morally. They are repeatedly invoked throughout the text to explain the transition from the state of nature to civil society and the moral obligations that arise from this transition.",N/A,N/A,0,Query 1/5,0.00
0.5,0.95,50,0.25,🇪🇺 Mistral-API,"Here are the 10 most prominent concepts describing criteria for moral responsibility in the uploaded document, along with explanations of their significance and specific uses:

1. **General Will**
   - **Reason for Selection**: The General Will is central to Rousseau's political philosophy and moral theory. It represents the collective will of the people, which is the source of legitimate political authority and moral obligation.
   - **Specific Use**: Rousseau argues that the General Will is the foundation of the social contract and ensures that laws are just and in the common interest. It is contrasted with particular wills, which are self-interested and can lead to injustice.

2. **Moral Liberty**
   - **Reason for Selection**: Moral liberty is a key concept in Rousseau's discussion of freedom and moral responsibility. It refers to the ability to act according to universal laws rather than mere impulses.
   - **Specific Use**: Rousseau contrasts moral liberty with natural liberty, arguing that true freedom comes from obeying laws that one prescribes to oneself, rather than being a slave to one's passions.

3. **Natural Inequality vs. Moral Inequality**
   - **Reason for Selection**: Rousseau distinguishes between natural (physical) and moral (political) inequality, which is crucial for understanding his views on justice and moral responsibility.
   - **Specific Use**: He argues that natural inequality is based on physical differences, while moral inequality arises from social institutions and conventions. The latter can be unjust if it does not correspond to natural differences.

4. **Social Contract**
   - **Reason for Selection**: The social contract is the foundational concept in Rousseau's political theory, outlining the terms under which individuals agree to form a society and submit to its laws.
   - **Specific Use**: The contract involves individuals alienating their natural rights in exchange for civil rights and protection. It is the basis for moral and political obligation.

5. **Civil Society**
   - **Reason for Selection**: Civil society is the context in which moral responsibility is exercised. It is the structured form of social life that emerges from the social contract.
   - **Specific Use**: Rousseau discusses how civil society introduces moral obligations and justice, replacing the instinctual behavior of the state of nature with reasoned conduct.

6. **Public Good**
   - **Reason for Selection**: The public good is the ultimate goal of the General Will and the social contract. It represents the collective interest that moral responsibility aims to serve.
   - **Specific Use**: Rousseau argues that laws must be directed toward the public good, and individuals must act in ways that contribute to it, even if it requires sacrificing some personal interests.

7. **Virtue**
   - **Reason for Selection**: Virtue is a central moral concept in Rousseau's philosophy, representing the alignment of individual actions with the General Will and the public good.
   - **Specific Use**: He contrasts virtue with vice, arguing that virtue is necessary for the stability and morality of the state. It involves acting according to moral principles rather than self-interest.

8. **Legitimacy**
   - **Reason for Selection**: Legitimacy is the criterion by which moral and political authority is justified. It is tied to the idea that authority must be based on the consent of the governed.
   - **Specific Use**: Rousseau argues that the legitimacy of government derives from the social contract and the General Will, ensuring that laws are morally binding.

9. **Autonomy**
   - **Reason for Selection**: Autonomy refers to the capacity for self-governance and moral self-determination, which is essential for moral responsibility.
   - **Specific Use**: Rousseau emphasizes that individuals must be free to prescribe laws to themselves, rather than being subject to external coercion, to be truly autonomous and morally responsible.

10. **Moral Education**
    - **Reason for Selection**: Moral education is the process by which individuals are taught to align their actions with the General Will and the public good.
    - **Specific Use**: Rousseau discusses the role of education in cultivating virtue and moral responsibility, arguing that it is essential for the stability and morality of the state.

These concepts are central to Rousseau's theory of moral responsibility, as they outline the criteria by which individuals and societies can be judged morally accountable. They emphasize the importance of collective will, public good, and the social contract in shaping moral behavior.",N/A,N/A,0,Query 2/5,0.00
0.5,0.95,50,0.5,🇪🇺 Mistral-API,"Here are the 10 most prominent concepts describing criteria for moral responsibility in the uploaded document, along with explanations and specific uses:

1. **General Will**
   - *Reason for Selection*: Rousseau's concept of the General Will is central to his political and moral philosophy. It represents the collective will of the people, which is the source of legitimate political authority and moral obligation.
   - *Specific Use*: ""The General Will, then, is the application of human freedom to political institutions. Before the value of this conception can be determined, there is a criticism to be met. The freedom which is realised in the General Will, we are told, is the freedom of the State as a whole; but the State exists to secure individual freedom for its members.""

2. **Natural Liberty vs. Civil Liberty**
   - *Reason for Selection*: Rousseau distinguishes between natural liberty (unrestricted freedom in the state of nature) and civil liberty (freedom within the constraints of the social contract), which is crucial for understanding moral responsibility in a civil society.
   - *Specific Use*: ""What man loses by the social contract is his natural liberty and an unlimited right to everything he tries to get and succeeds in getting; what he gains is civil liberty and the proprietorship of all he possesses.""

3. **Moral Liberty**
   - *Reason for Selection*: Moral liberty is the freedom to act according to self-prescribed laws, which is essential for moral responsibility.
   - *Specific Use*: ""We might, over and above all this, add to what man acquires in the civil state moral liberty, which alone makes him truly master of himself; for the mere impulse of appetite is slavery, while obedience to a law which we prescribe to ourselves is liberty.""

4. **Social Contract**
   - *Reason for Selection*: The Social Contract is the foundational agreement that establishes moral and political obligations, making it a key concept for moral responsibility.
   - *Specific Use*: ""Each of us puts his person and all his power in common under the supreme direction of the general will, and, in our corporate capacity, we receive each member as an indivisible part of the whole.""

5. **Public Good**
   - *Reason for Selection*: The public good is the ultimate goal of the General Will and the moral responsibility of the state and its citizens.
   - *Specific Use*: ""The first and most important deduction from the principles we have so far laid down is that the general will alone can direct the State according to the object for which it was instituted, i.e., the common good.""

6. **Justice**
   - *Reason for Selection*: Justice is a moral criterion that ensures fairness and equality in the social contract, which is essential for moral responsibility.
   - *Specific Use*: ""The passage from the state of nature to the civil state produces a very remarkable change in man, by substituting justice for instinct in his conduct, and giving his actions the morality they had formerly lacked.""

7. **Virtue**
   - *Reason for Selection*: Virtue is the moral excellence that individuals and the state must uphold, which is a key criterion for moral responsibility.
   - *Specific Use*: ""The more virtue reigns, the less need there is for talent. Even ambition is better served by duty than by usurpation: when the people is convinced that its rulers are labouring only for its happiness, its deference saves them the trouble of labouring to strengthen their power.""

8. **Equality**
   - *Reason for Selection*: Equality is a moral principle that ensures fairness and justice in the social contract, which is essential for moral responsibility.
   - *Specific Use*: ""It is of man that I have to speak; and the question I am investigating shows me that it is to men that I must address myself: for questions of this sort are not asked by those who are afraid to honour truth.""

9. **Property**
   - *Reason for Selection*: Property rights are a moral issue in Rousseau's philosophy, as they are tied to the social contract and the distribution of resources.
   - *Specific Use*: ""The cultivation of the earth necessarily brought about its distribution; and property, once recognised, gave rise to the first rules of justice; for, to secure each man his own, it had to be possible for each to have something.""

10. **Sovereignty**
    - *Reason for Selection*: Sovereignty is the ultimate moral and political authority, which is responsible for upholding the General Will and the public good.
    - *Specific Use*: ""The first and most important deduction from the principles we have so far laid down is that the general will alone can direct the State according to the object for which it was instituted, i.e., the common good: for if the clashing of particular interests made the establishment of societies necessary, the agreement of these very interests made it possible.""

These concepts are central to Rousseau's philosophy of moral responsibility, as they outline the criteria for moral behavior and the obligations of individuals and the state within the social contract.",N/A,N/A,0,Query 3/5,0.00
0.5,0.95,50,0.75,🇪🇺 Mistral-API,"Here are the 10 most prominent concepts describing criteria for moral responsibility in the uploaded document, along with explanations of their significance and specific uses:

1. **General Will**
   - *Reason for Selection*: Rousseau's concept of the General Will is central to his theory of moral responsibility. It represents the collective will of the people, which is the source of legitimate authority and moral obligation in a society.
   - *Specific Use*: ""The General Will, then, is the application of human freedom to political institutions. Before the value of this conception can be determined, there is a criticism to be met. The freedom which is realised in the General Will, we are told, is the freedom of the State as a whole; but the State exists to secure individual freedom for its members.""

2. **Natural Liberty vs. Civil Liberty**
   - *Reason for Selection*: Rousseau distinguishes between natural liberty (unrestricted freedom in the state of nature) and civil liberty (freedom within the constraints of the social contract), which is crucial for understanding moral responsibility in a civil society.
   - *Specific Use*: ""What man loses by the social contract is his natural liberty and an unlimited right to everything he tries to get and succeeds in getting; what he gains is civil liberty and the proprietorship of all he possesses.""

3. **Moral Liberty**
   - *Reason for Selection*: Moral liberty is the freedom to act in accordance with self-prescribed laws, which is essential for moral responsibility.
   - *Specific Use*: ""We might, over and above all this, add to what man acquires in the civil state moral liberty, which alone makes him truly master of himself; for the mere impulse of appetite is slavery, while obedience to a law which we prescribe to ourselves is liberty.""

4. **Social Contract**
   - *Reason for Selection*: The social contract is the foundational agreement that establishes moral obligations and responsibilities within a society.
   - *Specific Use*: ""Each of us puts his person and all his power in common under the supreme direction of the general will, and, in our corporate capacity, we receive each member as an indivisible part of the whole.""

5. **Justice**
   - *Reason for Selection*: Justice is a key criterion for moral responsibility, as it involves acting in accordance with the General Will and the laws of the state.
   - *Specific Use*: ""The passage from the state of nature to the civil state produces a very remarkable change in man, by substituting justice for instinct in his conduct, and giving his actions the morality they had formerly lacked.""

6. **Virtue**
   - *Reason for Selection*: Virtue is the moral excellence that individuals must cultivate to act responsibly within the social contract.
   - *Specific Use*: ""The more virtue reigns, the less need there is for talent. Even ambition is better served by duty than by usurpation: when the people is convinced that its rulers are labouring only for its happiness, its deference saves them the trouble of labouring to strengthen their power.""

7. **Public Opinion**
   - *Reason for Selection*: Public opinion serves as a moral guide, influencing individuals' actions and responsibilities.
   - *Specific Use*: ""The influence of all these tacit or formal associations causes, by the influence of their will, as many different modifications of the public will. The will of these particular societies has always two relations; for the members of the association, it is a general will; for the great society, it is a particular will.""

8. **Inequality**
   - *Reason for Selection*: Rousseau critiques moral responsibility in the context of social inequality, arguing that moral responsibility is undermined by unjust social structures.
   - *Specific Use*: ""It is useless to ask what is the source of natural inequality, because that question is answered by the simple definition of the word. Again, it is still more useless to inquire whether there is any essential connection between the two inequalities.""

9. **Punishment**
   - *Reason for Selection*: Punishment is a mechanism for enforcing moral responsibility and maintaining justice within the social contract.
   - *Specific Use*: ""The right of pardoning or exempting the guilty from a penalty imposed by the law and pronounced by the judge belongs only to the authority which is superior to both judge and law, i.e. the Sovereign; even its right in this matter is far from clear, and the cases for exercising it are extremely rare.""

10. **Education**
    - *Reason for Selection*: Education is crucial for cultivating moral responsibility, as it shapes individuals' understanding of their duties and obligations.
    - *Specific Use*: ""The very study of the original man, of his real wants, and the fundamental principles of his duty, is besides the only proper method we can adopt to obviate all the difficulties which the origin of moral inequality presents.""

These concepts are central to Rousseau's theory of moral responsibility, as they outline the criteria for moral action, the foundations of moral obligation, and the mechanisms for enforcing moral responsibility within a society.",N/A,N/A,0,Query 4/5,0.00
0.5,0.95,50,1.0,🇪🇺 Mistral-API,"Here are the 10 most prominent concepts describing criteria for moral responsibility in the uploaded document, along with explanations of their significance and specific uses:

1. **General Will**
   - **Reason for Selection**: Rousseau's concept of the General Will is central to his political and moral philosophy. It represents the collective will of the people as a whole, which is distinct from the sum of individual wills. It is the guiding principle for moral and political action in a just society.
   - **Specific Use**: ""The effect of the Social Contract is the creation of a new individual. When it has taken place, 'at once, in place of the individual personality of each contracting party, the act of association creates a moral and collective body, composed of as many members as the assembly contains votes, and receiving from this act its unity, its common identity, its life and its will. This public person, so formed by the union of all other persons, formerly took the name of city, and now takes that of Republic or body politic; it is called by its members State when passive, Sovereign when active, and Power when compared with others like itself.'""

2. **Moral Liberty**
   - **Reason for Selection**: Moral liberty is the freedom to act in accordance with the General Will and the laws of the State. It is contrasted with natural liberty, which is the freedom to act according to one's own desires without regard for others.
   - **Specific Use**: ""We might, over and above all this, add to what man acquires in the civil state moral liberty, which alone makes him truly master of himself; for the mere impulse of appetite is slavery, while obedience to a law which we prescribe to ourselves is liberty.""

3. **Natural Liberty**
   - **Reason for Selection**: Natural liberty refers to the state of freedom that individuals possess in the state of nature, before the establishment of civil society. It is the freedom to act according to one's own desires without any external constraints.
   - **Specific Use**: ""What man loses by the social contract is his natural liberty and an unlimited right to everything he tries to get and succeeds in getting; what he gains is civil liberty and the proprietorship of all he possesses.""

4. **Social Contract**
   - **Reason for Selection**: The Social Contract is the foundational agreement by which individuals agree to form a society and submit to the General Will. It is the basis for moral and political obligation.
   - **Specific Use**: ""Each of us puts his person and all his power in common under the supreme direction of the general will, and, in our corporate capacity, we receive each member as an indivisible part of the whole.""

5. **Civil Society**
   - **Reason for Selection**: Civil society is the organized community that emerges from the Social Contract. It is characterized by the rule of law, the General Will, and the moral obligations that individuals have to one another.
   - **Specific Use**: ""The passage from the state of nature to the civil state produces a very remarkable change in man, by substituting justice for instinct in his conduct, and giving his actions the morality they had formerly lacked.""

6. **Justice**
   - **Reason for Selection**: Justice is the moral principle that governs the relationships between individuals in civil society. It is the basis for the laws and institutions that ensure fairness and equality.
   - **Specific Use**: ""Then only, when the voice of duty takes the place of physical impulses and right of appetite, does man, who so far had considered only himself, find that he is forced to act on different principles, and to consult his reason before listening to his inclinations.""

7. **Duty**
   - **Reason for Selection**: Duty refers to the moral obligations that individuals have to act in accordance with the General Will and the laws of the State. It is the basis for moral responsibility.
   - **Specific Use**: ""Although, in this state, he deprives himself of some advantages which he got from nature, he gains in return others so great, his faculties are so stimulated and developed, his ideas so extended, his feelings so ennobled, and his whole soul so uplifted, that, did not the abuses of this new condition often degrade him below that which he left, he would be bound to bless continually the happy moment which took him from it for ever.""

8. **Equality**
   - **Reason for Selection**: Equality is the moral principle that ensures that all individuals are treated fairly and have equal rights and opportunities. It is a central value in Rousseau's political philosophy.
   - **Specific Use**: ""The fundamental compact substitutes, for such physical inequality as nature may have set up between men, an equality that is moral and legitimate, and that men, who may be unequal in strength or intelligence, become every one equal by convention and legal right.""

9. **Property**
   - **Reason for Selection**: Property is the basis for the moral and legal rights that individuals have over their possessions. It is a key issue in Rousseau's discussion of the origins of inequality and the Social Contract.
   - **Specific Use**: ""The right which each individual has to his own estate is always subordinate to the right which the community has over all: without this, there would be neither stability in the social tie, nor real force in the exercise of Sovereignty.""

10. **Virtue**
    - **Reason for Selection**: Virtue is the moral excellence that individuals must cultivate to act in accordance with the General Will and the laws of the State. It is the basis for moral responsibility and the foundation of a just society.
    - **Specific Use**: ""If our politicians were less blinded by their ambition, they would see how impossible it is for any establishment whatever to act in the spirit of its institution, unless it is guided in accordance with the law of duty; they would feel that the greatest support of public authority lies in the hearts of the citizens, and that nothing can take the place of morality in the maintenance of government.""

These concepts are central to Rousseau's moral and political philosophy and provide the criteria for moral responsibility in his work. They are used to explain the transition from the state of nature to civil society, the basis for moral and political obligation, and the principles that govern the relationships between individuals in a just society.",N/A,N/A,0,Query 5/5,0.00
