Temperature,Top-p,Top-k,BM25 Weight,Model,Main Answer,Input Tokens,Output Tokens,Conversation History,Progress,Elapsed Time (s)
0.1,0.95,50,0.6,🇪🇺 Mistral-API,"Here are the 10 most prominent concepts describing criteria for moral responsibility in the uploaded document, along with explanations of their significance and specific uses:

1. **Voluntary Actions**
   - **Reason for Selection**: The text repeatedly emphasizes the distinction between voluntary and involuntary actions as foundational for moral responsibility. Voluntary actions are those performed knowingly and with control, making the agent morally accountable.
   - **Specific Use**: ""It will be useful as well for legislators, in connection with honours and punishments... Things that happen by force or through ignorance are thought to be involuntary"" (Book III, Chapter 1).

2. **Involuntary Actions**
   - **Reason for Selection**: Involuntary actions are those performed under compulsion or ignorance, exempting the agent from moral blame. The text contrasts these with voluntary actions to establish criteria for responsibility.
   - **Specific Use**: ""What is forced is what has an external first principle, such [1110a] that the agent or the person acted upon contributes nothing to it"" (Book III, Chapter 1).

3. **Rational Choice (Prohairesis)**
   - **Reason for Selection**: Rational choice is central to moral responsibility, as it involves deliberate decision-making aligned with virtue or vice. The text links moral responsibility to the agent's capacity for rational choice.
   - **Specific Use**: ""The same person cannot be practically wise and incontinent at the same time. We have shown that a practically wise person is at the same time good in character"" (Book VII, Chapter 10).

4. **Ignorance (Agnoia)**
   - **Reason for Selection**: Ignorance is a key criterion for determining whether an action is involuntary and thus excusable. The text distinguishes between different types of ignorance to assess moral responsibility.
   - **Specific Use**: ""Acting through ignorance seems to be different from acting in [25] ignorance, because the drunk or the person in a rage is not thought to act through ignorance, but through drunkenness or anger"" (Book III, Chapter 5).

5. **Virtue (Arete)**
   - **Reason for Selection**: Virtue is the state of character that enables an agent to act morally responsibly. The text defines virtue as a mean between excess and deficiency, essential for ethical conduct.
   - **Specific Use**: ""Virtue is a state involving rational choice, consisting in a mean relative to us and determined by reason"" (Book II, Chapter 6).

6. **Vice (Kakia)**
   - **Reason for Selection**: Vice represents the failure to act morally, making the agent responsible for their immoral choices. The text contrasts vice with virtue to highlight the criteria for moral responsibility.
   - **Specific Use**: ""Virtue, then, is a state involving rational choice, consisting in a mean relative to us and determined by reason – the reason, that is, by [1107a] reference to which the practically wise person would determine it"" (Book II, Chapter 6).

7. **Pleasure and Pain**
   - **Reason for Selection**: The text argues that moral responsibility involves the agent's ability to resist pleasure and endure pain, aligning with virtuous conduct.
   - **Specific Use**: ""For virtue of character is concerned with pleasures and pains: it is because of pleasure that we do bad actions, and pain that we abstain from noble ones"" (Book III, Chapter 10).

8. **Habituation (Ethos)**
   - **Reason for Selection**: Habituation is the process by which moral character is formed, making the agent responsible for their actions through repeated practice.
   - **Specific Use**: ""We become just by doing just actions, temperate by temperate actions, and courageous by courageous actions"" (Book II, Chapter 1).

9. **Forced Actions (Bia)**
   - **Reason for Selection**: Forced actions are those performed under external compulsion, exempting the agent from moral responsibility. The text distinguishes these from voluntary actions.
   - **Specific Use**: ""What is forced is what has an external first principle, such [1110a] that the agent or the person acted upon contributes nothing to it"" (Book III, Chapter 1).

10. **Moral Luck (Tyche)**
    - **Reason for Selection**: The text acknowledges that moral responsibility is influenced by factors beyond the agent's control, such as external circumstances, which can affect their ability to act virtuously.
    - **Specific Use**: ""The same is true of the Form. For even if there is some one good predicated across categories, or a good that is separate, itself in itself, clearly it could not be an object of action nor something attainable by a human being"" (Book I, Chapter 6).

These concepts collectively form the framework for understanding moral responsibility in the text, emphasizing the role of voluntary actions, rational choice, virtue, and the influence of external factors.",N/A,N/A,0,Query 1/5,0.00
0.33,0.95,50,0.6,🇪🇺 Mistral-API,"Here are the 10 most prominent concepts describing criteria for moral responsibility in the provided document, along with explanations of their significance and specific uses:

1. **Voluntary Actions**
   - **Reason for Selection**: The text repeatedly emphasizes the distinction between voluntary and involuntary actions as foundational for moral responsibility. Voluntary actions are those performed knowingly and with control, making the agent morally accountable.
   - **Specific Use**: ""Actions that in themselves are involuntary, but worth choosing at a certain time and for certain benefits, and have their first principle in the agent, are in themselves involuntary, but at that time and for those benefits voluntary"" (Page 1).

2. **Involuntary Actions**
   - **Reason for Selection**: Involuntary actions are those performed under compulsion or ignorance, exempting the agent from moral blame. The text contrasts these with voluntary actions to define the boundaries of responsibility.
   - **Specific Use**: ""What is forced is what has an external first principle, such that the person forced contributes nothing"" (Page 1).

3. **Ignorance**
   - **Reason for Selection**: Ignorance is a key criterion for determining whether an action is involuntary and thus excusable. The text distinguishes between different types of ignorance (e.g., ignorance of particulars) to assess moral responsibility.
   - **Specific Use**: ""Ignorance in rational choice that causes the involuntariness (that rather causes wickedness), nor ignorance of the universal (since people are blamed for that), but ignorance of particulars"" (Page 1).

4. **Rational Choice**
   - **Reason for Selection**: Rational choice is central to moral responsibility, as it reflects the agent's deliberate decision-making process. The text links rational choice to virtue and moral character.
   - **Specific Use**: ""The same person cannot be practically wise and incontinent at the same time. We have shown that a practically wise person is at the same time good in character"" (Page 1).

5. **Virtue and Vice**
   - **Reason for Selection**: Virtue (e.g., courage, temperance) and vice (e.g., cowardice, intemperance) are used to evaluate moral character and responsibility. The text argues that virtues are voluntary and thus morally significant.
   - **Specific Use**: ""Virtues, however, we acquire by first exercising them. The same is true with skills, since what we need to learn before doing, we learn by doing"" (Page 1).

6. **Pleasure and Pain**
   - **Reason for Selection**: The text links moral responsibility to the agent's emotional responses (pleasure/pain) to actions, arguing that these responses reveal character and intent.
   - **Specific Use**: ""The person who abstains from bodily pleasures and finds his enjoyment in doing just this is temperate, while the person who finds doing it oppressive is intemperate"" (Page 1).

7. **Forced Actions**
   - **Reason for Selection**: Forced actions are those performed under external compulsion, which the text argues are not morally responsible. This contrasts with voluntary actions.
   - **Specific Use**: ""What is forced, then, seems to be what has an external first principle, where the person forced contributes nothing"" (Page 1).

8. **Moral Character**
   - **Reason for Selection**: Moral character (e.g., being just, courageous) is a recurring theme, as it determines the agent's disposition to act responsibly. The text ties character to habitual actions.
   - **Specific Use**: ""The courageous person will be undaunted so far as is humanly possible; so, though he will fear even the things not beyond human endurance, he will stand his ground for the sake of what is noble"" (Page 1).

9. **Habituation**
   - **Reason for Selection**: Habituation (repeated practice) is crucial for developing moral character and responsibility. The text argues that virtues are cultivated through habit.
   - **Specific Use**: ""The same is true with skills, since what we need to learn before doing, we learn by doing; for example, we become builders by building, and lyre-players by playing the lyre"" (Page 1).

10. **Justice and Injustice**
    - **Reason for Selection**: Justice (fairness) and injustice (unfairness) are central to moral responsibility, as they define the agent's treatment of others and adherence to moral norms.
    - **Specific Use**: ""Justice is a kind of mean – not in the same way as the other virtues, but because it is concerned with a mean, while injustice is concerned with extremes"" (Page 1).

These concepts are prominently used to analyze moral responsibility, emphasizing the roles of voluntariness, character, and rational choice in ethical evaluation.",N/A,N/A,0,Query 2/5,0.00
0.55,0.95,50,0.6,🇪🇺 Mistral-API,"Here are the 10 most prominent concepts describing criteria for moral responsibility in the uploaded document, along with explanations of their significance and specific uses:

1. **Voluntary Actions**
   - **Reason for Selection**: The text repeatedly emphasizes the distinction between voluntary and involuntary actions as foundational to moral responsibility. Actions are deemed morally significant only if they are voluntary, meaning they originate from the agent's own rational choice and are not compelled by external forces or ignorance.
   - **Specific Use**: The document states, ""It will be useful as well for legislators, in connection with honours and punishments,"" highlighting that voluntary actions are the basis for assigning praise or blame.

2. **Involuntary Actions**
   - **Reason for Selection**: Involuntary actions are those performed under compulsion, ignorance, or external force, and are typically excused from moral responsibility. The text contrasts these with voluntary actions to establish criteria for blameworthiness.
   - **Specific Use**: The text defines involuntary actions as ""what has an external first principle, such that the agent or the person acted upon contributes nothing,"" indicating that such actions do not warrant moral blame.

3. **Rational Choice**
   - **Reason for Selection**: Rational choice is central to moral responsibility, as it reflects the agent's deliberative capacity and intentionality. The text links moral virtue and vice to the agent's ability to make rational choices.
   - **Specific Use**: The document states, ""Virtue is distinguished along the same lines. Some virtues we say are intellectual, such as wisdom, judgement and practical wisdom, while others are virtues of character,"" showing that rational choice is tied to moral virtue.

4. **Ignorance**
   - **Reason for Selection**: Ignorance is a key criterion for excusing actions from moral responsibility. The text distinguishes between different types of ignorance (e.g., ignorance of particulars vs. universal principles) to determine moral culpability.
   - **Specific Use**: The text explains, ""Acting through ignorance seems to be different from acting in ignorance,"" distinguishing between excusable ignorance (e.g., ignorance of particulars) and inexcusable ignorance (e.g., ignorance of universal moral principles).

5. **Pleasure and Pain**
   - **Reason for Selection**: The text links moral responsibility to the agent's experience of pleasure and pain, arguing that virtuous actions are those that align with rational pleasure and avoid irrational pain.
   - **Specific Use**: The document states, ""Virtue of character is concerned with pleasures and pains: it is because of pleasure that we do bad actions, and pain that we abstain from noble ones,"" showing that moral responsibility is tied to the agent's affective states.

6. **Habituation**
   - **Reason for Selection**: Habituation is the process by which moral character is formed through repeated actions. The text argues that moral responsibility is shaped by the agent's habits and upbringing.
   - **Specific Use**: The text states, ""We become just by doing just actions, temperate by temperate actions, and courageous by courageous actions,"" indicating that moral responsibility is cultivated through habituation.

7. **First Principle**
   - **Reason for Selection**: The ""first principle"" refers to the origin of an action in the agent's character or external circumstances. The text uses this concept to distinguish between morally responsible and irresponsible actions.
   - **Specific Use**: The document states, ""What is forced, then, seems to be what has an external first principle, where the person forced contributes nothing,"" showing that actions with external first principles are not morally responsible.

8. **Virtue and Vice**
   - **Reason for Selection**: Virtue and vice are the primary categories through which moral responsibility is assessed. The text defines virtue as a mean between excess and deficiency, and vice as the failure to achieve this mean.
   - **Specific Use**: The text states, ""Virtue is a state involving rational choice, consisting in a mean relative to us and determined by reason,"" showing that moral responsibility is tied to the agent's virtuous or vicious character.

9. **Punishment and Reward**
   - **Reason for Selection**: The text links moral responsibility to the system of punishment and reward, arguing that these are justified only for voluntary actions that reflect the agent's character.
   - **Specific Use**: The document states, ""It will be useful as well for legislators, in connection with honours and punishments,"" indicating that moral responsibility is the basis for legal and social consequences.

10. **Self-Control and Incontinence**
    - **Reason for Selection**: Self-control and incontinence are moral states that reflect the agent's ability to regulate their actions in accordance with reason. The text uses these concepts to assess moral responsibility.
    - **Specific Use**: The text states, ""The incontinent person is not like someone who knows and is attending to his knowledge, but like someone asleep or drunk,"" showing that moral responsibility is diminished in cases of incontinence.

These concepts are central to the text's discussion of moral responsibility, as they define the criteria for assigning praise, blame, and legal consequences. The text emphasizes the role of voluntary action, rational choice, and character formation in determining moral responsibility, while excusing actions performed under compulsion or ignorance.",N/A,N/A,0,Query 3/5,0.00
0.78,0.95,50,0.6,🇪🇺 Mistral-API,"Here is a list of the 10 most prominent concepts describing criteria for moral responsibility in the uploaded document, along with explanations for their selection and specific uses:

1. **Voluntary Actions**
   - **Reason for Selection**: The text repeatedly emphasizes the distinction between voluntary and involuntary actions as foundational to moral responsibility. Actions are deemed morally significant only if they are voluntary, meaning they originate from the agent's own choice and are performed knowingly.
   - **Specific Use**: The text states, ""We must take as an indication of a person’s states the pleasure or pain supervening on what he does, because the person who abstains from bodily pleasures and finds his enjoyment in doing just this is temperate, while the person who finds doing it oppressive is intemperate"" (Book III, Chapter 1). This highlights how voluntary actions (e.g., abstaining from pleasure) are tied to moral character.

2. **Involuntary Actions**
   - **Reason for Selection**: Involuntary actions are contrasted with voluntary ones to clarify what does not constitute moral responsibility. These actions are performed under compulsion or ignorance, thus excusing the agent from blame.
   - **Specific Use**: The text defines involuntary actions as those done ""by force or through ignorance,"" such as when ""a wind, or people with power over him carry him somewhere"" (Book III, Chapter 1). This underscores that moral responsibility requires agency and awareness.

3. **Rational Choice**
   - **Reason for Selection**: Rational choice is central to moral responsibility, as it involves deliberate decision-making aligned with reason and virtue. The text links moral virtue to the capacity for rational choice.
   - **Specific Use**: The text explains that ""the same person cannot be practically wise and incontinent at the same time. We have shown that a practically wise person is at the same time good in character"" (Book VII, Chapter 10). This ties rational choice to moral virtue and responsibility.

4. **Ignorance**
   - **Reason for Selection**: Ignorance is a key criterion for determining moral responsibility. Actions performed in ignorance (e.g., ignorance of particulars) may be excused, whereas ignorance of universal principles (e.g., moral laws) is not.
   - **Specific Use**: The text states, ""Acting through ignorance seems to be different from acting in ignorance... In fact, every wicked person is ignorant of what he should do and refrain from doing"" (Book III, Chapter 1). This distinguishes excusable ignorance from blameworthy ignorance.

5. **Pleasure and Pain**
   - **Reason for Selection**: The text frequently links moral responsibility to the agent's experience of pleasure and pain, as these emotions influence actions and character. Virtue is concerned with moderating these experiences.
   - **Specific Use**: The text argues that ""virtue of character is concerned with pleasures and pains: it is because of pleasure that we do bad actions, and pain that we abstain from noble ones"" (Book III, Chapter 1). This shows how moral responsibility is shaped by emotional responses.

6. **Habituation**
   - **Reason for Selection**: Habituation is the process by which moral character is formed through repeated actions. The text emphasizes that virtues and vices are developed through practice, making habituation a criterion for moral responsibility.
   - **Specific Use**: The text states, ""We become just by doing just actions, temperate by temperate actions, and courageous by courageous actions"" (Book II, Chapter 1). This highlights how moral responsibility is cultivated through habit.

7. **Virtue and Vice**
   - **Reason for Selection**: Virtue and vice are central to moral responsibility, as they define the moral character of the agent. The text distinguishes between virtuous actions (worthy of praise) and vicious actions (worthy of blame).
   - **Specific Use**: The text defines virtue as ""a state involving rational choice, consisting in a mean relative to us and determined by reason"" (Book II, Chapter 6). This ties moral responsibility to the cultivation of virtue.

8. **Justice and Injustice**
   - **Reason for Selection**: Justice and injustice are key moral concepts in the text, defining fair and unfair actions. The text explores how justice is a mean between excess and deficiency, making it a criterion for moral responsibility.
   - **Specific Use**: The text states, ""Justice is a kind of mean – not in the same way as the other virtues, but because it is concerned with a mean, while injustice is concerned with extremes"" (Book V, Chapter 3). This links moral responsibility to just actions.

9. **Self-Control and Incontinence**
   - **Reason for Selection**: Self-control and incontinence are moral states that reflect the agent's ability to regulate actions in accordance with reason. The text uses these concepts to assess moral responsibility.
   - **Specific Use**: The text contrasts the self-controlled person, who ""does nothing contrary to reason for the sake of bodily pleasures,"" with the incontinent person, who ""has bad appetites"" (Book VII, Chapter 10). This shows how moral responsibility is tied to self-regulation.

10. **Moral Luck**
    - **Reason for Selection**: The text acknowledges that moral responsibility is sometimes influenced by factors beyond the agent's control (e.g., external circumstances), introducing the concept of moral luck.
    - **Specific Use**: The text notes that ""the end that courage aims at would seem to be pleasant, but to be obscured by what else is happening"" (Book III, Chapter 8). This suggests that moral responsibility is not purely a matter of individual choice but also depends on external conditions.

These concepts are central to the text's exploration of moral responsibility, as they define the criteria for praise, blame, and moral agency.",N/A,N/A,0,Query 4/5,0.00
1.0,0.95,50,0.6,🇪🇺 Mistral-API,"Here is a list of the 10 most prominent concepts describing criteria for moral responsibility in the uploaded document, along with explanations for their selection based on specific uses of the terms:

1. **Voluntary Actions**
   - **Reason for Selection**: The text repeatedly emphasizes that voluntary actions are central to moral responsibility. For example, it states, ""Since virtue is to do with feelings and actions, and since voluntary feelings and actions are praised and blamed, while the involuntary ones are pardoned and occasionally even pitied, presumably anyone considering virtue must determine the limits of the voluntary and the involuntary."" (Book III, Chapter 1)
   - **Key Passage**: ""What is forced is what has an external first principle, such that the agent or the person acted upon contributes nothing to it – if a wind, for example, or people with power over him carry him somewhere."" (Book III, Chapter 1)

2. **Involuntary Actions**
   - **Reason for Selection**: The distinction between voluntary and involuntary actions is crucial for determining moral responsibility. The text defines involuntary actions as those done through ignorance or compulsion, which are pardoned rather than blamed.
   - **Key Passage**: ""Things that happen by force or through ignorance are thought to be involuntary. What is forced is what has an external first principle, such [1110a] that the agent or the person acted upon contributes nothing to it."" (Book III, Chapter 1)

3. **Rational Choice**
   - **Reason for Selection**: Rational choice is a key criterion for moral responsibility, as it involves the agent's deliberate decision-making process. The text discusses how actions done from rational choice are voluntary and thus subject to moral evaluation.
   - **Key Passage**: ""The same person cannot be practically wise and incontinent at the same time. We have shown that a practically wise person is at the same time good in character. Again, a person is practically wise not only by knowing, but also by being disposed to act; and the incontinent person is not disposed to act."" (Book VII, Chapter 10)

4. **Ignorance**
   - **Reason for Selection**: Ignorance is a critical factor in determining whether an action is involuntary and thus excusable. The text explores different types of ignorance (e.g., ignorance of the particulars) and their implications for moral responsibility.
   - **Key Passage**: ""Acting through ignorance seems to be different from acting in ignorance, because the drunk or the person in a rage is not thought to act through ignorance, but through drunkenness or anger; he does so, however, not knowingly but in ignorance."" (Book III, Chapter 5)

5. **Compulsion**
   - **Reason for Selection**: Compulsion is another factor that can render actions involuntary. The text discusses how actions done under compulsion (e.g., threats or force) are not fully within the agent's control and thus may not be subject to moral blame.
   - **Key Passage**: ""As for things done through fear of greater evils or for the sake of something noble – if a tyrant, for example, had one’s parents and children in his power and ordered one to do something shameful, on the condition that one’s doing it would save them, while one’s not doing it would result in their death – there is some dispute about whether they are involuntary or voluntary."" (Book III, Chapter 1)

6. **Pleasure and Pain**
   - **Reason for Selection**: The text links moral responsibility to the agent's experience of pleasure and pain, as these emotions influence actions and character. For example, the temperate person avoids excessive pleasure, while the intemperate person is driven by it.
   - **Key Passage**: ""Virtue of character is concerned with pleasures and pains: it is because of pleasure that we do bad actions, and pain that we abstain from noble ones."" (Book II, Chapter 3)

7. **Character (Virtue and Vice)**
   - **Reason for Selection**: Moral responsibility is tied to the agent's character, which is shaped by virtues (e.g., courage, temperance) and vices (e.g., cowardice, intemperance). The text argues that actions done from a virtuous character are praiseworthy, while those from a vicious character are blameworthy.
   - **Key Passage**: ""Virtue is a state involving rational choice, consisting in a mean relative to us and determined by reason – the reason, that is, by reference to which the practically wise person would determine it."" (Book II, Chapter 6)

8. **First Principle**
   - **Reason for Selection**: The ""first principle"" of an action (i.e., the motivating reason or cause) is crucial for determining moral responsibility. The text distinguishes between actions done from external causes (e.g., force) and those done from internal causes (e.g., rational choice).
   - **Key Passage**: ""What is forced, then, seems to be what has an external first principle, where the person forced contributes nothing."" (Book III, Chapter 1)

9. **Punishment and Praise**
   - **Reason for Selection**: The text links moral responsibility to the consequences of actions, such as punishment for wrongdoing and praise for virtuous behavior. This reflects the broader ethical framework of the text, which emphasizes the role of justice in society.
   - **Key Passage**: ""The fact that punishment is based on pleasure and pain is further evidence of their relevance; for punishment is a kind of cure, and cures by their nature are effected by contraries."" (Book II, Chapter 3)

10. **Habituation**
    - **Reason for Selection**: The text argues that moral responsibility is shaped by habituation, as repeated actions form character. This concept is central to Aristotle's ethical theory, which emphasizes the role of practice in developing virtue.
    - **Key Passage**: ""Virtues, however, we acquire by first exercising them. The same is true with skills, since what we need to learn before doing, we learn by doing; for example, we become builders by building, and lyre-players by playing the lyre. So too we become just by doing just actions, temperate by temperate actions, and courageous by courageous actions."" (Book II, Chapter 1)

These concepts are central to the discussion of moral responsibility in the text, as they define the criteria for voluntary action, rational choice, and the formation of character—all of which are essential for moral evaluation.",N/A,N/A,0,Query 5/5,0.00
