Temperature,Top-p,Top-k,BM25 Weight,Model,Main Answer,Input Tokens,Output Tokens,Conversation History,Progress,Elapsed Time (s)
0.5,0.1,50,0.6,🇪🇺 Mistral-API,"Here are the 10 most prominent concepts describing criteria for moral responsibility in the uploaded document, along with explanations of their significance and specific uses:

1. **Voluntary Actions**
   - **Reason for Selection**: The text repeatedly emphasizes that moral responsibility hinges on voluntary actions, distinguishing them from involuntary or forced actions. For example, it states, ""Actions that in themselves are involuntary, but worth choosing at a certain time and for certain benefits, and have their first principle in the agent, are in themselves involuntary, but at that time and for those benefits voluntary.""
   - **Specific Use**: The distinction between voluntary and involuntary actions is crucial for determining moral responsibility, as voluntary actions are subject to praise or blame.

2. **Involuntary Actions**
   - **Reason for Selection**: The text defines involuntary actions as those done under compulsion or ignorance, which are not grounds for moral responsibility. For instance, ""What is forced is what has an external first principle, such that the person forced contributes nothing.""
   - **Specific Use**: Involuntary actions are pardoned or pitied rather than blamed, as they lack the agent's intentional control.

3. **Ignorance**
   - **Reason for Selection**: Ignorance is a key criterion for determining moral responsibility. The text discusses different types of ignorance (e.g., ignorance of the person affected, the instrument used, or the end of the action) and their implications for moral responsibility.
   - **Specific Use**: ""A person may be ignorant of who he is, of what he is doing, of the sphere in which or to what he is doing it, and sometimes also of what it is that he is doing it with (e.g., a tool), of what it is for (e.g., safety), and of the way in which he is doing it (e.g., gently or roughly).""

4. **Rational Choice**
   - **Reason for Selection**: Rational choice is central to moral responsibility, as it involves the agent's deliberate decision-making. The text states, ""The same person cannot be practically wise and incontinent at the same time. We have shown that a practically wise person is at the same time good in character.""
   - **Specific Use**: Rational choice is linked to virtue and moral responsibility, as it reflects the agent's character and intentions.

5. **Virtue and Vice**
   - **Reason for Selection**: Virtue and vice are directly tied to moral responsibility, as they determine the agent's character and actions. The text explains, ""Virtue is a state involving rational choice, consisting in a mean relative to us and determined by reason.""
   - **Specific Use**: Virtues like courage and temperance are praised, while vices like cowardice and intemperance are blamed, reflecting moral responsibility.

6. **Pleasure and Pain**
   - **Reason for Selection**: Pleasure and pain are used to assess moral responsibility, as they influence actions and character. The text notes, ""Virtue of character is concerned with pleasures and pains: it is because of pleasure that we do bad actions, and pain that we abstain from noble ones.""
   - **Specific Use**: Pleasure and pain guide actions, and their management reflects moral responsibility.

7. **Forced Actions**
   - **Reason for Selection**: Forced actions are exempt from moral responsibility, as they are done under external compulsion. The text defines forced actions as those ""where the cause is in the external circumstances and the agent contributes nothing.""
   - **Specific Use**: Forced actions are not subject to blame, as the agent lacks control.

8. **Self-Control and Incontinence**
   - **Reason for Selection**: Self-control and incontinence are key to moral responsibility, as they reflect the agent's ability to regulate actions. The text states, ""The incontinent person is not like someone who knows and is attending to his knowledge, but like someone asleep or drunk.""
   - **Specific Use**: Self-control is praised, while incontinence is blamed, indicating moral responsibility.

9. **Justice and Injustice**
   - **Reason for Selection**: Justice and injustice are central to moral responsibility, as they involve the agent's actions toward others. The text explains, ""Justice is a kind of mean – not in the same way as the other virtues, but because it is concerned with a mean, while injustice is concerned with extremes.""
   - **Specific Use**: Just actions are praised, while unjust actions are blamed, reflecting moral responsibility.

10. **Habituation**
    - **Reason for Selection**: Habituation is crucial for moral responsibility, as it shapes character and actions. The text notes, ""Virtues, however, we acquire by first exercising them. The same is true with skills, since what we need to learn before doing, we learn by doing.""
    - **Specific Use**: Habituation to virtuous actions fosters moral responsibility, while habituation to vicious actions undermines it.

These concepts are central to the discussion of moral responsibility in the document, as they define the criteria for praise, blame, and moral accountability.",N/A,N/A,0,Query 1/5,0.00
0.5,0.32,50,0.6,🇪🇺 Mistral-API,"Here is a list of the 10 most prominent concepts describing criteria for moral responsibility in the provided document, along with explanations for their selection and specific uses:

1. **Voluntary Actions**
   - **Reason for Selection**: The text repeatedly emphasizes the distinction between voluntary and involuntary actions as foundational for moral responsibility. Actions are deemed voluntary when they originate from the agent’s own rational choice and are performed with awareness of their circumstances.
   - **Specific Use**: ""Actions that in themselves are involuntary, but worth choosing at a certain time and for certain benefits, and have their first principle in the agent, are in themselves involuntary, but at that time and for those benefits voluntary"" (Book III, Chapter 1).

2. **Involuntary Actions**
   - **Reason for Selection**: Involuntary actions are those compelled by external forces or ignorance, and they are often excused from moral blame. The text contrasts these with voluntary actions to establish criteria for responsibility.
   - **Specific Use**: ""What is forced is what has an external first principle, such that the agent or the person acted upon contributes nothing to it"" (Book III, Chapter 1).

3. **Rational Choice (Prohairesis)**
   - **Reason for Selection**: Rational choice is central to moral responsibility, as it signifies the agent’s deliberate decision-making process. The text links moral virtue to actions performed through rational choice.
   - **Specific Use**: ""The same person cannot be practically wise and incontinent at the same time. We have shown that a practically wise person is at the same time good in character. Again, a person is practically wise not only by knowing, but also by being disposed to act"" (Book VII, Chapter 10).

4. **Ignorance (Agnoia)**
   - **Reason for Selection**: Ignorance is a key criterion for determining whether an action is involuntary and thus excusable. The text distinguishes between ignorance of universal principles (which is blameworthy) and ignorance of particulars (which may excuse an action).
   - **Specific Use**: ""Acting through ignorance seems to be different from acting in ignorance, because the drunk or the person in a rage is not thought to act through ignorance, but through drunkenness or anger"" (Book III, Chapter 1).

5. **Pleasure and Pain**
   - **Reason for Selection**: The text links moral responsibility to the agent’s experience of pleasure and pain, as these emotions influence their actions. Virtue is concerned with moderating these experiences.
   - **Specific Use**: ""For virtue of character is concerned with pleasures and pains: it is because of pleasure that we do bad actions, and pain that we abstain from noble ones"" (Book III, Chapter 1).

6. **Character (Hexis)**
   - **Reason for Selection**: Character is the enduring disposition that shapes an agent’s actions. The text argues that moral responsibility depends on the agent’s character, which is formed through habituation.
   - **Specific Use**: ""Virtue is a state involving rational choice, consisting in a mean relative to us and determined by reason"" (Book II, Chapter 6).

7. **Habituation (Ethismos)**
   - **Reason for Selection**: Habituation is the process by which moral character is formed. The text emphasizes that repeated actions shape an agent’s disposition, making them morally responsible for their habits.
   - **Specific Use**: ""Virtues, however, we acquire by first exercising them. The same is true with skills, since what we need to learn before doing, we learn by doing"" (Book II, Chapter 1).

8. **Mean (Mesotes)**
   - **Reason for Selection**: The concept of the mean is central to Aristotle’s ethics, as virtue is a mean between excess and deficiency. Moral responsibility involves acting in accordance with this mean.
   - **Specific Use**: ""Virtue is a mean between two vices, one of excess and one of deficiency"" (Book II, Chapter 6).

9. **Justice (Dikaiosyne)**
   - **Reason for Selection**: Justice is a key virtue that governs interactions between individuals. The text defines justice as a mean in social relations, making it essential for moral responsibility.
   - **Specific Use**: ""Justice is a kind of mean – not in the same way as the other virtues, but because it is concerned with a mean, while injustice is concerned with extremes"" (Book V, Chapter 3).

10. **Incontinence (Akrasia) and Self-Control (Enkrateia)**
    - **Reason for Selection**: These concepts explore the tension between reason and desire, highlighting how moral responsibility is compromised when an agent acts against their better judgment.
    - **Specific Use**: ""The incontinent person is not like someone who knows and is attending to his knowledge, but like someone asleep or drunk"" (Book VII, Chapter 10).

These concepts are central to Aristotle’s framework for moral responsibility, as they delineate the criteria by which actions are judged as voluntary, intentional, and reflective of the agent’s character. The text repeatedly returns to these ideas to construct a nuanced theory of moral agency.",N/A,N/A,0,Query 2/5,0.00
0.5,0.55,50,0.6,🇪🇺 Mistral-API,"Here is a list of the 10 most prominent concepts describing criteria for moral responsibility in the uploaded document, along with explanations of their significance and specific uses:

1. **Voluntary Actions (ἑκούσια)**
   - **Reason for Selection**: The text repeatedly emphasizes the distinction between voluntary and involuntary actions as foundational to moral responsibility. Actions are deemed morally significant only if they are voluntary, meaning they originate from the agent’s rational choice and are not compelled by external forces or ignorance.
   - **Specific Use**: The text defines voluntary actions as those where the agent ""knows the particular circumstances of the action"" (1110b) and acts with awareness of the person affected, the instrument used, and the end of the action (1135b).

2. **Involuntary Actions (ἀκούσια)**
   - **Reason for Selection**: Involuntary actions are exempt from moral blame, as they are either forced or done in ignorance. This concept is crucial for delineating the boundaries of moral responsibility.
   - **Specific Use**: The text distinguishes between actions done ""by force"" (e.g., being carried away by a wind) and those done ""through ignorance"" (e.g., striking someone without knowing their identity) (1110a).

3. **Forced Actions (βιαζόμενα)**
   - **Reason for Selection**: Forced actions are those where the agent contributes nothing to the action, making them morally neutral. This concept clarifies when an agent is not responsible for their actions.
   - **Specific Use**: The text states that forced actions are those ""where the person forced contributes nothing"" (1110b), such as being carried away by a storm or a tyrant’s coercion.

4. **Ignorance (ἀγνοία)**
   - **Reason for Selection**: Ignorance is a key criterion for involuntary actions, as it absolves the agent of moral responsibility. The text distinguishes between different types of ignorance to determine moral culpability.
   - **Specific Use**: The text identifies ignorance of the person affected, the instrument used, or the end of the action as grounds for involuntariness (1135b).

5. **Rational Choice (προαίρεσις)**
   - **Reason for Selection**: Rational choice is central to moral responsibility, as it signifies the agent’s deliberate selection of actions. The text links virtue and vice to the agent’s capacity for rational choice.
   - **Specific Use**: The text defines virtue as a state involving rational choice, where the agent ""chooses the mean"" in accordance with reason (1107a).

6. **Virtue (ἀρετή)**
   - **Reason for Selection**: Virtue is the disposition to act morally, making it a cornerstone of moral responsibility. The text explores how virtues are cultivated and expressed through voluntary actions.
   - **Specific Use**: The text describes virtue as a ""mean relative to us, determined by reason"" (1107a), and emphasizes that virtues are voluntary because they are ""in our power"" (1113b).

7. **Vice (κακία)**
   - **Reason for Selection**: Vice represents the failure to act morally, making it the antithesis of moral responsibility. The text examines how vices arise from voluntary actions.
   - **Specific Use**: The text states that vice is ""concerned with the same things as virtue"" but involves ""excess or deficiency"" in actions (1107a).

8. **Pleasure and Pain (ἡδονή και λύπη)**
   - **Reason for Selection**: Pleasure and pain are linked to moral responsibility, as they influence the agent’s choices. The text argues that moral character is shaped by the agent’s responses to pleasure and pain.
   - **Specific Use**: The text asserts that ""virtue of character is concerned with pleasures and pains"" (1104b), as these determine whether the agent acts virtuously or viciously.

9. **Habituation (ἔθος)**
   - **Reason for Selection**: Habituation is the process by which moral character is formed, making it essential to understanding moral responsibility. The text argues that virtues and vices are developed through repeated actions.
   - **Specific Use**: The text states that ""virtues we acquire by first exercising them"" (1103b), and that ""we become just by doing just actions"" (1103b).

10. **Moral Luck (τυχή)**
    - **Reason for Selection**: Moral luck refers to the role of external circumstances in shaping moral responsibility. The text acknowledges that some actions are involuntary due to uncontrollable factors.
    - **Specific Use**: The text discusses how actions done ""through fear of greater evils"" (e.g., throwing cargo overboard in a storm) are morally ambiguous (1110a).

These concepts are central to the text’s exploration of moral responsibility, as they define the criteria for voluntary actions, the role of ignorance and coercion, and the cultivation of moral character through habituation. The text’s emphasis on rational choice and virtue highlights the agent’s capacity for moral agency, while its discussion of pleasure, pain, and moral luck underscores the complexities of moral responsibility.",N/A,N/A,0,Query 3/5,0.00
0.5,0.77,50,0.6,🇪🇺 Mistral-API,"Here are the 10 most prominent concepts describing criteria for moral responsibility in the uploaded document, along with explanations for their selection based on specific uses:

1. **Voluntary Actions**
   - *Reason for Selection*: The text repeatedly emphasizes that moral responsibility hinges on voluntary actions, contrasting them with involuntary or forced actions. For example, it states, ""What is forced is what has an external first principle, such that the agent or the person acted upon contributes nothing"" (Book III, Chapter 1). This distinction is crucial for determining moral culpability.

2. **Involuntary Actions**
   - *Reason for Selection*: The document defines involuntary actions as those done ""by force or through ignorance,"" which are pardoned rather than blamed. For instance, it notes, ""Things that happen by force or through ignorance are thought to be involuntary"" (Book III, Chapter 1). This criterion is essential for exempting individuals from moral responsibility.

3. **Ignorance**
   - *Reason for Selection*: Ignorance is a key factor in determining moral responsibility. The text specifies that ignorance of particulars (e.g., the circumstances of an action) can render an action involuntary and thus not morally blameworthy. For example, ""Someone who is ignorant of any of them [circumstances] seems to have acted involuntarily"" (Book III, Chapter 1).

4. **Rational Choice**
   - *Reason for Selection*: Rational choice is central to moral responsibility, as it involves deliberate decision-making. The text states, ""The same person cannot be practically wise and incontinent at the same time... a practically wise person is at the same time good in character"" (Book VII, Chapter 10). This links moral responsibility to the capacity for rational deliberation.

5. **Character (Virtue/Vice)**
   - *Reason for Selection*: The document argues that moral responsibility is tied to one's character, which is shaped by virtues and vices. For example, ""Virtue is a state involving rational choice, consisting in a mean relative to us and determined by reason"" (Book II, Chapter 6). This suggests that moral responsibility is tied to habitual dispositions.

6. **Pleasure and Pain**
   - *Reason for Selection*: The text discusses how pleasure and pain influence moral behavior, noting that ""virtue of character is concerned with pleasures and pains"" (Book II, Chapter 3). This highlights the role of emotional states in moral responsibility.

7. **Forced Actions**
   - *Reason for Selection*: The document distinguishes between actions done under duress and those done freely, stating, ""What is forced is what has an external first principle, where the person forced contributes nothing"" (Book III, Chapter 1). This criterion is used to assess whether an action is morally responsible.

8. **Habituation**
   - *Reason for Selection*: The text emphasizes the role of habituation in forming moral character, stating, ""We become just by doing just actions, temperate by temperate actions"" (Book II, Chapter 1). This suggests that moral responsibility is shaped by repeated actions and practices.

9. **Law and Justice**
   - *Reason for Selection*: The document links moral responsibility to legal and just actions, noting, ""Law requires us to do the acts of a courageous person... and forbids those in accordance with the vices"" (Book V, Chapter 1). This connects moral responsibility to societal norms and laws.

10. **Self-Control and Incontinence**
    - *Reason for Selection*: The text discusses self-control and incontinence as moral states, stating, ""The incontinent person is not like someone who knows and is attending to his knowledge, but like someone asleep or drunk"" (Book VII, Chapter 10). This highlights the role of self-mastery in moral responsibility.

These concepts are central to the document's discussion of moral responsibility, as they define the criteria for voluntary actions, the role of character, and the influence of external factors like ignorance and force.",N/A,N/A,0,Query 4/5,0.00
0.5,0.99,50,0.6,🇪🇺 Mistral-API,"Here are the 10 most prominent concepts describing criteria for moral responsibility in the provided text, along with explanations for their selection based on specific uses in the document:

1. **Voluntary Actions**
   - **Reason for Selection**: The text repeatedly emphasizes the distinction between voluntary and involuntary actions as central to moral responsibility. For example, it states, ""Actions that in themselves are involuntary, but worth choosing at a certain time and for certain benefits, and have their first principle in the agent, are in themselves involuntary, but at that time and for those benefits voluntary"" (page_content 1). This highlights the nuanced understanding of voluntariness in moral judgment.

2. **Involuntary Actions**
   - **Reason for Selection**: The text contrasts involuntary actions with voluntary ones, noting that involuntary actions are often excused or pitied. For instance, it mentions, ""Things that happen by force or through ignorance are thought to be involuntary"" (page_content 14). This distinction is crucial for determining moral responsibility.

3. **Forced Actions**
   - **Reason for Selection**: The text defines forced actions as those where the agent contributes nothing, such as being carried away by a wind or powerful people. It states, ""What is forced, then, seems to be what has an external first principle, where the person forced contributes nothing"" (page_content 1). This criterion is essential for assessing moral responsibility in coercive situations.

4. **Ignorance**
   - **Reason for Selection**: The text discusses ignorance as a factor in involuntary actions, noting that ignorance of particulars (e.g., the circumstances of the action) can make an action involuntary. For example, it states, ""Ignorance of particulars – the circumstances of the action and what it is concerned with – is what causes involuntariness"" (page_content 14). This highlights the role of ignorance in moral responsibility.

5. **Rational Choice**
   - **Reason for Selection**: The text emphasizes rational choice as a key factor in voluntary actions. It states, ""The same is true with skills, since what we need to learn before doing, we learn by doing; for example, we become builders by building, and lyre-players by playing the lyre. So too we become just by doing just actions, temperate by temperate actions, and courageous by courageous actions"" (page_content 5). This underscores the role of rational choice in moral responsibility.

6. **Pleasure and Pain**
   - **Reason for Selection**: The text links moral responsibility to the experience of pleasure and pain, noting that virtue of character is concerned with pleasures and pains. For example, it states, ""Virtue of character is concerned with pleasures and pains: it is because of pleasure that we do bad actions, and pain that we abstain from noble ones"" (page_content 2). This highlights the emotional dimension of moral responsibility.

7. **Habituation**
   - **Reason for Selection**: The text discusses habituation as a means of developing moral character, noting that virtues are acquired by practice. For instance, it states, ""Virtues, however, we acquire by first exercising them"" (page_content 5). This underscores the role of habituation in shaping moral responsibility.

8. **Justice and Injustice**
   - **Reason for Selection**: The text defines justice and injustice as central to moral responsibility, noting that justice is a mean between excess and deficiency. For example, it states, ""Justice is a kind of mean – not in the same way as the other virtues, but because it is concerned with a mean, while injustice is concerned with extremes"" (page_content 13). This highlights the role of justice in moral judgment.

9. **Virtue and Vice**
   - **Reason for Selection**: The text discusses virtue and vice as key factors in moral responsibility, noting that virtues are voluntary and vices are voluntary as well. For instance, it states, ""Virtue is distinguished along the same lines. Some virtues we say are intellectual, such as wisdom, judgement and practical wisdom, while others are virtues of character, such as generosity and temperance"" (page_content 12). This underscores the role of character in moral responsibility.

10. **Punishment and Reward**
    - **Reason for Selection**: The text discusses punishment and reward as consequences of moral responsibility, noting that punishment is based on pleasure and pain. For example, it states, ""The fact that punishment is based on pleasure and pain is further evidence of their relevance; for punishment is a kind of cure, and cures by their nature are effected by contraries"" (page_content 2). This highlights the role of consequences in moral responsibility.

These concepts are central to the text's discussion of moral responsibility, as they address the criteria for determining when an action is morally responsible, the role of character and emotion, and the consequences of moral actions.",N/A,N/A,0,Query 5/5,0.00
