Temperature,Top-p,Top-k,BM25 Weight,Model,Main Answer,Input Tokens,Output Tokens,Conversation History,Progress,Elapsed Time (s)
0.5,0.95,1,0.6,🇪🇺 Mistral-API,"Here are the 10 most prominent concepts describing criteria for moral responsibility in the uploaded document, along with explanations for their selection based on specific uses in the text:

1. **Voluntary Actions**
   - *Reason for selection*: The text repeatedly emphasizes that moral responsibility hinges on voluntary actions. For example, it states, ""Things that happen by force or through ignorance are thought to be involuntary,"" and ""What is voluntary would seem to be what has its first principle in the person himself when he knows the particular circumstances of the action."" (Book III, Chapter 1)
   - *Significance*: Voluntary actions are central to determining moral responsibility, as they indicate the agent's control and awareness.

2. **Involuntary Actions**
   - *Reason for selection*: The text contrasts voluntary actions with involuntary ones, defining involuntary actions as those done ""by force or through ignorance."" It further specifies that ""what is forced is what has an external first principle, such that the agent or the person acted upon contributes nothing."" (Book III, Chapter 1)
   - *Significance*: Involuntary actions are exempt from moral blame, as they lack the agent's intentionality or control.

3. **Rational Choice**
   - *Reason for selection*: The text links moral responsibility to rational choice, stating, ""The same is true with skills, since what we need to learn before doing, we learn by doing; for example, we become builders by building, and lyre-players by playing the lyre. So too we become just by doing just actions, temperate by temperate actions, and courageous by courageous actions."" (Book II, Chapter 1)
   - *Significance*: Rational choice reflects the agent's deliberate decision-making, a key criterion for moral responsibility.

4. **Ignorance**
   - *Reason for selection*: The text discusses ignorance as a factor in moral responsibility, noting, ""Acting through ignorance seems to be different from acting in ignorance, because the drunk or the person in a rage is not thought to act through ignorance, but through drunkenness or anger."" (Book III, Chapter 1)
   - *Significance*: Ignorance can mitigate or negate moral responsibility, depending on its nature and context.

5. **Pleasure and Pain**
   - *Reason for selection*: The text connects moral responsibility to the experience of pleasure and pain, stating, ""Pleasures that do not involve pains, however, do not admit of excess. These are among the things pleasant by nature and not incidentally."" (Book X, Chapter 5)
   - *Significance*: Pleasure and pain influence moral behavior, as they shape the agent's motivations and actions.

6. **Virtue and Vice**
   - *Reason for selection*: The text ties moral responsibility to virtue and vice, asserting, ""Virtue is a state involving rational choice, consisting in a mean relative to us and determined by reason."" (Book II, Chapter 6)
   - *Significance*: Virtue and vice reflect the agent's character and moral disposition, which are central to moral responsibility.

7. **Habituation**
   - *Reason for selection*: The text highlights habituation as a means to cultivate moral responsibility, stating, ""We acquire the virtues first by first exercising them."" (Book II, Chapter 1)
   - *Significance*: Habituation shapes the agent's moral character, making it a key factor in moral responsibility.

8. **Justice and Injustice**
   - *Reason for selection*: The text defines moral responsibility in terms of justice and injustice, noting, ""Justice is a kind of mean – not in the same way as the other virtues, but because it is concerned with a mean, while injustice is concerned with extremes."" (Book V, Chapter 3)
   - *Significance*: Justice and injustice are fundamental to moral responsibility, as they involve the agent's actions toward others.

9. **Self-Control and Incontinence**
   - *Reason for selection*: The text discusses self-control and incontinence as aspects of moral responsibility, stating, ""The incontinent person is not like someone who knows and is attending to his knowledge, but like someone asleep or drunk."" (Book VII, Chapter 3)
   - *Significance*: Self-control and incontinence reflect the agent's ability to regulate their actions, a key aspect of moral responsibility.

10. **Punishment and Reward**
    - *Reason for selection*: The text links moral responsibility to punishment and reward, asserting, ""Punishment is a kind of cure, and cures by their nature are effected by contraries."" (Book II, Chapter 3)
    - *Significance*: Punishment and reward are mechanisms that enforce moral responsibility by holding agents accountable for their actions.

These concepts are central to the discussion of moral responsibility in the text, as they address the agent's control, awareness, motivations, and character, which are essential for determining moral accountability.",N/A,N/A,0,Query 1/5,0.00
0.5,0.95,25,0.6,🇪🇺 Mistral-API,"Here are the 10 most prominent concepts describing criteria for moral responsibility in the uploaded document, along with explanations for their selection based on specific uses:

1. **Voluntary Actions**
   - *Reason for Selection*: The text repeatedly emphasizes the distinction between voluntary and involuntary actions as central to moral responsibility. For example, it states, ""Things that happen by force or through ignorance are thought to be involuntary,"" and ""What is forced is what has an external first principle, such as a wind, or people with power over him carrying him somewhere."" (Book III, Chapter 1)
   - *Significance*: Voluntary actions are those for which an agent is morally responsible, while involuntary actions (e.g., those done under compulsion or ignorance) are not.

2. **Involuntary Actions**
   - *Reason for Selection*: The text contrasts involuntary actions with voluntary ones, arguing that moral responsibility is tied to the agent's control over their actions. For instance, ""Acting through ignorance seems to be different from acting in ignorance, because the drunk or the person in a rage is not thought to act through ignorance, but through drunkenness or anger."" (Book III, Chapter 1)
   - *Significance*: Involuntary actions are excused from moral blame, as they lack the agent's intentional control.

3. **Rational Choice (Prohairesis)**
   - *Reason for Selection*: The text defines moral responsibility in terms of rational choice, stating, ""The same person cannot be practically wise and incontinent at the same time. We have shown that a practically wise person is at the same time good in character. Again, a person is practically wise not only by knowing, but also by being disposed to act."" (Book VII, Chapter 1)
   - *Significance*: Rational choice is the capacity to deliberate and act in accordance with reason, a key criterion for moral responsibility.

4. **Ignorance (Agnoia)**
   - *Reason for Selection*: The text distinguishes between different types of ignorance to determine moral responsibility. For example, ""Acting through ignorance seems to be different from acting in ignorance, because the drunk or the person in a rage is not thought to act through ignorance, but through drunkenness or anger."" (Book III, Chapter 1)
   - *Significance*: Ignorance can mitigate or negate moral responsibility, depending on whether it is avoidable or unavoidable.

5. **Force (Bia)**
   - *Reason for Selection*: The text explicitly defines forced actions as those where the agent contributes nothing, such as being carried away by a wind or powerful people. For example, ""What is forced is what has an external first principle, such as a wind, or people with power over him carrying him somewhere."" (Book III, Chapter 1)
   - *Significance*: Force negates moral responsibility, as the agent lacks control over the action.

6. **Character (Ethos)**
   - *Reason for Selection*: The text links moral responsibility to character, stating, ""Virtue is a state involving rational choice, consisting in a mean relative to us and determined by reason—the reason, that is, by reference to which the practically wise person would determine it."" (Book II, Chapter 6)
   - *Significance*: Character shapes an agent's actions and intentions, making it a key factor in moral responsibility.

7. **Pleasure and Pain**
   - *Reason for Selection*: The text argues that moral responsibility involves the ability to resist or pursue pleasures and pains in accordance with virtue. For example, ""Virtue of character is concerned with pleasures and pains: it is because of pleasure that we do bad actions, and pain that we abstain from noble ones."" (Book III, Chapter 10)
   - *Significance*: The ability to regulate pleasures and pains is tied to moral responsibility.

8. **Habituation (Ethismos)**
   - *Reason for Selection*: The text emphasizes the role of habituation in forming virtuous or vicious character, stating, ""Virtues, however, we acquire by first exercising them. The same is true with skills, since what we need to learn before doing, we learn by doing."" (Book II, Chapter 1)
   - *Significance*: Habituation shapes moral responsibility by influencing an agent's dispositions.

9. **Justice and Injustice**
   - *Reason for Selection*: The text defines justice and injustice as central to moral responsibility, stating, ""Justice is a kind of mean—not in the same way as the other virtues, but because it is concerned with a mean, while injustice is concerned with extremes."" (Book V, Chapter 1)
   - *Significance*: Justice and injustice are key moral categories that determine moral responsibility.

10. **Practical Wisdom (Phronesis)**
    - *Reason for Selection*: The text links practical wisdom to moral responsibility, stating, ""The same person cannot be practically wise and incontinent at the same time. We have shown that a practically wise person is at the same time good in character."" (Book VII, Chapter 1)
    - *Significance*: Practical wisdom enables agents to act in accordance with virtue, making it essential for moral responsibility.

These concepts are central to the text's discussion of moral responsibility, as they define the criteria for when an agent is morally responsible for their actions. The text repeatedly emphasizes the role of voluntary actions, rational choice, character, and practical wisdom in determining moral responsibility, while distinguishing between voluntary and involuntary actions, and the impact of ignorance, force, and habituation.",N/A,N/A,0,Query 2/5,0.00
0.5,0.95,50,0.6,🇪🇺 Mistral-API,"Here are the 10 most prominent concepts describing criteria for moral responsibility in the uploaded document, along with explanations for their selection based on specific uses of the terms:

1. **Voluntary Actions**
   - *Reason for Selection*: The text repeatedly emphasizes the distinction between voluntary and involuntary actions as foundational for moral responsibility. For example, it states, ""Since virtue is to do with feelings and actions, and since voluntary feelings and actions are praised and blamed, while the involuntary ones are pardoned and occasionally even pitied, presumably anyone considering virtue must determine the limits of the voluntary and the involuntary.""
   - *Key Passage*: ""What is forced, then, seems to be what has an external first principle, where the person forced contributes nothing.""

2. **Involuntary Actions**
   - *Reason for Selection*: The text explicitly contrasts involuntary actions with voluntary ones, defining them as actions done through ignorance or compulsion, which are pardoned rather than blamed. For example, ""Things that happen by force or through ignorance are thought to be involuntary.""
   - *Key Passage*: ""Acting through ignorance seems to be different from acting in ignorance, because the drunk or the person in a rage is not thought to act through ignorance, but through drunkenness or anger.""

3. **Rational Choice**
   - *Reason for Selection*: Rational choice is central to moral responsibility, as it determines whether an action is voluntary or involuntary. The text states, ""The same person cannot be practically wise and incontinent at the same time. We have shown that a practically wise person is at the same time good in character.""
   - *Key Passage*: ""The person who is practically wise is at the same time good in character.""

4. **Ignorance of Particulars**
   - *Reason for Selection*: The text highlights that ignorance of particulars (e.g., the circumstances of an action) is a key criterion for involuntary actions, which affects moral responsibility. For example, ""Perhaps it would be no bad thing, therefore, to delineate their nature and number. A person may be ignorant of who he is, of what he is doing, of the sphere in which or to what he is doing it, and sometimes also of what it is that he is doing it with (e.g., a tool), of what it is for (e.g., safety), and of the way in which he is doing it (e.g., gently or roughly).""
   - *Key Passage*: ""No one could be ignorant of all of these unless he were mad, and clearly not of what he is doing.""

5. **Pleasure and Pain**
   - *Reason for Selection*: The text links moral responsibility to the experience of pleasure and pain, arguing that virtues and vices are concerned with these feelings. For example, ""Virtue of character is concerned with pleasures and pains: it is because of pleasure that we do bad actions, and pain that we abstain from noble ones.""
   - *Key Passage*: ""Pleasures that do not involve pains, however, do not admit of excess.""

6. **First Principle**
   - *Reason for Selection*: The ""first principle"" is a recurring concept in the text, referring to the origin of an action that determines its moral status. For example, ""What is forced, then, seems to be what has an external first principle, where the person forced contributes nothing.""
   - *Key Passage*: ""The same is true of skills, since what we need to learn before doing, we learn by doing.""

7. **Character (State of Character)**
   - *Reason for Selection*: The text argues that moral responsibility is tied to a person's character, which is shaped by habits and actions. For example, ""Virtues, however, we acquire by first exercising them. The same is true with skills, since what we need to learn before doing, we learn by doing.""
   - *Key Passage*: ""The person who is practically wise is at the same time good in character.""

8. **Justice and Injustice**
   - *Reason for Selection*: The text discusses justice and injustice as key moral concepts, with justice being a mean between excess and deficiency. For example, ""Justice is a kind of mean – not in the same way as the other virtues, but because it is concerned with a mean, while injustice is concerned with extremes.""
   - *Key Passage*: ""Justice is a kind of mean – not in the same way as the other virtues, but because it is concerned with a mean, while injustice is concerned with extremes.""

9. **Punishment and Blame**
   - *Reason for Selection*: The text links moral responsibility to punishment and blame, arguing that voluntary actions are subject to blame, while involuntary actions are pardoned. For example, ""Things that happen by force or through ignorance are thought to be involuntary. What is forced is what has an external first principle, such as a wind, or people with power over him carry him somewhere.""
   - *Key Passage*: ""The fact that punishment is based on pleasure and pain is further evidence of their relevance.""

10. **Habituation**
    - *Reason for Selection*: The text emphasizes habituation as a means of developing moral character, which affects moral responsibility. For example, ""The same is true with skills, since what we need to learn before doing, we learn by doing; for example, we become builders by building, and lyre-players by playing the lyre. So too we become just by doing just actions, temperate by temperate actions, and courageous by courageous actions.""
    - *Key Passage*: ""The same is true with skills, since what we need to learn before doing, we learn by doing.""

These concepts are central to the discussion of moral responsibility in the text, as they define the criteria for voluntary and involuntary actions, the role of character, and the consequences of moral actions.",N/A,N/A,0,Query 3/5,0.00
0.5,0.95,75,0.6,🇪🇺 Mistral-API,"Here are the 10 most prominent concepts describing criteria for moral responsibility in the uploaded document, along with explanations for their selection based on specific uses:

1. **Voluntary Actions**
   - *Reason for Selection*: The text repeatedly emphasizes the distinction between voluntary and involuntary actions as central to moral responsibility. For example, it states, ""What is voluntary would seem to be what has its first principle in the person himself when he knows the particular circumstances of the action"" (Book III, Chapter 1). This aligns with the idea that moral responsibility hinges on the agent's control and awareness.

2. **Involuntary Actions**
   - *Reason for Selection*: The text contrasts involuntary actions with voluntary ones, defining them as actions done ""by force or through ignorance."" For instance, ""What is forced is what has an external first principle, where the person forced contributes nothing"" (Book III, Chapter 1). This underscores the lack of moral responsibility in such cases.

3. **Ignorance**
   - *Reason for Selection*: Ignorance is a key criterion for involuntary actions. The text specifies, ""Acting through ignorance seems to be different from acting in ignorance... For the drunk or the person in a rage is not thought to act through ignorance, but through drunkenness or anger"" (Book III, Chapter 1). This nuance highlights the conditions under which ignorance absolves moral responsibility.

4. **Rational Choice**
   - *Reason for Selection*: Rational choice is central to moral responsibility. The text asserts, ""The same person cannot be practically wise and incontinent at the same time... A practically wise person is at the same time good in character"" (Book VII, Chapter 10). This links moral responsibility to the agent's capacity for reasoned decision-making.

5. **Virtue and Vice**
   - *Reason for Selection*: Virtue and vice are tied to moral responsibility. The text states, ""Virtue is a state involving rational choice, consisting in a mean relative to us and determined by reason"" (Book II, Chapter 6). This suggests that moral responsibility is shaped by the agent's character and habits.

6. **Pleasure and Pain**
   - *Reason for Selection*: The text discusses how pleasure and pain influence moral responsibility. For example, ""Pleasure is shared with animals, and accompanies all objects of choice, because what is noble and what is useful appear pleasant as well"" (Book II, Chapter 6). This indicates that moral responsibility involves the agent's emotional and sensory responses.

7. **Forced Actions**
   - *Reason for Selection*: Forced actions are explicitly excluded from moral responsibility. The text defines them as ""what has an external first principle, such that the agent or the person acted upon contributes nothing"" (Book III, Chapter 1). This criterion is crucial for distinguishing between actions that are morally responsible and those that are not.

8. **Habituation**
   - *Reason for Selection*: The text emphasizes the role of habituation in moral responsibility. It states, ""We become just by doing just actions, temperate by temperate actions, and courageous by courageous actions"" (Book II, Chapter 1). This suggests that moral responsibility is shaped by the agent's upbringing and practices.

9. **Self-Control and Incontinence**
   - *Reason for Selection*: The text discusses self-control and incontinence as states that affect moral responsibility. For example, ""The incontinent person is not like someone who knows and is attending to his knowledge, but like someone asleep or drunk"" (Book VII, Chapter 10). This highlights the agent's capacity for self-regulation as a factor in moral responsibility.

10. **Justice and Injustice**
    - *Reason for Selection*: Justice and injustice are central to moral responsibility. The text states, ""Justice is a kind of mean... concerned with a mean, while injustice is concerned with extremes"" (Book V, Chapter 1). This suggests that moral responsibility involves the agent's adherence to principles of fairness and equity.

These concepts are selected because they are repeatedly emphasized in the text as criteria for determining moral responsibility, often with detailed explanations of their application in specific contexts.",N/A,N/A,0,Query 4/5,0.00
0.5,0.95,100,0.6,🇪🇺 Mistral-API,"Here are the 10 most prominent concepts describing criteria for moral responsibility in the uploaded document, along with explanations for their selection and specific uses:

1. **Voluntary Actions**
   - *Reason for selection*: The text repeatedly emphasizes the distinction between voluntary and involuntary actions as central to moral responsibility. Voluntary actions are those performed knowingly and under the agent's control, making the agent morally responsible for them.
   - *Specific use*: ""Actions that in themselves are involuntary, but worth choosing at a certain time and for certain benefits, and have their first principle in the agent, are in themselves involuntary, but at that time and for those benefits voluntary"" (Book III, Chapter 1).

2. **Involuntary Actions**
   - *Reason for selection*: Involuntary actions are those performed under compulsion or ignorance, which the text argues exempt the agent from moral blame.
   - *Specific use*: ""What is forced is what has an external first principle, where the person forced contributes nothing"" (Book III, Chapter 1).

3. **Rational Choice (Prohairesis)**
   - *Reason for selection*: Rational choice is a key criterion for moral responsibility, as it involves deliberate decision-making aligned with virtue or vice.
   - *Specific use*: ""The same person cannot be practically wise and incontinent at the same time. We have shown that a practically wise person is at the same time good in character"" (Book VII, Chapter 10).

4. **Ignorance (Agnoia)**
   - *Reason for selection*: Ignorance, particularly of particular circumstances, is a defense against moral blame, as it renders actions involuntary.
   - *Specific use*: ""Acting through ignorance seems to be different from acting in ignorance... In fact, every wicked person is ignorant of what he should do and refrain from doing"" (Book III, Chapter 1).

5. **Pleasure and Pain**
   - *Reason for selection*: The text links moral responsibility to the agent's emotional responses, particularly pleasure and pain, as indicators of character.
   - *Specific use*: ""Virtue of character is concerned with pleasures and pains: it is because of pleasure that we do bad actions, and pain that we abstain from noble ones"" (Book II, Chapter 3).

6. **Habituation (Ethos)**
   - *Reason for selection*: Habituation is the process by which moral character is formed, making it a foundational concept for responsibility.
   - *Specific use*: ""Virtues, however, we acquire by first exercising them. The same is true with skills, since what we need to learn before doing, we learn by doing"" (Book II, Chapter 1).

7. **First Principle (Arche)**
   - *Reason for selection*: The ""first principle"" of an action determines its moral character, whether it originates in the agent or external circumstances.
   - *Specific use*: ""What is just is found among people who have a share of things that are good without qualification, and whose share can be excessive or deficient"" (Book III, Chapter 10).

8. **Virtue (Arete)**
   - *Reason for selection*: Virtue is the moral ideal, and actions performed in accordance with virtue are morally praiseworthy.
   - *Specific use*: ""Virtue is a state involving rational choice, consisting in a mean relative to us and determined by reason"" (Book II, Chapter 6).

9. **Vice (Kakia)**
   - *Reason for selection*: Vice represents moral failure, and actions performed in accordance with vice are morally blameworthy.
   - *Specific use*: ""Virtue is distinguished along the same lines. Some virtues we say are intellectual, such as wisdom, judgement and practical wisdom, while others are virtues of character"" (Book II, Chapter 1).

10. **Moral Luck (Tyche)**
    - *Reason for selection*: The text acknowledges that moral responsibility is influenced by external factors (luck), complicating the attribution of blame or praise.
    - *Specific use*: ""The fact that punishment is based on pleasure and pain is further evidence of their relevance; for punishment is a kind of cure, and cures by their nature are effected by contraries"" (Book II, Chapter 3).

These concepts are central to Aristotle's framework for moral responsibility, as they delineate the conditions under which agents are held accountable for their actions. The text's emphasis on voluntary actions, rational choice, and habituation underscores the role of agency in moral evaluation, while concepts like ignorance and moral luck highlight the limitations of individual control.",N/A,N/A,0,Query 5/5,0.00
