Temperature,Top-p,Top-k,BM25 Weight,Model,Main Answer,Input Tokens,Output Tokens,Conversation History,Progress,Elapsed Time (s)
0.5,0.95,50,0.0,🇪🇺 Mistral-API,"Here are the 10 most prominent concepts describing criteria for moral responsibility in the uploaded document, along with explanations of their significance and specific uses:

1. **Voluntary Actions**
   - **Reason for Selection**: The text repeatedly emphasizes the distinction between voluntary and involuntary actions as foundational to moral responsibility. For example, it states, ""Since virtue is to do with feelings and actions, and since voluntary feelings and actions are praised and blamed, while the involuntary ones are pardoned and occasionally even pitied, presumably anyone considering virtue must determine the limits of the voluntary and the involuntary.""
   - **Specific Use**: Voluntary actions are those where the agent has control and knowledge, making them subject to praise or blame. The text contrasts this with involuntary actions, which are excused due to external forces or ignorance.

2. **Involuntary Actions**
   - **Reason for Selection**: The text explicitly defines involuntary actions as those done under compulsion or ignorance, which are not subject to moral blame. For example, ""Things that happen by force or through ignorance are thought to be involuntary.""
   - **Specific Use**: Involuntary actions are excused because they lack the agent's rational choice or control, such as actions done under duress or in ignorance of key circumstances.

3. **Rational Choice**
   - **Reason for Selection**: Rational choice is central to moral responsibility, as it involves deliberate decision-making. The text states, ""The same is true with skills, since what we need to learn before doing, we learn by doing; for example, we become builders by building, and lyre-players by playing the lyre. So too we become just by doing just actions, temperate by temperate actions, and courageous by courageous actions.""
   - **Specific Use**: Rational choice is the basis for virtuous actions, distinguishing morally responsible behavior from mere habit or compulsion.

4. **Ignorance**
   - **Reason for Selection**: Ignorance is a key criterion for excusing actions from moral responsibility. The text explains, ""Acting through ignorance seems to be different from acting in ignorance, because the drunk or the person in a rage is not thought to act through ignorance, but through drunkenness or anger.""
   - **Specific Use**: Ignorance of particular circumstances (e.g., who one is harming) can render an action involuntary, thus mitigating moral blame.

5. **Compulsion**
   - **Reason for Selection**: Compulsion is a criterion for involuntary actions, excusing agents from moral responsibility. The text notes, ""What is forced is what has an external first principle, such that the agent or the person acted upon contributes nothing to it.""
   - **Specific Use**: Actions done under duress (e.g., throwing cargo overboard in a storm) are not fully voluntary and thus not fully blameworthy.

6. **Pleasure and Pain**
   - **Reason for Selection**: The text links moral responsibility to the agent's emotional states, stating, ""The person who abstains from bodily pleasures and finds his enjoyment in doing just this is temperate, while the person who finds doing it oppressive is intemperate.""
   - **Specific Use**: Pleasure and pain influence moral behavior, with virtuous actions being those that align with rational pleasure (e.g., enjoying noble actions) rather than base desires.

7. **Virtue and Vice**
   - **Reason for Selection**: Virtue and vice are tied to moral responsibility, as they reflect the agent's character. The text asserts, ""Virtue is a state involving rational choice, consisting in a mean relative to us and determined by reason.""
   - **Specific Use**: Virtuous actions are voluntary and morally praiseworthy, while vicious actions are voluntary and blameworthy.

8. **Habituation**
   - **Reason for Selection**: Habituation is the process by which moral responsibility is cultivated. The text explains, ""Virtues, however, we acquire by first exercising them. The same is true with skills, since what we need to learn before doing, we learn by doing.""
   - **Specific Use**: Moral responsibility is shaped by repeated actions, making habituation essential for developing virtuous character.

9. **Justice and Injustice**
   - **Reason for Selection**: Justice and injustice are central to moral responsibility, as they involve voluntary actions affecting others. The text states, ""Justice is a kind of mean – not in the same way as the other virtues, but because it is concerned with a mean, while injustice is concerned with extremes.""
   - **Specific Use**: Just actions are morally responsible, while unjust actions are blameworthy, reflecting the agent's character.

10. **Self-Control and Incontinence**
    - **Reason for Selection**: Self-control and incontinence are criteria for moral responsibility, as they reflect the agent's ability to regulate actions. The text notes, ""The incontinent person is not like someone who knows and is attending to his knowledge, but like someone asleep or drunk.""
    - **Specific Use**: Incontinent actions (e.g., acting against one's better judgment due to appetite) are voluntary but flawed, while self-controlled actions align with rational choice.

These concepts are central to the text's discussion of moral responsibility, as they define the criteria for voluntary actions, the role of knowledge and compulsion, and the cultivation of virtuous character.",N/A,N/A,0,Query 1/5,0.00
0.5,0.95,50,0.25,🇪🇺 Mistral-API,"Here are the 10 most prominent concepts describing criteria for moral responsibility in the provided document, along with explanations of their significance and specific uses:

1. **Voluntary Actions**
   - **Reason for Selection**: The text repeatedly emphasizes the distinction between voluntary and involuntary actions as foundational for moral responsibility. For example, it states, ""Since virtue is to do with feelings and actions, and since voluntary feelings and actions are praised and blamed, while the involuntary ones are pardoned and occasionally even pitied, presumably anyone considering virtue must determine the limits of the voluntary and the involuntary.""
   - **Specific Use**: Voluntary actions are those where the agent has control and knowledge, making them morally accountable. The text contrasts this with involuntary actions, which are excused due to ignorance or compulsion.

2. **Involuntary Actions**
   - **Reason for Selection**: The document explicitly defines involuntary actions as those done under force or ignorance, which are pardoned. For instance, ""Things that happen by force or through ignorance are thought to be involuntary.""
   - **Specific Use**: Involuntary actions are those where the agent lacks control or knowledge, thus exempting them from moral blame. The text provides examples like throwing cargo overboard in a storm, which is involuntary due to necessity.

3. **Rational Choice**
   - **Reason for Selection**: Rational choice is central to moral responsibility, as it involves deliberate decision-making. The text notes, ""The same is true with skills, since what we need to learn before doing, we learn by doing; for example, we become builders by building, and lyre-players by playing the lyre. So too we become just by doing just actions, temperate by temperate actions, and courageous by courageous actions.""
   - **Specific Use**: Rational choice is the basis for virtuous actions, which are morally praiseworthy. The text contrasts this with actions done through appetite or compulsion, which are morally deficient.

4. **Ignorance**
   - **Reason for Selection**: Ignorance is a key criterion for excusing actions. The text states, ""Acting through ignorance seems to be different from acting in ignorance, because the drunk or the person in a rage is not thought to act through ignorance, but through drunkenness or anger; he does so, however, not knowingly but in ignorance.""
   - **Specific Use**: Ignorance of particulars (e.g., the identity of the person harmed) is used to distinguish morally excusable actions from blameworthy ones.

5. **Pleasure and Pain**
   - **Reason for Selection**: The text links moral responsibility to the experience of pleasure and pain, arguing that virtues are concerned with moderating these feelings. For example, ""Virtue of character is concerned with pleasures and pains: it is because of pleasure that we do bad actions, and pain that we abstain from noble ones.""
   - **Specific Use**: Pleasure and pain are used to assess the moral character of actions, with virtues like temperance and courage involving the right balance of these feelings.

6. **Character (State of Character)**
   - **Reason for Selection**: Moral responsibility is tied to the agent's character, which is shaped by habits. The text explains, ""Virtues, however, we acquire by first exercising them. The same is true with skills, since what we need to learn before doing, we learn by doing.""
   - **Specific Use**: Character is the foundation for voluntary actions, as it determines the agent's disposition to act virtuously or viciously.

7. **Forced Actions**
   - **Reason for Selection**: The text distinguishes forced actions (done under compulsion) from voluntary ones, which are morally responsible. For example, ""What is forced, then, seems to be what has an external first principle, where the person forced contributes nothing.""
   - **Specific Use**: Forced actions are excused because the agent lacks control, while voluntary actions are morally accountable.

8. **Habituation**
   - **Reason for Selection**: Habituation is the process by which moral character is formed, making it a key criterion for responsibility. The text states, ""Again, as in the case of a skill, the origin and means of the development of each virtue are the same as those of its corruption: it is from playing the lyre that people become good and bad lyre-players.""
   - **Specific Use**: Habituation explains how repeated actions shape moral character, making agents responsible for their virtuous or vicious habits.

9. **Punishment and Praise**
   - **Reason for Selection**: The text links moral responsibility to the consequences of actions, such as punishment or praise. For example, ""It is for this reason that we need to have been brought up in a particular way from our early days, as Plato says, so we might find enjoyment or pain in the right things; for the right education is just this.""
   - **Specific Use**: Punishment and praise are used to reinforce moral responsibility, with virtuous actions being praised and vicious ones punished.

10. **Ends (Telos)**
    - **Reason for Selection**: The text emphasizes the importance of the ends (telos) of actions in determining moral responsibility. For example, ""The courageous person will be undaunted so far as is humanly possible; so, though he will fear even the things not beyond human endurance, he will stand his ground for the sake of what is noble (since this is the end of virtue).""
    - **Specific Use**: The ends of actions (e.g., nobility, utility) are used to assess their moral worth, with virtuous actions being those done for noble ends.

These concepts are central to the document's discussion of moral responsibility, as they define the criteria for voluntary actions, the role of character, and the consequences of actions.",N/A,N/A,0,Query 2/5,0.00
0.5,0.95,50,0.5,🇪🇺 Mistral-API,"Here are the 10 most prominent concepts describing criteria for moral responsibility in the uploaded document, along with explanations of their significance and specific uses:

1. **Voluntary Actions**
   - **Reason for Selection**: The text repeatedly emphasizes the distinction between voluntary and involuntary actions as foundational to moral responsibility. For example, it states, ""Acting through ignorance seems to be different from acting in ignorance... For it is on these that pity and pardon depend, since someone who is ignorant of any of them is acting involuntarily.""
   - **Specific Use**: The document explores how actions are judged based on whether they are voluntary (and thus subject to moral evaluation) or involuntary (and thus excusable).

2. **Involuntary Actions**
   - **Reason for Selection**: The text contrasts involuntary actions with voluntary ones, arguing that involuntary actions are excusable. For example, ""What is forced is what has an external first principle, where the person forced contributes nothing.""
   - **Specific Use**: The document uses this concept to delineate the boundaries of moral responsibility, arguing that actions done under compulsion or ignorance are not morally blameworthy.

3. **Rational Choice**
   - **Reason for Selection**: The text frequently references rational choice as a key criterion for moral responsibility. For example, ""The same person cannot be practically wise and incontinent at the same time. We have shown that a practically wise person is at the same time good in character.""
   - **Specific Use**: The document argues that moral responsibility hinges on the agent's ability to make rational choices, distinguishing between actions done with deliberation and those done impulsively or under duress.

4. **Character (State of Character)**
   - **Reason for Selection**: The text emphasizes the role of character in determining moral responsibility. For example, ""The person who abstains from bodily pleasures and finds his enjoyment in doing just this is temperate, while the person who finds doing it oppressive is intemperate.""
   - **Specific Use**: The document argues that moral responsibility is tied to the agent's character, which is shaped by habits and virtues.

5. **Virtue and Vice**
   - **Reason for Selection**: The text discusses virtue and vice as central to moral responsibility. For example, ""Virtue is a state involving rational choice, consisting in a mean relative to us and determined by reason.""
   - **Specific Use**: The document argues that moral responsibility is linked to the agent's possession of virtues (e.g., courage, temperance) or vices (e.g., cowardice, intemperance).

6. **Pleasure and Pain**
   - **Reason for Selection**: The text explores how pleasure and pain influence moral responsibility. For example, ""The person who abstains from bodily pleasures and finds his enjoyment in doing just this is temperate, while the person who finds doing it oppressive is intemperate.""
   - **Specific Use**: The document argues that moral responsibility involves the agent's ability to regulate their responses to pleasure and pain in accordance with virtue.

7. **Ignorance**
   - **Reason for Selection**: The text discusses ignorance as a mitigating factor in moral responsibility. For example, ""Acting through ignorance seems to be different from acting in ignorance... For it is on these that pity and pardon depend, since someone who is ignorant of any of them is acting involuntarily.""
   - **Specific Use**: The document argues that ignorance of particular circumstances can render an action involuntary and thus not morally blameworthy.

8. **First Principle (Cause of Action)**
   - **Reason for Selection**: The text emphasizes the importance of the first principle (or cause) of an action in determining moral responsibility. For example, ""What is forced is what has an external first principle, where the person forced contributes nothing.""
   - **Specific Use**: The document argues that actions are morally responsible only if the agent is the primary cause of the action, rather than external forces.

9. **Habituation**
   - **Reason for Selection**: The text discusses habituation as a key factor in moral responsibility. For example, ""Virtues, however, we acquire by first exercising them. The same is true with skills, since what we need to learn before doing, we learn by doing.""
   - **Specific Use**: The document argues that moral responsibility is shaped by the agent's habits, which are formed through repeated actions.

10. **Punishment and Praise**
    - **Reason for Selection**: The text explores how punishment and praise are tied to moral responsibility. For example, ""The fact that punishment is based on pleasure and pain is further evidence of their relevance; for punishment is a kind of cure, and cures by their nature are effected by contraries.""
    - **Specific Use**: The document argues that moral responsibility is reflected in the agent's deservingness of praise or punishment, which depends on their voluntary actions and character.

These concepts are central to the document's discussion of moral responsibility, as they delineate the criteria by which actions and agents are judged morally. The text uses these concepts to argue that moral responsibility is tied to voluntary actions, rational choice, character, and the agent's ability to regulate their responses to pleasure and pain.",N/A,N/A,0,Query 3/5,0.00
0.5,0.95,50,0.75,🇪🇺 Mistral-API,"Here are the 10 most prominent concepts describing criteria for moral responsibility in the uploaded document, along with explanations of their significance and specific uses:

1. **Voluntary Actions (ἑκούσια)**
   - **Reason for Selection**: The text repeatedly emphasizes the distinction between voluntary and involuntary actions as foundational for moral responsibility. Actions are deemed morally significant only if they are voluntary, meaning the agent has control and awareness.
   - **Specific Use**: The text defines voluntary actions as those where the agent ""knows the particular circumstances of the action"" (1110a) and acts without compulsion or ignorance. For example, throwing cargo overboard in a storm is involuntary because it is done under duress (1110a).

2. **Involuntary Actions (ἀκούσια)**
   - **Reason for Selection**: Involuntary actions are exempt from moral blame, as they lack the agent's control or awareness. The text contrasts these with voluntary actions to establish criteria for responsibility.
   - **Specific Use**: Actions done through ignorance or compulsion (e.g., striking someone while being forced by another) are involuntary (1135b).

3. **Ignorance (ἀγνοία)**
   - **Reason for Selection**: Ignorance is a key criterion for involuntary actions. The text distinguishes between ignorance of universal principles (blameworthy) and ignorance of particulars (exculpatory).
   - **Specific Use**: Ignorance of ""what it is for"" (e.g., safety) or ""the way in which"" (e.g., gently or roughly) an action is performed renders it involuntary (1111a).

4. **Rational Choice (προαίρεσις)**
   - **Reason for Selection**: Rational choice is central to moral responsibility, as it reflects the agent's deliberate decision-making. The text links virtue and vice to rational choice.
   - **Specific Use**: The incontinent person acts against rational choice, while the continent person aligns with it (1151b).

5. **First Principle (ἀρχή)**
   - **Reason for Selection**: The first principle of an action determines its moral character. If the principle is external (e.g., force), the action is involuntary; if internal, it is voluntary.
   - **Specific Use**: Actions with an ""external first principle"" (e.g., being carried away by a wind) are forced and thus involuntary (1110a).

6. **Pleasure and Pain (ἡδονή, λύπη)**
   - **Reason for Selection**: The text links moral responsibility to the agent's emotional responses. Pleasure and pain influence actions and are tied to virtue and vice.
   - **Specific Use**: The temperate person resists bodily pleasures, while the intemperate yields to them (1118a).

7. **Virtue (ἀρετή) and Vice (κακία)**
   - **Reason for Selection**: Virtue and vice are states that determine moral responsibility. The text defines them as means relative to pleasure and pain.
   - **Specific Use**: Courage is a virtue that involves enduring fear for the sake of what is noble (1116a).

8. **Habituation (ἔθος)**
   - **Reason for Selection**: Habituation is the process by which moral character is formed. The text argues that virtues are acquired through practice.
   - **Specific Use**: One becomes just by doing just actions (1103b).

9. **Justice (δικαιοσύνη) and Injustice (ἀδικία)**
   - **Reason for Selection**: Justice and injustice are central to moral responsibility. The text distinguishes between universal justice (virtue as a whole) and particular justice (distributive justice).
   - **Specific Use**: Justice is a mean between having too much (injustice) and too little (suffering injustice) (1134a).

10. **Equity (ἐπιείκεια)**
    - **Reason for Selection**: Equity is a corrective to strict justice, reflecting the flexibility needed in moral judgment. The text highlights its role in resolving conflicts in particular cases.
    - **Specific Use**: Equity corrects the rigidity of law by considering individual circumstances (1137a).

These concepts are pivotal in Aristotle's framework for moral responsibility, as they delineate the conditions under which agents are held accountable for their actions. The text uses them to analyze the interplay between choice, character, and external factors in moral evaluation.",N/A,N/A,0,Query 4/5,0.00
0.5,0.95,50,1.0,🇪🇺 Mistral-API,"Here are the 10 most prominent concepts describing criteria for moral responsibility in the uploaded document, along with explanations for their selection based on specific uses of the terms:

1. **Voluntary Actions**
   - **Reason for Selection**: The text repeatedly emphasizes that moral responsibility hinges on voluntary actions, distinguishing them from involuntary or forced actions. For example, it states, ""Since virtue is to do with feelings and actions, and since voluntary feelings and actions are praised and blamed, while the involuntary ones are pardoned and occasionally even pitied, presumably anyone considering virtue must determine the limits of the voluntary and the involuntary.""
   - **Key Passage**: ""What is forced, then, seems to be what has an external first principle, where the person forced contributes nothing.""

2. **Involuntary Actions**
   - **Reason for Selection**: The distinction between voluntary and involuntary actions is crucial for moral responsibility. The text defines involuntary actions as those done through ignorance or compulsion, which are not subject to moral blame.
   - **Key Passage**: ""Things that happen by force or through ignorance are thought to be involuntary. What is forced is what has an external first principle, such that the agent or the person acted upon contributes nothing to it.""

3. **Rational Choice**
   - **Reason for Selection**: Moral responsibility is tied to rational choice, as actions done from rational choice are considered voluntary and thus subject to moral evaluation. The text states, ""The same person cannot be practically wise and incontinent at the same time. We have shown that a practically wise person is at the same time good in character.""
   - **Key Passage**: ""Actions done in accordance with virtue are noble and done for the sake of what is noble. So the generous person will give for the sake of what is noble and in the correct way.""

4. **Ignorance**
   - **Reason for Selection**: Ignorance is a key criterion for moral responsibility, as actions done in ignorance are often considered involuntary and thus not morally blameworthy. The text discusses different types of ignorance, such as ignorance of the particulars of an action.
   - **Key Passage**: ""Acting through ignorance seems to be different from acting in ignorance, because the drunk or the person in a rage is not thought to act through ignorance, but through drunkenness or anger.""

5. **First Principle**
   - **Reason for Selection**: The concept of the ""first principle"" is central to moral responsibility, as it refers to the origin of an action. Actions with an external first principle are considered forced, while those with an internal first principle are voluntary.
   - **Key Passage**: ""What is forced, then, seems to be what has an external first principle, where the person forced contributes nothing.""

6. **Pleasure and Pain**
   - **Reason for Selection**: The text links moral responsibility to the experience of pleasure and pain, arguing that virtues and vices are concerned with these feelings. For example, ""Virtue of character is concerned with pleasures and pains: it is because of pleasure that we do bad actions, and pain that we abstain from noble ones.""
   - **Key Passage**: ""The fact that punishment is based on pleasure and pain is further evidence of their relevance; for punishment is a kind of cure, and cures by their nature are effected by contraries.""

7. **Habituation**
   - **Reason for Selection**: Habituation is a process through which moral character is formed, making it a key concept for understanding moral responsibility. The text states, ""Virtues, however, we acquire by first exercising them. The same is true with skills, since what we need to learn before doing, we learn by doing.""
   - **Key Passage**: ""The same is true with skills, since what we need to learn before doing, we learn by doing; for example, we become builders by building, and lyre-players by playing the lyre.""

8. **Justice and Injustice**
   - **Reason for Selection**: Justice and injustice are central to moral responsibility, as they involve the distribution of goods and the avoidance of harm. The text defines justice as a mean between excess and deficiency, and injustice as the violation of this mean.
   - **Key Passage**: ""Justice is a kind of mean – not in the same way as the other virtues, but because it is concerned with a mean, while injustice is concerned with extremes.""

9. **Virtue and Vice**
   - **Reason for Selection**: Virtue and vice are fundamental to moral responsibility, as they describe the moral character of an individual. The text defines virtue as a mean between excess and deficiency, and vice as the deviation from this mean.
   - **Key Passage**: ""Virtue is a state involving rational choice, consisting in a mean relative to us and determined by reason – the reason, that is, by reference to which the practically wise person would determine it.""

10. **Punishment and Correction**
    - **Reason for Selection**: Punishment and correction are mechanisms for enforcing moral responsibility. The text argues that punishment is a form of cure, aimed at correcting moral failings.
    - **Key Passage**: ""The fact that punishment is based on pleasure and pain is further evidence of their relevance; for punishment is a kind of cure, and cures by their nature are effected by contraries.""

These concepts are central to the discussion of moral responsibility in the document, as they define the criteria for moral evaluation, the nature of moral character, and the mechanisms for enforcing moral norms.",N/A,N/A,0,Query 5/5,0.00
