Temperature,Top-p,Top-k,BM25 Weight,Model,Main Answer,Input Tokens,Output Tokens,Conversation History,Progress,Elapsed Time (s)
0.5,0.95,50,0.0,🇪🇺 Mistral-API,"Here are the 10 most prominent concepts describing criteria for moral responsibility in the uploaded document, along with explanations of their significance and specific uses:

1. **Voluntary Actions**
   - **Reason for Selection**: The text repeatedly emphasizes the distinction between voluntary and involuntary actions as foundational for moral responsibility. Actions are deemed voluntary when the agent has control over them, knows the particular circumstances, and acts without external compulsion.
   - **Specific Use**: The text defines voluntary actions as those where the ""first principle is in the agent"" (e.g., actions done knowingly and without ignorance of the circumstances) and contrasts them with involuntary actions (e.g., those done under duress or ignorance).

2. **Involuntary Actions**
   - **Reason for Selection**: Involuntary actions are crucial because they are exempt from moral blame. The text distinguishes between actions done by force (e.g., being carried away by a wind) and those done through ignorance (e.g., striking someone unaware they are one's father).
   - **Specific Use**: The text states, ""Things that happen by force or through ignorance are thought to be involuntary"" (e.g., actions done under compulsion or due to ignorance of key details).

3. **Ignorance of Particulars**
   - **Reason for Selection**: Moral responsibility is often mitigated by ignorance of specific circumstances (e.g., who one is harming, the nature of the action, or its consequences). This concept is central to the text's discussion of involuntary actions.
   - **Specific Use**: The text lists ignorance of ""what he is doing,"" ""what it is that he is doing it with,"" and ""what it is for"" as grounds for involuntariness, thereby excusing moral blame.

4. **Rational Choice**
   - **Reason for Selection**: Rational choice is a key criterion for moral responsibility, as it involves deliberate decision-making aligned with reason. The text contrasts rational choice with actions driven by appetite or emotion.
   - **Specific Use**: The text states, ""The same person cannot be practically wise and incontinent at the same time"" because the practically wise person acts from rational choice, while the incontinent person acts against it.

5. **Pleasure and Pain**
   - **Reason for Selection**: The text links moral responsibility to the role of pleasure and pain in shaping character and actions. Virtue is concerned with choosing the right pleasures and pains, while vice involves excessive or deficient responses.
   - **Specific Use**: The text argues that ""virtue of character is concerned with pleasures and pains"" and that ""we do bad actions because of pleasure and abstain from noble ones because of pain.""

6. **Virtue and Vice**
   - **Reason for Selection**: Virtue and vice are central to moral responsibility because they reflect the agent's character and disposition to act in morally praiseworthy or blameworthy ways.
   - **Specific Use**: The text defines virtue as a ""state involving rational choice"" that leads to actions in accordance with reason, while vice involves deviations from this standard.

7. **Forced Actions**
   - **Reason for Selection**: Forced actions are exempt from moral responsibility because they are done under compulsion. The text distinguishes between actions done by force (e.g., being carried away) and those done voluntarily.
   - **Specific Use**: The text states, ""What is forced is what has an external first principle, where the person forced contributes nothing,"" thereby excusing moral blame.

8. **Moral Luck**
   - **Reason for Selection**: The text acknowledges that moral responsibility can be influenced by factors beyond the agent's control (e.g., ignorance of particulars or external circumstances), introducing the concept of moral luck.
   - **Specific Use**: The text notes that ""what is incidental is not the concern of a skill,"" implying that moral responsibility is sometimes shaped by factors outside the agent's control.

9. **Habituation**
   - **Reason for Selection**: Habituation is crucial because it explains how moral character is formed through repeated actions, shaping the agent's disposition to act responsibly or irresponsibly.
   - **Specific Use**: The text states, ""We become just by doing just actions, temperate by temperate actions,"" emphasizing the role of habituation in moral development.

10. **Practical Wisdom (Phronesis)**
    - **Reason for Selection**: Practical wisdom is essential for moral responsibility because it enables the agent to make sound judgments about what is morally right or wrong in specific situations.
    - **Specific Use**: The text states, ""Practical wisdom is tied up with virtue of character,"" indicating that moral responsibility requires both virtuous character and practical wisdom.

These concepts collectively form the framework for understanding moral responsibility in the text, emphasizing the interplay between voluntary actions, rational choice, virtue, and external factors like ignorance or compulsion.",N/A,N/A,0,Query 1/5,0.00
0.5,0.95,50,0.25,🇪🇺 Mistral-API,"Error generating response: API error occurred: Status 429
{""object"":""error"",""message"":""Service tier capacity exceeded for this model."",""type"":""service_tier_capacity_exceeded"",""param"":null,""code"":""3505""}",N/A,N/A,0,Query 2/5,0.00
0.5,0.95,50,0.5,🇪🇺 Mistral-API,"Here are the 10 most prominent concepts describing criteria for moral responsibility in the uploaded document, along with explanations of their significance and specific uses:

1. **Voluntary Actions**
   - **Reason for Selection**: The text repeatedly emphasizes the distinction between voluntary and involuntary actions as foundational to moral responsibility. Actions are deemed morally significant only if they are voluntary, meaning they originate from the agent’s rational choice and are not compelled by external forces or ignorance.
   - **Specific Use**: The text defines voluntary actions as those where the agent ""knows the particular circumstances of the action"" and acts with awareness of the consequences (e.g., striking someone knowingly, not under compulsion).

2. **Involuntary Actions**
   - **Reason for Selection**: Involuntary actions are exempt from moral blame because they are performed under compulsion, ignorance, or external forces. This criterion is crucial for determining when an agent is not morally responsible.
   - **Specific Use**: The text cites examples like throwing cargo overboard in a storm or acting under threat of violence, where the agent’s actions are not fully under their control.

3. **Ignorance**
   - **Reason for Selection**: Ignorance is a key criterion for moral responsibility, as it can render actions involuntary. The text distinguishes between different types of ignorance (e.g., ignorance of particulars vs. universal principles) to assess moral culpability.
   - **Specific Use**: The text notes that ignorance of particulars (e.g., not knowing the identity of the person being struck) can make an action involuntary, whereas ignorance of universal principles (e.g., moral laws) does not.

4. **Rational Choice**
   - **Reason for Selection**: Rational choice is central to moral responsibility, as it reflects the agent’s deliberate decision-making process. The text links moral virtue to the ability to make rational choices aligned with ethical principles.
   - **Specific Use**: The text states that ""virtue is in our power, and so is vice,"" because agents can choose to act virtuously or viciously through rational deliberation.

5. **Pleasure and Pain**
   - **Reason for Selection**: The text argues that moral responsibility is tied to the agent’s ability to regulate pleasure and pain in accordance with virtue. Excessive or deficient responses to pleasure and pain indicate moral failings.
   - **Specific Use**: The text describes how a temperate person avoids excessive pleasure, while an intemperate person is dominated by it, demonstrating moral responsibility in self-regulation.

6. **Character (State of Character)**
   - **Reason for Selection**: Moral responsibility is linked to the agent’s character, which is shaped by habitual actions. The text argues that character determines moral behavior and is a product of voluntary choices.
   - **Specific Use**: The text states that ""virtue is a state involving rational choice,"" meaning that moral responsibility is tied to the agent’s enduring disposition to act virtuously.

7. **Forced Actions**
   - **Reason for Selection**: The text distinguishes between actions performed under force (involuntary) and those performed freely (voluntary). Forced actions are not morally responsible, as they lack the agent’s consent.
   - **Specific Use**: The text defines forced actions as those where ""the agent or the person acted upon contributes nothing,"" such as being carried away by a wind or a tyrant’s coercion.

8. **Moral Virtue and Vice**
   - **Reason for Selection**: Virtue and vice are central to moral responsibility, as they represent the agent’s moral character and capacity for rational choice. The text links moral responsibility to the cultivation of virtue.
   - **Specific Use**: The text describes how virtue is a ""mean relative to us and determined by reason,"" meaning that moral responsibility involves acting in accordance with rational principles.

9. **Punishment and Blame**
   - **Reason for Selection**: The text discusses how moral responsibility is tied to the justification of punishment and blame. Actions deemed voluntary and morally culpable warrant punishment, while involuntary actions do not.
   - **Specific Use**: The text notes that ""punishment is a kind of cure,"" implying that moral responsibility is linked to the agent’s capacity for reform through punishment.

10. **Habituation**
    - **Reason for Selection**: The text emphasizes the role of habituation in moral responsibility, arguing that repeated actions shape character and moral dispositions. This criterion highlights the agent’s role in cultivating moral responsibility.
    - **Specific Use**: The text states that ""virtues we acquire by first exercising them,"" meaning that moral responsibility is developed through habitual practice.

These concepts are central to the text’s discussion of moral responsibility, as they define the criteria for voluntary action, moral culpability, and the cultivation of virtue. The text uses these terms to analyze the conditions under which agents are morally responsible for their actions.",N/A,N/A,0,Query 3/5,0.00
0.5,0.95,50,0.75,🇪🇺 Mistral-API,"Here are the 10 most prominent concepts describing criteria for moral responsibility in the uploaded document, along with explanations for their selection and specific uses:

1. **Voluntary Actions**
   - **Reason for Selection**: The text repeatedly emphasizes the distinction between voluntary and involuntary actions as foundational to moral responsibility. Voluntary actions are those performed knowingly and with control, making the agent morally accountable.
   - **Specific Use**: ""It is debated as well whether it is the rational choice or the actions [35] that are more really characteristic of virtue, on the assumption that it [1178b] depends on both. Its being complete would clearly involve both, but for actions many things are needed, and the greater and nobler the actions, the greater the number of things needed.""

2. **Involuntary Actions**
   - **Reason for Selection**: Involuntary actions are those performed under compulsion or ignorance, which the text argues exempt the agent from moral blame.
   - **Specific Use**: ""Acting through ignorance seems to be different from acting in [25] ignorance, because the drunk or the person in a rage is not thought to act through ignorance, but through drunkenness or anger; he does so, however, not knowingly but in ignorance.""

3. **Rational Choice**
   - **Reason for Selection**: Rational choice is central to moral responsibility, as it reflects the agent's deliberation and intention, which are key to determining moral accountability.
   - **Specific Use**: ""The same is true with skills, since what we need to learn before doing, we learn by doing; for example, we become builders by building, and lyre-players by playing the lyre. So too we become just by doing [1103b] just actions, temperate by temperate actions, and courageous by courageous actions.""

4. **Ignorance of Particulars**
   - **Reason for Selection**: The text highlights that ignorance of specific circumstances (e.g., the identity of the person harmed) can mitigate moral responsibility.
   - **Specific Use**: ""Perhaps it would be no bad thing, therefore, to delineate their nature and number. A person may be ignorant of who he is, of what he is doing, of the sphere in which or to what he is doing it, and sometimes also of what it is that he is doing it with (e.g., a tool), of what it is for [5] (e.g., safety), and of the way in which he is doing it (e.g., gently or roughly).""

5. **Compulsion**
   - **Reason for Selection**: Compulsion is a key criterion for involuntary actions, as it removes the agent's control over their actions, thus affecting moral responsibility.
   - **Specific Use**: ""What is forced, then, seems to be what has an external first principle, where the person forced contributes nothing.""

6. **Pleasure and Pain**
   - **Reason for Selection**: The text links moral responsibility to the agent's emotional responses, such as pleasure and pain, which influence their actions and character.
   - **Specific Use**: ""The fact that punishment is based on pleasure and pain is further evidence of their relevance; for punishment is a kind of cure, and cures by their nature are effected by contraries.""

7. **Virtue and Vice**
   - **Reason for Selection**: Virtue and vice are central to moral responsibility, as they reflect the agent's character and intentional actions.
   - **Specific Use**: ""Virtue, then, is a state involving rational choice, consisting in a mean relative to us and determined by reason – the reason, that is, by [1107a] reference to which the practically wise person would determine it.""

8. **Habituation**
   - **Reason for Selection**: The text argues that moral responsibility is shaped by habituation, as repeated actions form character and influence future behavior.
   - **Specific Use**: ""The same is true with skills, since what we need to learn before doing, we learn by doing; for example, we become builders by building, and lyre-players by playing the lyre. So too we become just by doing [1103b] just actions, temperate by temperate actions, and courageous by courageous actions.""

9. **Justice and Injustice**
   - **Reason for Selection**: Justice and injustice are key concepts in moral responsibility, as they define the moral quality of actions and their consequences.
   - **Specific Use**: ""Justice is a kind of mean – not in the same way as the other virtues, but because it is concerned with a mean, while injustice is concerned [1134a] with extremes.""

10. **Self-Control and Incontinence**
    - **Reason for Selection**: The text discusses self-control and incontinence as states that affect moral responsibility, as they reflect the agent's ability to regulate their actions.
    - **Specific Use**: ""The incontinent person is not like someone who knows and is attending to [15] his knowledge, but like someone asleep or drunk. He acts voluntarily (because he knows in a way what he is doing and for what end), but he is not wicked; his rational choice is good, so that he is only half-wicked.""

These concepts are central to the text's discussion of moral responsibility, as they define the criteria for voluntary and involuntary actions, the role of character, and the conditions under which agents can be held morally accountable.",N/A,N/A,0,Query 4/5,0.00
0.5,0.95,50,1.0,🇪🇺 Mistral-API,"Here are the 10 most prominent concepts describing criteria for moral responsibility in the uploaded document, along with explanations of their significance and specific uses:

1. **Voluntary Actions**
   - *Reason for Selection*: The text repeatedly emphasizes the distinction between voluntary and involuntary actions as foundational to moral responsibility. For example, it states, ""Since virtue is to do with feelings and actions, and since voluntary feelings and actions are praised and blamed, while the involuntary ones are pardoned and occasionally even pitied, presumably anyone considering virtue must determine the limits of the voluntary and the involuntary.""
   - *Specific Use*: The document explores how actions are judged based on whether they are voluntary (e.g., actions done with knowledge and control) or involuntary (e.g., actions done under compulsion or ignorance).

2. **Involuntary Actions**
   - *Reason for Selection*: The text defines involuntary actions as those done under force or ignorance, which are key to understanding moral responsibility. For example, ""Things that happen by force or through ignorance are thought to be involuntary.""
   - *Specific Use*: The document discusses how involuntary actions (e.g., actions done under duress or in ignorance) are excused from moral blame, contrasting them with voluntary actions.

3. **Ignorance**
   - *Reason for Selection*: Ignorance is a critical factor in determining moral responsibility. The text states, ""Acting through ignorance seems to be different from acting in ignorance, because the drunk or the person in a rage is not thought to act through ignorance, but through drunkenness or anger.""
   - *Specific Use*: The document distinguishes between different types of ignorance (e.g., ignorance of particulars vs. universal ignorance) to assess moral culpability.

4. **Rational Choice**
   - *Reason for Selection*: Rational choice is central to moral responsibility, as it involves deliberate decision-making. The text notes, ""The same person cannot be practically wise and incontinent at the same time. We have shown that a practically wise person is at the same time good in character.""
   - *Specific Use*: The document explores how rational choice (e.g., choosing actions based on reason and virtue) is essential for moral responsibility, contrasting it with irrational or impulsive actions.

5. **Virtue and Vice**
   - *Reason for Selection*: Virtue and vice are key to moral responsibility, as they reflect the character of the agent. The text states, ""Virtue is a state involving rational choice, consisting in a mean relative to us and determined by reason.""
   - *Specific Use*: The document discusses how virtues (e.g., courage, temperance) and vices (e.g., cowardice, intemperance) shape moral responsibility by influencing actions and character.

6. **Pleasure and Pain**
   - *Reason for Selection*: Pleasure and pain are linked to moral responsibility, as they influence actions and character. The text notes, ""Pleasures that do not involve pains, however, do not admit of excess.""
   - *Specific Use*: The document examines how pleasure and pain (e.g., avoiding pain to act virtuously) affect moral responsibility and decision-making.

7. **Forced Actions**
   - *Reason for Selection*: Forced actions are a key criterion for moral responsibility, as they are often excused from blame. The text states, ""What is forced, then, seems to be what has an external first principle, where the person forced contributes nothing.""
   - *Specific Use*: The document discusses how forced actions (e.g., actions done under duress) are distinguished from voluntary actions to assess moral responsibility.

8. **Character**
   - *Reason for Selection*: Character is fundamental to moral responsibility, as it reflects the agent's disposition to act virtuously or viciously. The text notes, ""The courageous person will be undaunted so far as is humanly possible.""
   - *Specific Use*: The document explores how character (e.g., courage, temperance) influences moral responsibility by shaping actions and decisions.

9. **Justice and Injustice**
   - *Reason for Selection*: Justice and injustice are central to moral responsibility, as they reflect the agent's adherence to moral norms. The text states, ""Justice is a kind of mean – not in the same way as the other virtues, but because it is concerned with a mean, while injustice is concerned with extremes.""
   - *Specific Use*: The document discusses how justice (e.g., fair treatment) and injustice (e.g., unfair treatment) are used to assess moral responsibility.

10. **Habituation**
    - *Reason for Selection*: Habituation is crucial to moral responsibility, as it shapes character and actions. The text notes, ""Virtues, however, we acquire by first exercising them.""
    - *Specific Use*: The document explores how habituation (e.g., practicing virtuous actions) influences moral responsibility by developing virtuous character.

These concepts are prominently discussed in the document and are essential for understanding the criteria for moral responsibility in the history of philosophy.",N/A,N/A,0,Query 5/5,0.00
