Temperature,Top-p,Top-k,BM25 Weight,Model,Main Answer,Input Tokens,Output Tokens,Conversation History,Progress,Elapsed Time (s)
0.1,0.95,50,0.6,🇪🇺 Mistral-API,"Here are the 10 most prominent concepts describing criteria for moral responsibility in the uploaded document, along with explanations for their selection:

1. **Moral Choice (Prohairesis)**
   - *Reason for Selection*: Aristotle frequently uses this term to describe the deliberate decision-making process that underpins moral responsibility. It is central to his ethics, as it represents the voluntary actions that define a person's character and moral virtue.
   - *Specific Use*: ""Moral Choice is plainly voluntary, but the two are not co-extensive, voluntary being the more comprehensive term; for first, children and all other animals share in voluntary action but not in Moral Choice"" (Book III, Chapter IV).

2. **Voluntary Action (Hekousion)**
   - *Reason for Selection*: This concept is crucial for distinguishing actions that are within a person's control (and thus morally responsible) from those that are not. Aristotle's discussion of voluntary action is foundational for understanding moral responsibility.
   - *Specific Use*: ""Involuntary actions then are thought to be of two kinds, being done either on compulsion, or by reason of ignorance. An action is, properly speaking, compulsory, when the origination is external to the agent, being such that in it the agent... contributes nothing"" (Book III, Chapter I).

3. **Virtue (Arete)**
   - *Reason for Selection*: Virtue is the cornerstone of Aristotle's ethical framework, representing the moral excellence that individuals cultivate through habit and deliberate choice. It is directly tied to moral responsibility because virtuous actions are those for which individuals are held accountable.
   - *Specific Use*: ""Virtue then is in a sense a mean state, since it certainly has an aptitude for aiming at the mean"" (Book II, Chapter VI).

4. **Vice (Kakia)**
   - *Reason for Selection*: Vice represents the moral failings that contrast with virtue. Understanding vice is essential for comprehending the criteria for moral responsibility, as it highlights the actions and character traits for which individuals are morally culpable.
   - *Specific Use*: ""Again, in whatever cases we get things by nature, we get the faculties first and perform the acts of working afterwards; an illustration of which is afforded by the case of our bodily senses, for it was not from having often seen or heard that we got these senses, but just the reverse"" (Book VII, Chapter I).

5. **Deliberation (Boulēsis)**
   - *Reason for Selection*: Deliberation is the rational process that precedes moral choice, making it a key criterion for moral responsibility. Aristotle emphasizes that deliberate actions are those for which individuals are accountable.
   - *Specific Use*: ""Nor do they appear to be right who say it is lust or anger, or wish, or opinion of a certain kind; because, in the first place, Moral Choice is not shared by the irrational animals while Lust and Anger are"" (Book III, Chapter IV).

6. **Pleasure and Pain (Hedonē and Lupe)**
   - *Reason for Selection*: Aristotle argues that moral responsibility is influenced by an individual's reactions to pleasure and pain, as these emotions guide their actions and choices. This concept is pivotal for understanding the psychological basis of moral behavior.
   - *Specific Use*: ""For Moral Virtue has for its object-matter pleasures and pains, because by reason of pleasure we do what is bad, and by reason of pain decline doing what is right"" (Book III, Chapter IV).

7. **Habituation (Ethos)**
   - *Reason for Selection*: Habituation refers to the process of forming moral habits through repeated actions. This concept is fundamental to Aristotle's ethics, as it explains how individuals develop the character traits that determine their moral responsibility.
   - *Specific Use*: ""Again, in whatever cases we get things by nature, we get the faculties first and perform the acts of working afterwards; an illustration of which is afforded by the case of our bodily senses, for it was not from having often seen or heard that we got these senses, but just the reverse"" (Book VII, Chapter I).

8. **Self-Control (Enkrateia) and Lack of Self-Control (Akrasia)**
   - *Reason for Selection*: These concepts are critical for understanding the relationship between reason and desire in moral responsibility. Self-control represents the ability to act according to reason, while lack of self-control signifies the failure to do so, both of which are central to moral accountability.
   - *Specific Use*: ""Again, the man utterly destitute of Self-Control, as was observed before, is not given to remorse: for it is part of his character that he abides by his moral choice: but the man of Imperfect Self-Control is almost made up of remorse"" (Book VII, Chapter VIII).

9. **Justice (Dikaiosynē) and Injustice (Adikia)**
   - *Reason for Selection*: Justice and injustice are fundamental to Aristotle's ethics, representing the moral principles that govern social interactions and individual behavior. These concepts are essential for defining the criteria for moral responsibility in a social context.
   - *Specific Use*: ""Justice is a mean state not after the same manner as the forementioned virtues, but because it aims at producing the mean, while Injustice occupies both the extremes"" (Book V, Chapter X).

10. **Practical Wisdom (Phronesis)**
    - *Reason for Selection*: Practical wisdom is the intellectual virtue that enables individuals to make sound moral judgments. It is a key criterion for moral responsibility, as it determines the ability to act virtuously and avoid vice.
    - *Specific Use*: ""Practical Wisdom is not identical with Cleverness, nor is it without this power of adapting means to ends: but this Eye of the Soul (as we may call it) does not attain its proper state without goodness"" (Book VI, Chapter V).

These concepts are central to Aristotle's ethical framework and provide a comprehensive understanding of the criteria for moral responsibility in his philosophy.",N/A,N/A,0,Query 1/5,0.00
0.33,0.95,50,0.6,🇪🇺 Mistral-API,"Here are the 10 most prominent concepts describing criteria for moral responsibility in the uploaded document, along with explanations for their selection:

1. **Moral Choice (προαίρεσις)**
   - *Reason for Selection*: Aristotle repeatedly emphasizes moral choice as the foundation of moral responsibility. It is defined as a deliberate decision that arises from rational deliberation and is voluntary. The text states, ""Moral Choice is plainly voluntary, but the two are not co-extensive, voluntary being the more comprehensive term"" (Book III, Chapter IV). This highlights the distinction between mere voluntary actions and those that are morally significant.

2. **Voluntary Action (ἑκούσιον)**
   - *Reason for Selection*: Aristotle distinguishes between voluntary and involuntary actions, arguing that moral responsibility is tied to voluntary actions. He notes, ""Involuntary actions then are thought to be of two kinds, being done either on compulsion, or by reason of ignorance"" (Book III, Chapter I). This distinction is crucial for understanding when an agent can be held morally responsible.

3. **Intellect and Will**
   - *Reason for Selection*: The text describes the interplay between intellect (reason) and will (desire) in moral action. It states, ""Intellect and Will are thus connected, what in the Intellectual operation is Affirmation and Negation that in the Will is Pursuit and Avoidance"" (Book VI, Chapter II). This connection underscores the role of rational deliberation in moral responsibility.

4. **Virtue (ἀρετή)**
   - *Reason for Selection*: Virtue is central to Aristotle's ethics and is closely linked to moral responsibility. He defines virtue as a mean state between excess and defect, achieved through habit and practice. The text explains, ""Virtue then is in a sense a mean state, since it certainly has an aptitude for aiming at the mean"" (Book II, Chapter VI).

5. **Self-Control (ἐγκράτεια) and Imperfect Self-Control (ἀκρασία)**
   - *Reason for Selection*: Aristotle discusses self-control and its lack as key factors in moral responsibility. He distinguishes between those who act against their better judgment (imperfect self-control) and those who act in accordance with it (self-control). The text notes, ""The man of Imperfect Self-Control is of such a character as to follow bodily pleasures in excess and in defiance of Right Reason"" (Book VII, Chapter VIII).

6. **Pleasure and Pain**
   - *Reason for Selection*: Aristotle argues that moral responsibility involves the regulation of pleasure and pain. He states, ""Virtue has for its object-matter pleasures and pains, and that it is either increased or marred by the same circumstances (differently used) by which it is originally generated"" (Book III, Chapter X). This highlights the role of emotional regulation in moral action.

7. **Deliberation (βουλή)**
   - *Reason for Selection*: Deliberation is a key component of moral choice and responsibility. Aristotle explains, ""Deliberation has for its object whatever may be done through one’s own instrumentality, and the actions are with a view to other things"" (Book III, Chapter III). This underscores the importance of rational consideration in moral decision-making.

8. **Habit (ἔθος)**
   - *Reason for Selection*: Aristotle emphasizes the role of habit in forming moral character, which in turn affects moral responsibility. He notes, ""By doing just actions we come to be just; by doing the actions of self-mastery we come to be perfected in self-mastery"" (Book II, Chapter I). This highlights the importance of practice in moral development.

9. **Justice (δικαιοσύνη) and Injustice (ἀδικία)**
   - *Reason for Selection*: Justice and injustice are central to moral responsibility. Aristotle defines justice as a mean state that involves fairness and equality, while injustice involves excess or defect. The text states, ""Justice is the moral state in virtue of which the just man is said to have the aptitude for practising the Just in the way of moral choice"" (Book V, Chapter I).

10. **Happiness (εὐδαιμονία)**
    - *Reason for Selection*: Happiness, as the ultimate goal of human life, is closely tied to moral responsibility. Aristotle argues that happiness is achieved through virtuous living. He states, ""Happiness is a working of the soul in the way of excellence or virtue of a certain kind"" (Book I, Chapter VII). This underscores the connection between moral responsibility and the pursuit of a good life.

These concepts are central to Aristotle's discussion of moral responsibility, as they outline the criteria for moral agency, the role of reason and emotion, and the development of moral character.",N/A,N/A,0,Query 2/5,0.00
0.55,0.95,50,0.6,🇪🇺 Mistral-API,"Here is a list of 10 prominent concepts describing criteria for moral responsibility in the uploaded document, along with explanations for their selection and specific uses:

1. **Moral Choice (προαίρεσις, prohairesis)**
   - **Reason for Selection**: Moral choice is central to Aristotle's ethics as the voluntary act that determines moral responsibility. It is the deliberate decision that leads to actions and is influenced by both reason and desire.
   - **Specific Use**: Aristotle defines moral choice as ""voluntary, but not all voluntary action is an object of moral choice"" (Book III, Chapter 5). It is the result of deliberation and is essential for determining moral responsibility.

2. **Voluntary Action (ἑκούσιον, hekousion)**
   - **Reason for Selection**: Voluntary action is a key criterion for moral responsibility, as actions that are not voluntary (e.g., those done under compulsion or ignorance) are not subject to moral blame or praise.
   - **Specific Use**: Aristotle distinguishes between voluntary and involuntary actions, stating that ""involuntary actions are done either on compulsion, or by reason of ignorance"" (Book III, Chapter 1). Voluntary actions are those done with knowledge and without external compulsion.

3. **Deliberation (βούλησις, boulesis)**
   - **Reason for Selection**: Deliberation is the process by which moral choice is formed, making it crucial for understanding how individuals take responsibility for their actions.
   - **Specific Use**: Aristotle explains that ""deliberation is a process of inquiry and reasoning"" (Book III, Chapter 3) and that moral choice is the result of deliberation about means to an end.

4. **Virtue (ἀρετή, arete)**
   - **Reason for Selection**: Virtue is the moral excellence that enables individuals to act responsibly and make good moral choices. It is the foundation of moral character and responsibility.
   - **Specific Use**: Aristotle defines virtue as ""a state apt to exercise deliberate choice, being in the relative mean, determined by reason"" (Book II, Chapter 6). Virtue is cultivated through habit and is essential for moral responsibility.

5. **Vice (κακία, kakia)**
   - **Reason for Selection**: Vice is the moral failing that leads to irresponsible or harmful actions, contrasting with virtue and highlighting the criteria for moral responsibility.
   - **Specific Use**: Aristotle contrasts vice with virtue, stating that ""vice is a state apt to exercise deliberate choice, being in the relative excess or defect"" (Book II, Chapter 6). Vice undermines moral responsibility by leading to harmful actions.

6. **Pleasure and Pain (ἡδονή και λύπη, hedone kai lype)**
   - **Reason for Selection**: Pleasure and pain are central to moral responsibility as they influence moral choice and action. They are the objects of moral virtue and vice.
   - **Specific Use**: Aristotle argues that ""virtue has for its object-matter pleasures and pains"" (Book II, Chapter 3) and that moral responsibility involves regulating these feelings appropriately.

7. **Self-Control (ἐγκράτεια, enkrateia)**
   - **Reason for Selection**: Self-control is the ability to regulate one's desires and actions in accordance with reason, making it a key criterion for moral responsibility.
   - **Specific Use**: Aristotle discusses self-control as the ability to resist excessive desires and act in accordance with moral principles (Book VII, Chapter 1). It is essential for moral responsibility as it ensures that actions align with reason.

8. **Imperfect Self-Control (ἀκρασία, akrasia)**
   - **Reason for Selection**: Imperfect self-control is the inability to resist desires, leading to actions that are not fully aligned with reason. It is a key concept for understanding moral responsibility when individuals fail to act virtuously.
   - **Specific Use**: Aristotle defines imperfect self-control as ""a state in which the appetitive part of the soul is not obedient to reason"" (Book VII, Chapter 1). It highlights the struggle between desire and reason in moral responsibility.

9. **Justice (δικαιοσύνη, dikaiosyne)**
   - **Reason for Selection**: Justice is the moral virtue that ensures fairness and equity in actions, making it a fundamental criterion for moral responsibility.
   - **Specific Use**: Aristotle defines justice as ""a state apt to exercise deliberate choice, being in the relative mean, determined by reason"" (Book V, Chapter 1). It involves treating others fairly and is essential for moral responsibility in social contexts.

10. **Injustice (ἀδικία, adikia)**
    - **Reason for Selection**: Injustice is the moral failing that leads to unfair or harmful actions, contrasting with justice and highlighting the criteria for moral responsibility.
    - **Specific Use**: Aristotle defines injustice as ""a state apt to exercise deliberate choice, being in the relative excess or defect"" (Book V, Chapter 1). It undermines moral responsibility by leading to harmful actions.

These concepts are central to Aristotle's ethics and provide a framework for understanding moral responsibility. They are used to analyze how individuals take responsibility for their actions, make moral choices, and cultivate virtues to act responsibly.",N/A,N/A,0,Query 3/5,0.00
0.78,0.95,50,0.6,🇪🇺 Mistral-API,"Here are the 10 most prominent concepts describing criteria for moral responsibility in the uploaded document, along with explanations for their selection:

1. **Moral Choice (προαίρεσις, prohairesis)**
   - *Reason for Selection*: Moral choice is central to Aristotle's ethics, as it represents the deliberate decision-making process that leads to actions. It is described as ""voluntary, but not all voluntary action is an object of Moral Choice"" (Book III, Chapter 3). Aristotle emphasizes that moral choice is a key factor in determining moral responsibility, as it involves deliberation and the exercise of practical wisdom.

2. **Practical Wisdom (φρόνησις, phronēsis)**
   - *Reason for Selection*: Practical wisdom is the intellectual virtue that guides moral choice. Aristotle states that ""Practical Wisdom is not identical with Cleverness, nor is it without this power of adapting means to ends"" (Book VI, Chapter 5). It is essential for making morally responsible decisions, as it involves understanding the particulars of a situation and acting in accordance with virtue.

3. **Virtue (ἀρετή, aretē)**
   - *Reason for Selection*: Virtue is a key concept in Aristotle's ethics, representing the disposition to act in accordance with reason. Aristotle defines virtue as ""a state apt to exercise deliberate choice, being in the relative mean, determined by reason, and as the man of practical wisdom would determine"" (Book II, Chapter 6). Virtue is necessary for moral responsibility, as it enables individuals to act in accordance with moral principles.

4. **Voluntary Action (ἑκούσιον, hekousion)**
   - *Reason for Selection*: Voluntary action is a fundamental criterion for moral responsibility. Aristotle distinguishes between voluntary and involuntary actions, stating that ""Involuntary actions then are thought to be of two kinds, being done either on compulsion, or by reason of ignorance"" (Book III, Chapter 1). Moral responsibility is attributed to actions that are voluntary, as they are performed with knowledge and intention.

5. **Deliberation (βούλησις, boulesis)**
   - *Reason for Selection*: Deliberation is the process of reasoning about the means to achieve an end. Aristotle notes that ""Deliberation is a process of inquiry, and inquiry is concerned with what is unknown"" (Book III, Chapter 3). It is a crucial aspect of moral responsibility, as it involves considering the moral implications of one's actions.

6. **Habituation (ἔθος, ethos)**
   - *Reason for Selection*: Habituation refers to the process of forming moral habits through repeated actions. Aristotle argues that ""Virtue is a habit, and is acquired by practice"" (Book II, Chapter 1). Moral responsibility is shaped by habituation, as it influences the development of virtuous character traits.

7. **Self-Control (ἐγκράτεια, enkrateia)**
   - *Reason for Selection*: Self-control is the ability to regulate one's desires and actions in accordance with reason. Aristotle discusses self-control as a mean between excess and deficiency, stating that ""Self-Control is a good state and the Imperfection of it a bad one"" (Book VII, Chapter 8). It is a key criterion for moral responsibility, as it involves the ability to resist temptations and act virtuously.

8. **Vice (κακία, kakia)**
   - *Reason for Selection*: Vice is the opposite of virtue and represents the disposition to act in accordance with improper desires. Aristotle defines vice as ""a state apt to exercise deliberate choice, being in the relative excess or defect, determined by passion"" (Book II, Chapter 6). Moral responsibility is diminished in cases of vice, as individuals act against their better judgment.

9. **Justice (δικαιοσύνη, dikaiosynē)**
   - *Reason for Selection*: Justice is the moral virtue that ensures fairness and equality in social interactions. Aristotle describes justice as ""a mean state not after the same manner as the forementioned virtues, but because it aims at producing the mean"" (Book V, Chapter 1). It is a crucial criterion for moral responsibility, as it involves treating others fairly and equitably.

10. **Moral Responsibility (ἐγκλημα, enklēma)**
    - *Reason for Selection*: Moral responsibility is the accountability for one's actions based on moral principles. Aristotle discusses the concept of moral responsibility in the context of voluntary actions and the exercise of practical wisdom. He notes that ""Moral Choice is plainly voluntary, but the two are not co-extensive, voluntary being the more comprehensive term"" (Book III, Chapter 3). Moral responsibility is attributed to actions that are performed with knowledge, intention, and the ability to act otherwise.

These concepts are central to Aristotle's discussion of moral responsibility, as they provide the framework for understanding the criteria that determine whether an individual is morally responsible for their actions.",N/A,N/A,0,Query 4/5,0.00
1.0,0.95,50,0.6,🇪🇺 Mistral-API,"Here are the 10 most prominent concepts describing criteria for moral responsibility in the uploaded document, along with explanations for their selection:

1. **Moral Choice (Prohairesis)**
   - *Reason for Selection*: Aristotle frequently uses this term to describe the deliberate decision-making process that underpins moral responsibility. It is central to his discussion of voluntary actions and the role of reason in ethical behavior. For example, he states, ""Moral Choice is plainly voluntary, but the two are not co-extensive, voluntary being the more comprehensive term"" (Book III, Chapter IV).

2. **Voluntary Action (Hekousion)**
   - *Reason for Selection*: Aristotle distinguishes between voluntary and involuntary actions to establish the basis for moral responsibility. He argues that actions done with knowledge and deliberation are voluntary and thus subject to moral evaluation. For instance, ""Involuntary actions then are thought to be of two kinds, being done either on compulsion, or by reason of ignorance"" (Book III, Chapter I).

3. **Intellect (Nous)**
   - *Reason for Selection*: The role of intellect in moral decision-making is crucial. Aristotle emphasizes that moral virtue requires both intellectual understanding and the ability to deliberate. He notes, ""The Intellect must be true and the Will right, to constitute good Moral Choice"" (Book I, Chapter XIII).

4. **Virtue (Arete)**
   - *Reason for Selection*: Virtue is a key concept in Aristotle's ethics, representing the disposition to act in accordance with reason and moral principles. He defines it as ""a state apt to exercise Moral Choice and Moral Choice is Will consequent on deliberation"" (Book I, Chapter XIII).

5. **Pleasure and Pain**
   - *Reason for Selection*: Aristotle argues that moral responsibility involves the regulation of pleasure and pain. He states, ""Virtue has for its object-matter pleasures and pains, and that it is either increased or marred by the same circumstances (differently used) by which it is originally generated"" (Book III, Chapter IX).

6. **Habituation (Ethos)**
   - *Reason for Selection*: Aristotle emphasizes the role of habituation in forming moral character. He argues that moral responsibility is shaped by repeated actions and habits. For example, ""By doing just actions we come to be just; by doing the actions of self-mastery we come to be perfected in self-mastery"" (Book II, Chapter I).

7. **Self-Control (Enkrateia)**
   - *Reason for Selection*: Self-control is discussed as a moral virtue that involves the regulation of desires and actions. Aristotle distinguishes between different forms of self-control and their implications for moral responsibility. He notes, ""The man of Imperfect Self-Control is of such a character as to follow bodily pleasures in excess and in defiance of Right Reason"" (Book VII, Chapter VIII).

8. **Justice (Dikaiosyne)**
   - *Reason for Selection*: Justice is a central concept in Aristotle's ethics, representing the moral responsibility to act fairly and equitably. He defines it as ""a mean state not after the same manner as the forementioned virtues, but because it aims at producing the mean, while Injustice occupies both the extremes"" (Book V, Chapter VI).

9. **Moral Sense (Aisthesis)**
   - *Reason for Selection*: Aristotle refers to the moral sense as the faculty that perceives moral qualities and guides moral judgment. He argues that moral responsibility involves the ability to discern right from wrong through this sense. For instance, ""The decision is in particulars, and rests therefore with the Moral Sense"" (Book IV, Chapter X).

10. **Deliberation (Boulesis)**
    - *Reason for Selection*: Deliberation is the process by which individuals weigh options and make moral choices. Aristotle emphasizes its role in moral responsibility, stating, ""Moral Choice is plainly voluntary, but the two are not co-extensive, voluntary being the more comprehensive term; for first, children and all other animals share in voluntary action but not in Moral Choice; and next, sudden actions we call voluntary but do not ascribe them to Moral Choice"" (Book III, Chapter IV).

These concepts are central to Aristotle's discussion of moral responsibility, as they address the criteria for voluntary action, the role of reason and habit, and the moral virtues that guide ethical behavior.",N/A,N/A,0,Query 5/5,0.00
