Temperature,Top-p,Top-k,BM25 Weight,Model,Main Answer,Input Tokens,Output Tokens,Conversation History,Progress,Elapsed Time (s)
0.5,0.1,50,0.6,🇪🇺 Mistral-API,"Here are the 10 most prominent concepts describing criteria for moral responsibility in the uploaded document, along with their explanations and specific uses:

1. **Moral Choice (προαίρεσις, prohairesis)**
   - **Reason for Selection**: Aristotle emphasizes that moral responsibility hinges on *moral choice*, which is a deliberate decision made after deliberation. It is voluntary and involves the will, distinguishing it from mere actions or feelings.
   - **Specific Use**: ""Moral Choice is plainly voluntary, but the two are not co-extensive, voluntary being the more comprehensive term"" (Book III, Chapter 3).

2. **Voluntary Action (ἑκούσιον, hekousion)**
   - **Reason for Selection**: Voluntary actions are those performed with knowledge and intention, making the agent morally responsible. Aristotle contrasts these with involuntary actions (e.g., those done under compulsion or ignorance).
   - **Specific Use**: ""Involuntary actions then are thought to be of two kinds, being done either on compulsion, or by reason of ignorance"" (Book III, Chapter 1).

3. **Deliberation (βούλησις, boulesis)**
   - **Reason for Selection**: Deliberation is the process by which an agent weighs options and makes a reasoned decision, a key criterion for moral responsibility.
   - **Specific Use**: ""Deliberation is a process of inquiry and reasoning, and is concerned with things that happen in the course of action and are variable"" (Book III, Chapter 3).

4. **Intellect (νοῦς, nous) and Will (βούλησις, boulesis)**
   - **Reason for Selection**: Aristotle argues that moral responsibility requires both intellectual understanding (to discern right from wrong) and the will (to act accordingly).
   - **Specific Use**: ""The Intellect is the ruler and the Will the ruler’s decree"" (Book I, Chapter 13).

5. **Virtue (ἀρετή, arete)**
   - **Reason for Selection**: Virtue is the disposition to act in accordance with reason and moral principles, making the agent morally responsible for their actions.
   - **Specific Use**: ""Virtue is a state of character concerned with choice, lying in a mean relative to us, determined by reason and as the man of practical wisdom would determine it"" (Book II, Chapter 6).

6. **Practical Wisdom (φρόνησις, phronesis)**
   - **Reason for Selection**: Practical wisdom is the ability to apply moral principles to specific situations, a necessary condition for moral responsibility.
   - **Specific Use**: ""Practical Wisdom is concerned with human affairs and things subject to change"" (Book VI, Chapter 5).

7. **Moral Responsibility and Ignorance (ἀμαθία, amathia)**
   - **Reason for Selection**: Aristotle distinguishes between excusable ignorance (e.g., ignorance of particular facts) and inexcusable ignorance (e.g., ignorance of moral principles), affecting moral responsibility.
   - **Specific Use**: ""Ignorance of the agent is not a defence if it is due to negligence"" (Book III, Chapter 1).

8. **Self-Control (ἐγκράτεια, enkrateia) and Incontinence (ἀκρασία, akrasia)**
   - **Reason for Selection**: These concepts highlight the tension between reason and desire, where self-control (acting according to reason) and incontinence (yielding to desire) determine moral responsibility.
   - **Specific Use**: ""The man of self-control is he who, in the presence of the pleasures most to his liking and of those in which he is lacking, is and remains master of himself"" (Book VII, Chapter 1).

9. **Moral Luck (τυχή, tyche)**
   - **Reason for Selection**: Aristotle acknowledges that external circumstances (e.g., upbringing, environment) can influence moral character, complicating moral responsibility.
   - **Specific Use**: ""Fortune is a cause of good and evil to man, and it is the reason why we are not always good"" (Book I, Chapter 10).

10. **Moral Character (ἦθος, ethos)**
    - **Reason for Selection**: Moral character is the habitual disposition to act in certain ways, shaping moral responsibility by determining how one responds to situations.
    - **Specific Use**: ""Moral character is formed by habit, and habit by repeated actions"" (Book II, Chapter 1).

These concepts are central to Aristotle's framework for moral responsibility, as they define the conditions under which agents are held accountable for their actions.",N/A,N/A,0,Query 1/5,0.00
0.5,0.32,50,0.6,🇪🇺 Mistral-API,"Here are the 10 most prominent concepts describing criteria for moral responsibility in the uploaded document, along with explanations for their selection and specific uses:

1. **Moral Choice (προαίρεσις, prohairesis)**
   - **Reason for Selection**: Aristotle frequently uses this term to describe the deliberate selection of actions based on reason and character. It is central to his theory of moral responsibility because it represents the voluntary aspect of human action.
   - **Specific Use**: ""Moral Choice is plainly voluntary, but the two are not co-extensive, voluntary being the more comprehensive term"" (Book III, Chapter IV).

2. **Voluntary Action (ἑκούσιον, hekousion)**
   - **Reason for Selection**: Aristotle distinguishes between voluntary and involuntary actions, emphasizing that moral responsibility requires voluntary action. This concept is crucial for understanding the conditions under which individuals can be held accountable.
   - **Specific Use**: ""Involuntary actions then are thought to be of two kinds, being done either on compulsion, or by reason of ignorance"" (Book III, Chapter I).

3. **Intellect (νοῦς, nous) and Will (βούλησις, boulesis)**
   - **Reason for Selection**: Aristotle argues that moral responsibility involves both intellectual deliberation (Intellect) and the desire to act (Will). The interplay between these two faculties is essential for moral agency.
   - **Specific Use**: ""Intellect and Will are thus connected, what in the Intellectual operation is Affirmation and Negation that in the Will is Pursuit and Avoidance"" (Book VI, Chapter II).

4. **Virtue (ἀρετή, arete)**
   - **Reason for Selection**: Virtue is the disposition to act in accordance with reason and moral principles. It is a key criterion for moral responsibility because it reflects the character of the agent.
   - **Specific Use**: ""Virtue then is a mean state, since it certainly has an aptitude for aiming at the mean"" (Book II, Chapter VI).

5. **Vice (κακία, kakia)**
   - **Reason for Selection**: Vice represents the opposite of virtue and is associated with actions that are morally blameworthy. Understanding vice helps in identifying the criteria for moral responsibility.
   - **Specific Use**: ""Vice is all this with respect to the Unjust: and since the Unjust is excess or defect of what is good or hurtful respectively"" (Book V, Chapter X).

6. **Self-Control (ἐγκράτεια, enkrateia) and Imperfect Self-Control (ἀκρασία, akrasia)**
   - **Reason for Selection**: These concepts are used to describe the relationship between reason and desire in moral action. Self-control represents the ability to act according to reason, while imperfect self-control indicates a failure to do so.
   - **Specific Use**: ""The man of Imperfect Self-Control is of such a character as to follow bodily pleasures in excess and in defiance of Right Reason"" (Book VII, Chapter VIII).

7. **Pleasure (ἡδονή, hedone) and Pain (λύπη, lupe)**
   - **Reason for Selection**: Aristotle argues that moral responsibility involves the regulation of pleasure and pain, as these emotions influence moral choices.
   - **Specific Use**: ""Virtue has for its object-matter pleasures and pains, and that it is either increased or marred by the same circumstances"" (Book III, Chapter III).

8. **Justice (δικαιοσύνη, dikaiosyne)**
   - **Reason for Selection**: Justice is a central virtue in Aristotle's ethics, representing the moral principle of fairness and equality. It is a key criterion for moral responsibility.
   - **Specific Use**: ""Justice is the moral state in virtue of which the just man is said to have the aptitude for practising the Just in the way of moral choice"" (Book V, Chapter X).

9. **Injustice (ἀδικία, adikia)**
   - **Reason for Selection**: Injustice is the opposite of justice and is associated with actions that are morally blameworthy. Understanding injustice helps in identifying the criteria for moral responsibility.
   - **Specific Use**: ""Injustice is all this with respect to the Unjust: and since the Unjust is excess or defect of what is good or hurtful respectively"" (Book V, Chapter X).

10. **Moral Sense (συνείδησις, syneidesis)**
    - **Reason for Selection**: Aristotle uses this term to describe the internal moral judgment that guides individuals in making moral choices. It is a crucial criterion for moral responsibility.
    - **Specific Use**: ""The decision of them rests with the Moral Sense"" (Book II, Chapter VI).

These concepts are central to Aristotle's theory of moral responsibility, as they outline the conditions under which individuals can be held accountable for their actions. The specific uses of these terms in the text highlight their importance in Aristotle's ethical framework.",N/A,N/A,0,Query 2/5,0.00
0.5,0.55,50,0.6,🇪🇺 Mistral-API,"Here are the 10 most prominent concepts describing criteria for moral responsibility in the uploaded document, along with explanations for their selection and specific uses:

1. **Moral Choice (προαίρεσις, prohairesis)**
   - *Reason for Selection*: Aristotle frequently uses this term to describe the deliberate decision-making process that leads to voluntary actions. It is central to his theory of moral responsibility because it emphasizes the role of reason and deliberation in ethical behavior.
   - *Specific Use*: ""Moral Choice is plainly voluntary, but the two are not co-extensive, voluntary being the more comprehensive term"" (Book III, Chapter IV).

2. **Voluntary (ἑκούσιον, hekousion) and Involuntary (ἀκούσιον, akousion)**
   - *Reason for Selection*: These terms are crucial for distinguishing actions over which an individual has control (and thus can be held morally responsible) from those that are beyond their control.
   - *Specific Use*: ""Involuntary actions then are thought to be of two kinds, being done either on compulsion, or by reason of ignorance"" (Book III, Chapter I).

3. **Virtue (ἀρετή, arete)**
   - *Reason for Selection*: Virtue is the state of character that enables individuals to act in accordance with reason and moral principles, making it a key criterion for moral responsibility.
   - *Specific Use*: ""Virtue then is in a sense a mean state, since it certainly has an aptitude for aiming at the mean"" (Book II, Chapter VI).

4. **Vice (κακία, kakia)**
   - *Reason for Selection*: Vice represents the opposite of virtue and is associated with actions that deviate from moral principles, making it essential for understanding moral responsibility.
   - *Specific Use*: ""Vice is all this with respect to the Unjust: and since the Unjust is excess or defect of what is good or hurtful respectively"" (Book V, Chapter X).

5. **Self-Control (ἐγκράτεια, enkrateia) and Imperfect Self-Control (ἀκρασία, akrasia)**
   - *Reason for Selection*: These terms describe the ability to control one's desires and actions, which is fundamental to moral responsibility.
   - *Specific Use*: ""The man of Imperfect Self-Control is of such a character as to follow bodily pleasures in excess and in defiance of Right Reason"" (Book VII, Chapter VIII).

6. **Pleasure (ἡδονή, hedone) and Pain (λύπη, lupe)**
   - *Reason for Selection*: Aristotle argues that moral responsibility is influenced by the way individuals respond to pleasure and pain, as these emotions can lead to virtuous or vicious actions.
   - *Specific Use*: ""Virtue has for its object-matter pleasures and pains, and that it is either increased or marred by the same circumstances"" (Book III, Chapter IX).

7. **Reason (λόγος, logos) and Will (βούλησις, boulesis)**
   - *Reason for Selection*: Reason and will are the faculties that guide moral choice, making them essential for understanding how individuals exercise moral responsibility.
   - *Specific Use*: ""The Reason must be true and the Will right, to constitute good Moral Choice"" (Book I, Chapter XIII).

8. **Justice (δικαιοσύνη, dikaiosyne) and Injustice (ἀδικία, adikia)**
   - *Reason for Selection*: Justice and injustice are central to Aristotle's ethics, as they define the moral standards by which actions are judged.
   - *Specific Use*: ""Justice is the moral state in virtue of which the just man is said to have the aptitude for practising the Just in the way of moral choice"" (Book V, Chapter I).

9. **Habit (ἔθος, ethos)**
   - *Reason for Selection*: Habit plays a crucial role in Aristotle's ethics, as it shapes character and influences moral behavior, thereby affecting moral responsibility.
   - *Specific Use*: ""We are right then in saying, that these virtues are formed in a man by his doing the actions"" (Book II, Chapter IV).

10. **Practical Wisdom (φρόνησις, phronesis)**
    - *Reason for Selection*: Practical wisdom is the intellectual virtue that enables individuals to make sound moral judgments, making it a key criterion for moral responsibility.
    - *Specific Use*: ""Practical Wisdom is not identical with Cleverness, nor is it without this power of adapting means to ends"" (Book VI, Chapter V).

These concepts are central to Aristotle's theory of moral responsibility, as they define the criteria by which individuals are judged to be morally responsible for their actions. The specific uses cited illustrate how Aristotle employs these terms to develop his ethical framework.",N/A,N/A,0,Query 3/5,0.00
0.5,0.77,50,0.6,🇪🇺 Mistral-API,"Here are the 10 most prominent concepts describing criteria for moral responsibility in the uploaded document, along with explanations of their significance and specific uses:

1. **Moral Choice (προαίρεσις, prohairesis)**
   - **Reason for Selection**: Aristotle emphasizes that moral responsibility hinges on *moral choice*, which is a deliberate decision made after deliberation. It is the starting point of moral action and is characterized by the will and intellect working in harmony.
   - **Specific Use**: ""Moral Choice is plainly voluntary, but the two are not co-extensive, voluntary being the more comprehensive term"" (Book III, Chapter IV). This highlights that moral responsibility requires not just any voluntary action but one that is deliberate and reasoned.

2. **Voluntary Action (ἑκούσιον, hekousion)**
   - **Reason for Selection**: Aristotle distinguishes between voluntary and involuntary actions, arguing that moral responsibility applies only to voluntary actions. This is crucial for determining when an agent can be held accountable.
   - **Specific Use**: ""Involuntary actions then are thought to be of two kinds, being done either on compulsion, or by reason of ignorance"" (Book III, Chapter I). This underscores that involuntary actions (e.g., those done under duress or ignorance) do not qualify for moral responsibility.

3. **Deliberation (βούλησις, boulesis)**
   - **Reason for Selection**: Deliberation is the process by which an agent weighs options and decides on a course of action. It is a key criterion for moral responsibility because it reflects the agent's rational capacity.
   - **Specific Use**: ""Deliberation is a process of inquiry, and inquiry is about what is unknown"" (Book III, Chapter III). This shows that moral responsibility requires the agent to engage in reasoned deliberation before acting.

4. **Intellect (νοῦς, nous)**
   - **Reason for Selection**: The intellect is the faculty that guides moral choice by determining what is good or bad. Its role is essential for moral responsibility because it provides the rational basis for action.
   - **Specific Use**: ""The Intellect by itself moves nothing, only when directed to a certain result, i.e., exercised in Moral Action"" (Book VI, Chapter II). This indicates that moral responsibility depends on the intellect's role in directing action toward a moral end.

5. **Will (βούλησις, boulesis)**
   - **Reason for Selection**: The will is the faculty that desires or avoids actions based on the intellect's judgment. It is a critical component of moral responsibility because it bridges the gap between reason and action.
   - **Specific Use**: ""The Will is the desire of the Intellect, and the Intellect the desire of the Will"" (Book VI, Chapter II). This highlights the interplay between intellect and will in moral decision-making.

6. **Virtue (ἀρετή, arete)**
   - **Reason for Selection**: Virtue is the disposition to act in accordance with reason and moral principles. It is a central criterion for moral responsibility because it shapes the agent's character and actions.
   - **Specific Use**: ""Virtue is a state apt to exercise deliberate choice, being in the relative mean, determined by reason"" (Book II, Chapter VI). This defines virtue as a mean state achieved through deliberate choice, which is essential for moral responsibility.

7. **Vice (κακία, kakia)**
   - **Reason for Selection**: Vice is the opposite of virtue and represents a disposition to act contrary to moral principles. It is important for moral responsibility because it explains how agents can act immorally.
   - **Specific Use**: ""Vice is a state apt to exercise deliberate choice, being in the relative excess or defect, determined by passion"" (Book II, Chapter VI). This contrasts vice with virtue, showing how moral responsibility can be compromised by vice.

8. **Pleasure and Pain (ἡδονή και λύπη, hedone kai lupe)**
   - **Reason for Selection**: Pleasure and pain influence moral choice and action. They are relevant to moral responsibility because they can distort judgment and lead to immoral actions.
   - **Specific Use**: ""Virtue has for its object-matter pleasures and pains"" (Book III, Chapter IX). This indicates that moral responsibility involves managing the influence of pleasure and pain on action.

9. **Self-Control (ἐγκράτεια, egkrateia)**
   - **Reason for Selection**: Self-control is the ability to regulate one's actions in accordance with reason, even in the face of strong desires. It is a key criterion for moral responsibility because it reflects the agent's ability to act morally.
   - **Specific Use**: ""Self-Control is a good state and the Imperfection of it a bad one"" (Book VII, Chapter VIII). This distinguishes between self-control and its lack, which is crucial for assessing moral responsibility.

10. **Injustice (ἀδικία, adikia)**
    - **Reason for Selection**: Injustice is the violation of moral principles and is a direct consequence of immoral actions. It is important for moral responsibility because it defines the moral failure for which an agent can be held accountable.
    - **Specific Use**: ""Injustice is all this with respect to the Unjust: and since the Unjust is excess or defect of what is good or hurtful respectively, in violation of the proportionate"" (Book V, Chapter X). This explains how injustice arises from moral failure, which is central to moral responsibility.

These concepts collectively provide a framework for understanding moral responsibility in Aristotle's ethics, emphasizing the roles of reason, will, virtue, and deliberate choice in moral agency.",N/A,N/A,0,Query 4/5,0.00
0.5,0.99,50,0.6,🇪🇺 Mistral-API,"Here are the 10 most prominent concepts describing criteria for moral responsibility in the uploaded document, along with explanations for their selection:

1. **Moral Choice (Prohairesis)**
   - *Reason for Selection*: This concept is central to Aristotle's ethics, as it represents the deliberate decision-making process that leads to actions. It is explicitly linked to moral responsibility because it involves the agent's rational deliberation and voluntary commitment to a course of action. The text states, ""Moral Choice is plainly voluntary, but the two are not co-extensive, voluntary being the more comprehensive term"" (Book III, Chapter IV).

2. **Voluntary Action**
   - *Reason for Selection*: Aristotle distinguishes between voluntary and involuntary actions, emphasizing that moral responsibility is tied to actions that are within the agent's control. The text notes, ""Involuntary actions then are thought to be of two kinds, being done either on compulsion, or by reason of ignorance"" (Book III, Chapter I). This distinction is crucial for understanding when an agent can be held morally responsible.

3. **Virtue (Arete)**
   - *Reason for Selection*: Virtue is a key criterion for moral responsibility because it represents the character traits that guide an agent's actions. Aristotle defines virtue as a ""state apt to exercise deliberate choice, being in the relative mean, determined by reason"" (Book II, Chapter VI). The possession and exercise of virtues are essential for moral responsibility.

4. **Intellect (Nous) and Will (Boulēsis)**
   - *Reason for Selection*: The interplay between intellect and will is fundamental to moral responsibility. Aristotle explains, ""Intellect and Will are thus connected, what in the Intellectual operation is Affirmation and Negation that in the Will is Pursuit and Avoidance"" (Book I). The intellect guides the will, and the will executes the decisions, making both essential for moral agency.

5. **Pleasure and Pain**
   - *Reason for Selection*: Aristotle argues that moral responsibility is influenced by the agent's response to pleasure and pain. He states, ""Virtue has for its object-matter pleasures and pains, and that it is either increased or marred by the same circumstances (differently used) by which it is originally generated"" (Book III, Chapter IX). This highlights the role of emotional regulation in moral behavior.

6. **Self-Control (Enkrateia) and Lack of Self-Control (Akrasia)**
   - *Reason for Selection*: These concepts are directly related to moral responsibility because they describe the agent's ability to control their actions in accordance with reason. Aristotle discusses how self-control is a mean state between excess and defect, and lack of self-control is a vice that undermines moral responsibility (Book VII, Chapter I).

7. **Justice (Dikaiosyne)**
   - *Reason for Selection*: Justice is a critical criterion for moral responsibility as it involves the fair treatment of others. Aristotle defines justice as a ""moral state in virtue of which the just man is said to have the aptitude for practising the Just in the way of moral choice"" (Book V, Chapter I). It encompasses both individual and social dimensions of moral responsibility.

8. **Injustice (Adikia)**
   - *Reason for Selection*: Injustice is the opposite of justice and represents a failure in moral responsibility. Aristotle describes injustice as a state that leads to actions that violate the rights of others, stating, ""Injustice is all this with respect to the Unjust: and since the Unjust is excess or defect of what is good or hurtful respectively, in violation of the proportionate"" (Book V, Chapter I).

9. **Deliberation (Boulēsis)**
   - *Reason for Selection*: Deliberation is a key process in moral responsibility as it involves the agent's rational consideration of actions. Aristotle explains, ""Deliberation is a process of inquiry and reasoning, and is concerned with things that happen in a certain way for the most part, but in which the event is obscure, and with actions to be done in the future"" (Book III, Chapter III). It is a necessary step before moral choice.

10. **Habituation (Ethos)**
    - *Reason for Selection*: Habituation is the process by which virtues are formed, making it a foundational criterion for moral responsibility. Aristotle states, ""We are right then in saying, that these virtues are formed in a man by his doing the actions; but no one, if he should leave them undone, would be even in the way to become a good man"" (Book II, Chapter IV). It underscores the role of practice in developing moral character.

These concepts collectively provide a comprehensive framework for understanding moral responsibility in Aristotle's ethics, emphasizing the roles of reason, character, and action.",N/A,N/A,0,Query 5/5,0.00
