Temperature,Top-p,Top-k,BM25 Weight,Model,Main Answer,Input Tokens,Output Tokens,Conversation History,Progress,Elapsed Time (s)
0.5,0.95,1,0.6,🇪🇺 Mistral-API,"Here is a list of the 10 most prominent concepts describing criteria for moral responsibility in the uploaded document, along with explanations for their selection and specific uses:

1. **Moral Choice (Prohairesis)**
   - **Reason for Selection**: Moral Choice is central to Aristotle's ethics, as it represents the deliberate decision-making process that leads to actions. It is the bridge between character and action, making it crucial for moral responsibility.
   - **Specific Use**: Aristotle defines Moral Choice as ""voluntary, but not all voluntary action is an object of Moral Choice"" (Book III, Chapter 3). It is characterized by deliberation and is essential for understanding how individuals take responsibility for their actions.

2. **Voluntary and Involuntary Actions**
   - **Reason for Selection**: The distinction between voluntary and involuntary actions is fundamental to moral responsibility, as it determines whether an individual can be held accountable for their actions.
   - **Specific Use**: Aristotle discusses involuntary actions as those done ""on compulsion, or by reason of ignorance"" (Book III, Chapter 1), while voluntary actions are those done with knowledge and deliberation, which are the basis for moral responsibility.

3. **Virtue (Arete)**
   - **Reason for Selection**: Virtue is the moral excellence that guides individuals to act rightly. It is the foundation of moral responsibility because it shapes character and actions.
   - **Specific Use**: Aristotle defines Virtue as ""a state apt to exercise deliberate choice, being in the relative mean, determined by reason"" (Book II, Chapter 6). Virtue is cultivated through habit and is essential for moral responsibility.

4. **Self-Control (Enkrateia) and Imperfect Self-Control (Akrasia)**
   - **Reason for Selection**: These concepts address the struggle between reason and desire, which is critical for understanding moral responsibility. Self-Control represents the ability to act according to reason, while Imperfect Self-Control represents the failure to do so.
   - **Specific Use**: Aristotle explains that the man of Self-Control ""abides by his resolutions, and not to depart from them"" (Book VII, Chapter 8), while the man of Imperfect Self-Control is ""overcome by passion"" (Book VII, Chapter 8).

5. **Pleasure and Pain**
   - **Reason for Selection**: Pleasure and pain are central to moral responsibility because they influence actions and decisions. Aristotle argues that moral virtue is concerned with regulating these feelings.
   - **Specific Use**: Aristotle states that ""Virtue has for its object-matter pleasures and pains"" (Book III, Chapter 10), and that ""by reason of pleasure we do what is bad, and by reason of pain decline doing what is right"" (Book III, Chapter 10).

6. **Deliberation (Boulēsis)**
   - **Reason for Selection**: Deliberation is the process by which individuals weigh options and make decisions, which is essential for moral responsibility.
   - **Specific Use**: Aristotle defines deliberation as ""a process of reasoning whereby we determine the means to an end"" (Book III, Chapter 3). It is a key component of Moral Choice and is necessary for responsible action.

7. **Reason (Logos) and Will (Boulēsis)**
   - **Reason for Selection**: The interplay between reason and will is crucial for moral responsibility, as it determines how individuals act in accordance with moral principles.
   - **Specific Use**: Aristotle argues that ""the Reason must be true and the Will right, to constitute good Moral Choice"" (Book I, Chapter 13), and that ""what the Reason affirms the Will must pursue"" (Book I, Chapter 13).

8. **Justice (Dikaiosynē)**
   - **Reason for Selection**: Justice is a fundamental moral virtue that ensures fairness and equity in actions, making it essential for moral responsibility.
   - **Specific Use**: Aristotle defines Justice as ""a mean state in respect of what is just"" (Book V, Chapter 1), and it is concerned with the fair distribution of goods and the equitable treatment of individuals.

9. **Habit (Ethos)**
   - **Reason for Selection**: Habit is the repeated practice that shapes character and actions, which is crucial for moral responsibility. Aristotle emphasizes the importance of habituation in developing virtuous character.
   - **Specific Use**: Aristotle states that ""by doing just actions we come to be just; by doing the actions of self-mastery we come to be perfected in self-mastery"" (Book II, Chapter 1), highlighting the role of habit in moral responsibility.

10. **Moral Responsibility (Aitia)**
    - **Reason for Selection**: Moral responsibility is the overarching concept that encompasses the criteria for holding individuals accountable for their actions. It is the culmination of the other concepts discussed.
    - **Specific Use**: Aristotle discusses moral responsibility in the context of voluntary actions and the cultivation of virtue, arguing that individuals are responsible for their actions when they act with knowledge and deliberation.

These concepts are central to Aristotle's ethical framework and provide a comprehensive understanding of the criteria for moral responsibility. They are interconnected and collectively form the basis for ethical decision-making and accountability.",N/A,N/A,0,Query 1/5,0.00
0.5,0.95,25,0.6,🇪🇺 Mistral-API,"Here are the 10 most prominent concepts describing criteria for moral responsibility in the uploaded document, along with explanations for their selection and specific uses:

1. **Moral Choice (Prohairesis)**
   - **Reason for Selection**: Aristotle frequently uses this term to describe the deliberate decision-making process that underpins moral responsibility. It is central to his ethics, particularly in distinguishing voluntary actions from mere impulses.
   - **Specific Use**: ""Moral Choice is plainly voluntary, but the two are not co-extensive, voluntary being the more comprehensive term; for first, children and all other animals share in voluntary action but not in Moral Choice"" (Book III, Chapter IV).

2. **Voluntary Action (Hekousion)**
   - **Reason for Selection**: This concept is crucial for understanding moral responsibility, as Aristotle distinguishes between actions that are within an individual's control and those that are not.
   - **Specific Use**: ""Now since Virtue is concerned with the regulation of feelings and actions, and praise and blame arise upon such as are voluntary, while for the involuntary allowance is made, and sometimes compassion is excited, it is perhaps a necessary task for those who are investigating the nature of Virtue to draw out the distinction between what is voluntary and what involuntary"" (Book III, Chapter I).

3. **Intellect (Nous)**
   - **Reason for Selection**: Intellect is a key component of moral responsibility, as it guides the rational part of the soul in making moral judgments.
   - **Specific Use**: ""For it is not every kind of Notion which the pleasant and the painful corrupt and pervert, as, for instance, that 'the three angles of every rectilineal triangle are equal to two right angles,' but only those bearing on moral action"" (Book I, Chapter XIII).

4. **Will (Boulēsis)**
   - **Reason for Selection**: The will is essential for moral responsibility, as it represents the intentional aspect of human action.
   - **Specific Use**: ""And so, since Moral Virtue is a State apt to exercise Moral Choice and Moral Choice is Will consequent on deliberation, the Reason must be true and the Will right, to constitute good Moral Choice, and what the Reason affirms the Will must pursue"" (Book I, Chapter XIII).

5. **Deliberation (Boulē)**
   - **Reason for Selection**: Deliberation is the process by which individuals weigh options and make decisions, which is fundamental to moral responsibility.
   - **Specific Use**: ""Now Moral Choice is plainly voluntary, but the two are not co-extensive, voluntary being the more comprehensive term; for first, children and all other animals share in voluntary action but not in Moral Choice; and next, sudden actions we call voluntary but do not ascribe them to Moral Choice"" (Book III, Chapter IV).

6. **Virtue (Arētē)**
   - **Reason for Selection**: Virtue is the moral excellence that enables individuals to act responsibly and is a central concept in Aristotle's ethics.
   - **Specific Use**: ""Virtue then is in a sense a mean state, since it certainly has an aptitude for aiming at the mean"" (Book II, Chapter VI).

7. **Vice (Kakia)**
   - **Reason for Selection**: Vice represents the moral failings that lead to irresponsible actions, contrasting with virtue.
   - **Specific Use**: ""But it must not be supposed that every action or every feeling is capable of subsisting in this mean state, because some there are which are so named as immediately to convey the notion of badness, as malevolence, shamelessness, envy; or, to instance in actions, adultery, theft, homicide; for all these and suchlike are blamed because they are in themselves bad, not the having too much or too little of them"" (Book II, Chapter VI).

8. **Self-Control (Enkrateia)**
   - **Reason for Selection**: Self-control is the ability to regulate one's actions according to reason, which is essential for moral responsibility.
   - **Specific Use**: ""But to resume. Since the man of Imperfect Self-Control is of such a character as to follow bodily pleasures in excess and in defiance of Right Reason, without acting on any deliberate conviction, whereas the man utterly destitute of Self-Control does act upon a conviction which rests on his natural inclination to follow after these pleasures; the former may be easily persuaded to a different course, but the latter not"" (Book VII, Chapter VIII).

9. **Involuntary Action (Akousion)**
   - **Reason for Selection**: Involuntary actions are those not under an individual's control, which are exempt from moral responsibility.
   - **Specific Use**: ""Involuntary actions then are thought to be of two kinds, being done either on compulsion, or by reason of ignorance. An action is, properly speaking, compulsory, when the origination is external to the agent, being such that in it the agent (perhaps we may more properly say the patient) contributes nothing"" (Book III, Chapter I).

10. **Pleasure and Pain (Hēdonē and Lypē)**
    - **Reason for Selection**: Pleasure and pain are central to moral responsibility, as they influence actions and decisions.
    - **Specific Use**: ""For Moral Virtue has for its object-matter pleasures and pains, because by reason of pleasure we do what is bad, and by reason of pain decline doing what is right"" (Book III, Chapter IX).

These concepts are integral to Aristotle's framework for moral responsibility, as they delineate the criteria for voluntary action, the role of reason and will, and the distinction between virtuous and vicious behavior.",N/A,N/A,0,Query 2/5,0.00
0.5,0.95,50,0.6,🇪🇺 Mistral-API,"Here is a list of the 10 most prominent concepts describing criteria for moral responsibility in the uploaded document, along with explanations for their selection and specific uses:

1. **Moral Choice (προαίρεσις, prohairesis)**
   - **Reason for Selection**: Aristotle emphasizes moral choice as the starting point of moral action and the basis for moral responsibility. It is defined as ""will consequent on deliberation"" and is central to his ethical theory.
   - **Specific Use**: ""Moral Choice is plainly voluntary, but the two are not co-extensive, voluntary being the more comprehensive term"" (Book III, Chapter III).

2. **Voluntary and Involuntary Actions**
   - **Reason for Selection**: Aristotle distinguishes between voluntary and involuntary actions to determine moral responsibility. Voluntary actions are those done with knowledge and deliberation, while involuntary actions are done under compulsion or ignorance.
   - **Specific Use**: ""Involuntary actions then are thought to be of two kinds, being done either on compulsion, or by reason of ignorance"" (Book III, Chapter I).

3. **Virtue (ἀρετή, arete)**
   - **Reason for Selection**: Virtue is a key concept in Aristotle's ethics, representing the mean state between excess and defect in feelings and actions. It is essential for moral responsibility as it guides moral choice.
   - **Specific Use**: ""Virtue then is a mean state, since it certainly has an aptitude for aiming at the mean"" (Book II, Chapter VI).

4. **Deliberation (βουλή, boule)**
   - **Reason for Selection**: Deliberation is the process by which moral choice is formed. It involves reasoning about means to achieve ends and is crucial for determining moral responsibility.
   - **Specific Use**: ""Deliberation is concerned with things that happen in a way that is for the most part, but in which the event is obscure, and with things in which it is indeterminate"" (Book III, Chapter III).

5. **Practical Wisdom (φρόνησις, phronesis)**
   - **Reason for Selection**: Practical wisdom is the intellectual virtue that guides moral choice and action. It is essential for making correct moral judgments and is closely linked to moral responsibility.
   - **Specific Use**: ""Practical Wisdom is a true state of mind, true as being in agreement with correct reasoning"" (Book VI, Chapter V).

6. **Moral Character (ἦθος, ethos)**
   - **Reason for Selection**: Moral character is formed by habit and is the foundation of moral responsibility. It determines how individuals act and make moral choices.
   - **Specific Use**: ""Moral character is formed by habit, and of habits we are masters"" (Book II, Chapter I).

7. **Self-Control (ἐγκράτεια, enkrateia) and Imperfect Self-Control (ἀκρασία, akrasia)**
   - **Reason for Selection**: These concepts are crucial for understanding moral responsibility, as they describe the ability to control or fail to control one's actions in accordance with moral principles.
   - **Specific Use**: ""Self-Control is a good state and the Imperfection of it a bad one"" (Book VII, Chapter VIII).

8. **Justice (δικαιοσύνη, dikaiosyne)**
   - **Reason for Selection**: Justice is a fundamental moral virtue that ensures fairness and equity in actions, making it essential for moral responsibility.
   - **Specific Use**: ""Justice is the moral state in virtue of which the just man is said to have the aptitude for practising the Just in the way of moral choice"" (Book V, Chapter I).

9. **Pleasure and Pain**
   - **Reason for Selection**: Aristotle argues that pleasure and pain are central to moral responsibility, as they influence moral choice and action. Virtue involves regulating these feelings to achieve the mean.
   - **Specific Use**: ""Virtue has for its object-matter pleasures and pains"" (Book III, Chapter IX).

10. **Happiness (εὐδαιμονία, eudaimonia)**
    - **Reason for Selection**: Happiness is the ultimate goal of moral action and responsibility. It is achieved through living a virtuous life and making morally responsible choices.
    - **Specific Use**: ""Happiness is a working of the soul in the way of excellence or virtue of a certain kind"" (Book I, Chapter VII).

These concepts are central to Aristotle's ethical theory and provide a framework for understanding moral responsibility. They are repeatedly discussed and applied throughout the *Nicomachean Ethics*, making them essential for any study of moral responsibility in Aristotle's philosophy.",N/A,N/A,0,Query 3/5,0.00
0.5,0.95,75,0.6,🇪🇺 Mistral-API,"Here are the 10 most prominent concepts describing criteria for moral responsibility in Aristotle's *Nicomachean Ethics*, along with explanations of their significance and specific uses in the text:

1. **Moral Choice (Prohairesis)**
   - *Reason for Selection*: Moral choice is central to Aristotle's ethics as it represents the deliberate decision-making process that distinguishes human actions as voluntary and thus morally evaluable. It is the bridge between reason and action, making individuals responsible for their choices.
   - *Specific Use*: ""Moral Choice is plainly voluntary, but the two are not co-extensive, voluntary being the more comprehensive term"" (Book III, Chapter 5).

2. **Voluntary Action (Hekousion)**
   - *Reason for Selection*: Voluntary action is a foundational criterion for moral responsibility, as Aristotle argues that only actions performed voluntarily can be subject to moral praise or blame.
   - *Specific Use*: ""Involuntary actions then are thought to be of two kinds, being done either on compulsion, or by reason of ignorance"" (Book III, Chapter 1).

3. **Intellect (Nous) and Will (Boulēsis)**
   - *Reason for Selection*: These faculties are crucial for moral agency, as they guide the process of deliberation and decision-making, making individuals accountable for their actions.
   - *Specific Use*: ""What in the Intellectual operation is Affirmation and Negation that in the Will is Pursuit and Avoidance"" (Book I, Chapter 13).

4. **Virtue (Arētē)**
   - *Reason for Selection*: Virtue is the disposition that enables individuals to act in accordance with reason and moral principles, making them morally responsible agents.
   - *Specific Use*: ""Virtue then is a state apt to exercise deliberate choice, being in the relative mean, determined by reason"" (Book II, Chapter 6).

5. **Pleasure and Pain**
   - *Reason for Selection*: Aristotle emphasizes that moral responsibility involves the regulation of pleasures and pains, as these influence moral choices and actions.
   - *Specific Use*: ""Virtue has for its object-matter pleasures and pains"" (Book III, Chapter 10).

6. **Habituation (Ethos)**
   - *Reason for Selection*: Habituation is the process by which moral virtues are cultivated, making individuals morally responsible for their character development.
   - *Specific Use*: ""By doing just actions we come to be just; by doing the actions of self-mastery we come to be perfected in self-mastery"" (Book II, Chapter 1).

7. **Self-Control (Enkrateia) and Incontinence (Akrasia)**
   - *Reason for Selection*: These concepts highlight the struggle between reason and desire, illustrating how moral responsibility is affected by the ability to control one's passions.
   - *Specific Use*: ""The man of Imperfect Self-Control is of such a character as to follow bodily pleasures in excess and in defiance of Right Reason"" (Book VII, Chapter 3).

8. **Justice (Dikaiosynē)**
   - *Reason for Selection*: Justice is a key virtue that governs social interactions and ensures fairness, making individuals morally responsible for their actions toward others.
   - *Specific Use*: ""Justice is the moral state in virtue of which the just man is said to have the aptitude for practising the Just in the way of moral choice"" (Book V, Chapter 1).

9. **Deliberation (Boulēsis)**
   - *Reason for Selection*: Deliberation is the rational process that precedes moral choice, making individuals responsible for the reasoning behind their actions.
   - *Specific Use*: ""Deliberation is a process of inquiry and reasoning"" (Book III, Chapter 3).

10. **Practical Wisdom (Phronēsis)**
    - *Reason for Selection*: Practical wisdom is the intellectual virtue that enables individuals to make sound moral judgments, making them responsible for their decisions.
    - *Specific Use*: ""Practical Wisdom is a state of mind true, conjoined with Reason, and apt to Do, having for its object those things which are good or bad for Man"" (Book VI, Chapter 5).

These concepts collectively form the framework for understanding moral responsibility in Aristotle's ethics, emphasizing the interplay between reason, virtue, and action.",N/A,N/A,0,Query 4/5,0.00
0.5,0.95,100,0.6,🇪🇺 Mistral-API,"Here is a list of 10 prominent concepts describing criteria for moral responsibility in the uploaded document, along with explanations for their selection:

1. **Moral Choice (Prohairesis)**
   - *Reason for Selection*: Aristotle frequently uses this term to describe the deliberate decision-making process that underpins moral responsibility. It is the culmination of deliberation and will, and it is what makes actions voluntary and thus subject to moral evaluation. The text explicitly states that ""Moral Choice is plainly voluntary, but the two are not co-extensive, voluntary being the more comprehensive term"" (Book III, Chapter IV).

2. **Voluntary Action (Hekousion)**
   - *Reason for Selection*: The distinction between voluntary and involuntary actions is crucial for moral responsibility. Aristotle argues that actions are voluntary when they are performed with knowledge and deliberation, making the agent morally responsible. The text states, ""Now since Virtue is concerned with the regulation of feelings and actions, and praise and blame arise upon such as are voluntary, while for the involuntary allowance is made"" (Book III, Chapter I).

3. **Deliberation (Boulēsis)**
   - *Reason for Selection*: Deliberation is the process by which an agent considers the means to achieve an end. It is a key component of moral responsibility because it reflects the agent's reasoning and intentionality. The text explains, ""Nor, again, is it employed on matters of detail, as whether the substance before me is bread, or has been properly cooked; for these come under the province of sense, and if a man is to be always deliberating, he may go on ad infinitum"" (Book III, Chapter III).

4. **Virtue (Arētē)**
   - *Reason for Selection*: Virtue is the disposition to act in accordance with reason and moral principles. It is the foundation of moral responsibility because it determines the agent's character and actions. The text defines virtue as ""a state apt to exercise deliberate choice, being in the relative mean, determined by reason, and as the man of practical wisdom would determine"" (Book II, Chapter VI).

5. **Practical Wisdom (Phronēsis)**
   - *Reason for Selection*: Practical wisdom is the intellectual virtue that enables an agent to make correct moral judgments. It is essential for moral responsibility because it guides the agent in choosing the right actions. The text states, ""Practical Wisdom is not identical with Cleverness, nor is it without this power of adapting means to ends"" (Book VI, Chapter V).

6. **Moral Character (Ethos)**
   - *Reason for Selection*: Moral character refers to the habitual dispositions that influence an agent's actions. It is central to moral responsibility because it shapes the agent's moral choices. The text explains, ""But operation of the Intellect by itself moves nothing, only when directed to a certain result, i.e. exercised in Moral Action"" (Book VI, Chapter II).

7. **Involuntary Action (Akousion)**
   - *Reason for Selection*: The distinction between voluntary and involuntary actions is crucial for moral responsibility. Involuntary actions are those performed under compulsion or ignorance, and they exempt the agent from moral blame. The text states, ""Involuntary actions then are thought to be of two kinds, being done either on compulsion, or by reason of ignorance"" (Book III, Chapter I).

8. **Self-Control (Enkrateia)**
   - *Reason for Selection*: Self-control is the ability to regulate one's desires and actions in accordance with reason. It is relevant to moral responsibility because it reflects the agent's capacity for moral agency. The text explains, ""But of the characters who go wrong without choosing so to do, the one is led on by reason of pleasure, the other because he avoids the pain it would cost him to deny his lust"" (Book VII, Chapter VI).

9. **Vice (Kakia)**
   - *Reason for Selection*: Vice is the opposite of virtue and refers to the habitual dispositions that lead to immoral actions. It is central to moral responsibility because it determines the agent's moral failings. The text states, ""Again, in right of the Feelings we are said to be moved, but in right of the virtues and vices we are"" (Book II, Chapter V).

10. **Moral Responsibility (Aitia)**
    - *Reason for Selection*: Moral responsibility refers to the agent's accountability for their actions. It is the overarching concept that ties together the other criteria. The text explains, ""But nothing which is done and past can be the object of Moral Choice; for instance, no man chooses to have sacked Troy; because, in fact, no one ever deliberates about what is past, but only about that which is future"" (Book III, Chapter III).

These concepts are central to Aristotle's theory of moral responsibility, as they outline the criteria by which agents are held accountable for their actions. The text provides detailed explanations of these concepts, making them essential for understanding moral responsibility in Aristotle's ethics.",N/A,N/A,0,Query 5/5,0.00
