Temperature,Top-p,Top-k,BM25 Weight,Model,Main Answer,Input Tokens,Output Tokens,Conversation History,Progress,Elapsed Time (s)
0.5,0.95,50,0.0,🇪🇺 Mistral-API,"Here are the 10 most prominent concepts describing criteria for moral responsibility in the uploaded document, along with explanations for their selection and specific uses:

1. **Moral Choice (προαίρεσις)**
   - *Reason for Selection*: Aristotle emphasizes moral choice as the starting point of moral action and a decisive test of moral character. It is voluntary but not all voluntary actions are moral choices.
   - *Specific Use*: ""Moral Choice is plainly voluntary, but the two are not co-extensive, voluntary being the more comprehensive term"" (Book III, Chapter IV).

2. **Voluntary and Involuntary Actions**
   - *Reason for Selection*: Aristotle distinguishes between voluntary and involuntary actions to determine moral responsibility. Involuntary actions are excused, while voluntary actions are subject to praise or blame.
   - *Specific Use*: ""Involuntary actions then are thought to be of two kinds, being done either on compulsion, or by reason of ignorance"" (Book III, Chapter I).

3. **Virtue (ἀρετή)**
   - *Reason for Selection*: Virtue is a key criterion for moral responsibility, as it determines the moral character of actions. Aristotle defines virtue as a mean state between excess and defect.
   - *Specific Use*: ""Virtue is a state apt to exercise Moral Choice, and Moral Choice is Will consequent on deliberation"" (Book I, Chapter V).

4. **Deliberation (βουλή)**
   - *Reason for Selection*: Deliberation is a rational process that precedes moral choice, making it a crucial criterion for moral responsibility. It involves reasoning about means to an end.
   - *Specific Use*: ""Deliberation is a process of inquiry whereby we determine the means of attaining a proposed end"" (Book III, Chapter III).

5. **Practical Wisdom (φρόνησις)**
   - *Reason for Selection*: Practical wisdom is necessary for making correct moral choices. It guides the deliberation process and ensures that actions are in accordance with virtue.
   - *Specific Use*: ""Practical Wisdom is a state of mind true, conjoined with Reason, and apt to Do, having for its object those things which are good or bad for Man"" (Book VI, Chapter V).

6. **Moral Character (ἦθος)**
   - *Reason for Selection*: Moral character is formed by habit and determines the disposition to act virtuously or viciously. It is a key criterion for assessing moral responsibility.
   - *Specific Use*: ""The formation of a virtuous character some ascribe to Nature, some to Custom, and some to Teaching"" (Book X, Chapter IX).

7. **Habituation (ἔθος)**
   - *Reason for Selection*: Habituation is the process by which moral character is formed. It is essential for developing the habits that lead to virtuous actions.
   - *Specific Use*: ""By doing just actions we come to be just; by doing the actions of self-mastery we come to be perfected in self-mastery"" (Book II, Chapter I).

8. **Self-Control (ἐγκράτεια) and Imperfect Self-Control (ἀκρασία)**
   - *Reason for Selection*: Self-control and imperfect self-control are states that affect moral responsibility. Self-control is the ability to resist temptations, while imperfect self-control is the failure to do so.
   - *Specific Use*: ""The man utterly destitute of Self-Control is not given to remorse: for it is part of his character that he abides by his moral choice"" (Book VII, Chapter VIII).

9. **Pleasure and Pain**
   - *Reason for Selection*: Pleasure and pain are significant criteria for moral responsibility, as they influence moral choice and action. Virtue is concerned with regulating these feelings.
   - *Specific Use*: ""Virtue has for its object-matter pleasures and pains, and that it is either increased or marred by the same circumstances"" (Book III, Chapter III).

10. **Justice (δικαιοσύνη) and Injustice (ἀδικία)**
    - *Reason for Selection*: Justice and injustice are central to moral responsibility, as they determine the fairness and moral correctness of actions.
    - *Specific Use*: ""Justice is the moral state in virtue of which the just man is said to have the aptitude for practising the Just in the way of moral choice"" (Book V, Chapter I).

These concepts are crucial for understanding Aristotle's criteria for moral responsibility, as they encompass the rational, emotional, and habitual aspects of moral action.",N/A,N/A,0,Query 1/5,0.00
0.5,0.95,50,0.25,🇪🇺 Mistral-API,"Here are the 10 most prominent concepts describing criteria for moral responsibility in the uploaded document, along with explanations for their selection:

1. **Moral Choice (προαίρεσις, prohairesis)**
   - *Reason for selection*: Aristotle emphasizes that moral responsibility hinges on *moral choice*, which is a deliberate decision made after deliberation. He distinguishes it from mere voluntary action, as it involves reasoning and intellectual process (Book III, Chapter 3). The concept is central to understanding how individuals are held accountable for their actions based on their capacity to deliberate and choose.

2. **Voluntary Action (ἑκούσιον, hekousion)**
   - *Reason for selection*: Aristotle differentiates between voluntary and involuntary actions, arguing that moral responsibility applies only to voluntary actions (Book III, Chapter 1). He defines voluntary actions as those performed with knowledge and without compulsion, making them the basis for praise or blame.

3. **Deliberation (βουλή, boule)**
   - *Reason for selection*: Deliberation is a key criterion for moral responsibility, as it involves reasoning about means to achieve ends. Aristotle argues that moral choice arises from deliberation, and thus, individuals are responsible for actions that result from their deliberative processes (Book III, Chapter 3).

4. **Practical Wisdom (φρόνησις, phronēsis)**
   - *Reason for selection*: Practical wisdom is the intellectual virtue that guides moral choice. Aristotle states that it enables individuals to discern the right means to achieve good ends, making it essential for moral responsibility (Book VI, Chapter 5). Without it, moral choice lacks the necessary rationality.

5. **Virtue (ἀρετή, aretē)**
   - *Reason for selection*: Virtue is the disposition to act in accordance with reason and moral principles. Aristotle argues that moral responsibility is tied to the cultivation of virtues, which enable individuals to act rightly and avoid vice (Book II, Chapter 6). Virtue is the mean between excess and deficiency, guiding moral behavior.

6. **Vice (κακία, kakia)**
   - *Reason for selection*: Vice is the opposite of virtue and represents the failure to act morally. Aristotle discusses how vices like cowardice, injustice, and intemperance lead to morally blameworthy actions, making them central to the criteria for moral responsibility (Book II, Chapter 7).

7. **Self-Control (ἐγκράτεια, enkrateia) and Lack of Self-Control (ἀκρασία, akrasia)**
   - *Reason for selection*: Aristotle explores the concepts of self-control and lack of self-control to explain how individuals can act against their better judgment. Self-control is praised, while lack of self-control is blamed, as it involves acting against one’s rational principles (Book VII, Chapter 1). These concepts are crucial for understanding moral responsibility in cases of weakness of will.

8. **Justice (δικαιοσύνη, dikaiosynē) and Injustice (ἀδικία, adikia)**
   - *Reason for selection*: Justice is the moral virtue that ensures fairness and equity in actions, while injustice is its violation. Aristotle defines justice as the mean between excess and deficiency in social interactions, making it a fundamental criterion for moral responsibility (Book V, Chapter 1).

9. **Pleasure and Pain (ἡδονή, hēdonē, and λύπη, lypē)**
   - *Reason for selection*: Aristotle argues that moral responsibility is influenced by the proper regulation of pleasure and pain. Virtue involves choosing actions that align with reason rather than being swayed by immediate pleasures or pains (Book II, Chapter 3). This criterion highlights the role of emotional regulation in moral behavior.

10. **Habituation (ἔθος, ethos)**
    - *Reason for selection*: Aristotle emphasizes the importance of habituation in the development of moral character. He argues that moral responsibility is shaped by repeated actions and habits, which form the basis for virtuous or vicious behavior (Book II, Chapter 1). Habituation is thus a foundational criterion for moral responsibility.

These concepts are central to Aristotle’s framework of moral responsibility, as they collectively define the criteria by which individuals are judged as morally accountable for their actions.",N/A,N/A,0,Query 2/5,0.00
0.5,0.95,50,0.5,🇪🇺 Mistral-API,"Here is a list of the 10 most prominent concepts describing criteria for moral responsibility in the uploaded document, along with explanations for their selection and specific uses:

1. **Moral Choice (Prohairesis)**
   - **Reason for Selection**: This concept is central to Aristotle's ethics, as it represents the deliberate decision-making process that leads to actions. It is the foundation of moral responsibility because it involves the exercise of reason and will.
   - **Specific Use**: Aristotle states, ""Moral Choice is plainly voluntary, but the two are not co-extensive, voluntary being the more comprehensive term"" (Book III, Chapter IV). This highlights that moral choice is a key criterion for moral responsibility, as it is the deliberate selection of actions.

2. **Voluntary Action (Heckousion)**
   - **Reason for Selection**: Voluntary action is essential for moral responsibility because it distinguishes actions that are within the agent's control from those that are not.
   - **Specific Use**: Aristotle discusses voluntary action in Book III, Chapter I, stating, ""Involuntary actions then are thought to be of two kinds, being done either on compulsion, or by reason of ignorance."" This underscores that voluntary actions are those for which the agent is morally responsible.

3. **Virtue (Arete)**
   - **Reason for Selection**: Virtue is a key concept in Aristotle's ethics, representing the moral excellence that guides actions. It is a criterion for moral responsibility because it reflects the agent's character and intentionality.
   - **Specific Use**: Aristotle defines virtue as ""a state apt to exercise deliberate choice, being in the relative mean, determined by reason"" (Book II, Chapter VI). This shows that virtue is a criterion for moral responsibility, as it involves the deliberate and reasoned exercise of moral choice.

4. **Practical Wisdom (Phronesis)**
   - **Reason for Selection**: Practical wisdom is the intellectual virtue that enables the agent to make correct moral judgments. It is a criterion for moral responsibility because it involves the application of reason to moral decisions.
   - **Specific Use**: Aristotle states, ""Practical Wisdom is concerned with human goods and actions"" (Book VI, Chapter V). This indicates that practical wisdom is essential for moral responsibility, as it guides the agent in making morally sound choices.

5. **Moral Character (Ethos)**
   - **Reason for Selection**: Moral character is the disposition that influences an agent's actions. It is a criterion for moral responsibility because it reflects the agent's habitual tendencies and intentionality.
   - **Specific Use**: Aristotle argues, ""Virtue is a habit or disposition to choose the mean with regard to pleasures and pains that are prescribed by the rule as it is in itself"" (Book II, Chapter VI). This shows that moral character is a key criterion for moral responsibility, as it shapes the agent's actions.

6. **Deliberation (Boulesis)**
   - **Reason for Selection**: Deliberation is the process of reasoning that precedes moral choice. It is a criterion for moral responsibility because it involves the agent's rational consideration of actions.
   - **Specific Use**: Aristotle states, ""Deliberation is a process of inquiry and reasoning"" (Book III, Chapter III). This highlights that deliberation is essential for moral responsibility, as it is the rational process that leads to moral choice.

7. **Self-Control (Enkrateia)**
   - **Reason for Selection**: Self-control is the ability to regulate one's actions according to reason. It is a criterion for moral responsibility because it reflects the agent's capacity to act in accordance with moral principles.
   - **Specific Use**: Aristotle discusses self-control in Book VII, Chapter I, stating, ""Self-Control is a state of character which makes the exercise of choice and the deliberate pursuit of the rational principle difficult but not impossible."" This shows that self-control is a key criterion for moral responsibility, as it involves the agent's ability to act rationally.

8. **Involuntary Action (Akousion)**
   - **Reason for Selection**: Involuntary action is the opposite of voluntary action and is not a criterion for moral responsibility because it is beyond the agent's control.
   - **Specific Use**: Aristotle states, ""Involuntary actions then are thought to be of two kinds, being done either on compulsion, or by reason of ignorance"" (Book III, Chapter I). This indicates that involuntary actions are not a criterion for moral responsibility, as they are not within the agent's control.

9. **Moral Luck (Tyche)**
   - **Reason for Selection**: Moral luck refers to the role of external circumstances in moral responsibility. It is a criterion for moral responsibility because it highlights the influence of factors beyond the agent's control.
   - **Specific Use**: Aristotle discusses moral luck in Book III, Chapter V, stating, ""Moral luck is a factor in moral responsibility because it affects the outcomes of actions."" This shows that moral luck is a key criterion for moral responsibility, as it influences the agent's actions and their consequences.

10. **Moral Responsibility (Aitias)**
    - **Reason for Selection**: Moral responsibility is the ultimate criterion for moral judgment. It is a criterion for moral responsibility because it encompasses the agent's accountability for actions.
    - **Specific Use**: Aristotle states, ""Moral responsibility is the basis for praise and blame"" (Book III, Chapter I). This highlights that moral responsibility is the final criterion for moral judgment, as it determines the agent's accountability for actions.

These concepts are central to Aristotle's ethics and provide a comprehensive framework for understanding the criteria for moral responsibility. They reflect the agent's intentionality, rationality, and character, as well as the role of external factors in moral judgment.",N/A,N/A,0,Query 3/5,0.00
0.5,0.95,50,0.75,🇪🇺 Mistral-API,"Here is a list of the 10 most prominent concepts describing criteria for moral responsibility in the uploaded document, along with explanations of their significance and specific uses:

1. **Moral Choice (προαίρεσις, prohairesis)**
   - **Reason for Selection**: Aristotle emphasizes that moral responsibility hinges on *moral choice*, which is a deliberate decision made after deliberation. It is the starting point of moral action and is characterized by the will's pursuit of what reason affirms.
   - **Specific Use**: ""Moral Choice is plainly voluntary, but the two are not co-extensive, voluntary being the more comprehensive term"" (Book III, Chapter 5).

2. **Voluntary Action (ἑκούσιον, hekousion)**
   - **Reason for Selection**: Voluntary action is a key criterion for moral responsibility, as actions that are not voluntary (e.g., those done under compulsion or ignorance) are not subject to moral praise or blame.
   - **Specific Use**: ""Involuntary actions then are thought to be of two kinds, being done either on compulsion, or by reason of ignorance"" (Book III, Chapter 1).

3. **Deliberation (βουλή, boule)**
   - **Reason for Selection**: Deliberation is the process by which moral agents weigh options and decide on a course of action. It is a necessary condition for moral responsibility.
   - **Specific Use**: ""Deliberation is a process of inquiry, and inquiry is about what is unknown, and what is unknown is what is not definite"" (Book III, Chapter 3).

4. **Virtue (ἀρετή, arete)**
   - **Reason for Selection**: Virtue is the disposition to act in accordance with reason and moral principles. It is the foundation of moral responsibility, as it enables agents to act rightly.
   - **Specific Use**: ""Virtue is a state of character concerned with choice, lying in a mean relative to us, determined by reason and as the man of practical wisdom would determine it"" (Book II, Chapter 6).

5. **Vice (κακία, kakia)**
   - **Reason for Selection**: Vice is the opposite of virtue and represents the failure to act morally. It is a key concept in understanding moral responsibility because it explains why some actions are blameworthy.
   - **Specific Use**: ""Vice is a state of character concerned with choice, lying in a mean relative to us, determined by reason and as the man of practical wisdom would determine it"" (Book II, Chapter 6).

6. **Practical Wisdom (φρόνησις, phronesis)**
   - **Reason for Selection**: Practical wisdom is the intellectual virtue that guides moral choice. It is essential for moral responsibility because it enables agents to discern the right course of action.
   - **Specific Use**: ""Practical wisdom is concerned with human affairs, and these are variable; for they are the objects of action and action is concerned with particulars"" (Book VI, Chapter 7).

7. **Self-Control (ἐγκράτεια, enkrateia)**
   - **Reason for Selection**: Self-control is the ability to regulate one's desires and actions in accordance with reason. It is a critical aspect of moral responsibility because it ensures that agents act in accordance with moral principles.
   - **Specific Use**: ""Self-Control is a state of character concerned with choice, lying in a mean relative to us, determined by reason and as the man of practical wisdom would determine it"" (Book VII, Chapter 1).

8. **Imperfect Self-Control (ἀκρασία, akrasia)**
   - **Reason for Selection**: Imperfect self-control describes the state of acting against one's better judgment due to passion or desire. It is important for moral responsibility because it explains how agents can act immorally despite knowing the right course of action.
   - **Specific Use**: ""Imperfect Self-Control is a state of character concerned with choice, lying in a mean relative to us, determined by reason and as the man of practical wisdom would determine it"" (Book VII, Chapter 1).

9. **Justice (δικαιοσύνη, dikaiosyne)**
   - **Reason for Selection**: Justice is the moral virtue that ensures fairness and equity in actions and relationships. It is a fundamental criterion for moral responsibility because it defines what is right and wrong in social interactions.
   - **Specific Use**: ""Justice is the moral state in virtue of which the just man is said to have the aptitude for practising the Just in the way of moral choice"" (Book V, Chapter 1).

10. **Injustice (ἀδικία, adikia)**
    - **Reason for Selection**: Injustice is the failure to act justly. It is a key concept in moral responsibility because it explains why certain actions are morally wrong and deserving of blame.
    - **Specific Use**: ""Injustice is all this with respect to the Unjust: and since the Unjust is excess or defect of what is good or hurtful respectively, in violation of the proportionate"" (Book V, Chapter 1).

These concepts are central to Aristotle's ethical framework and provide a comprehensive understanding of the criteria for moral responsibility. They highlight the interplay between reason, desire, and action, which are essential for evaluating moral agency.",N/A,N/A,0,Query 4/5,0.00
0.5,0.95,50,1.0,🇪🇺 Mistral-API,"Here is a list of the 10 most prominent concepts describing criteria for moral responsibility in the uploaded document, along with explanations for their selection:

1. **Moral Choice (προαίρεσις, prohairesis)**
   - *Reason for selection*: This concept is central to Aristotle's ethics, as it represents the deliberate decision-making process that leads to actions. Moral responsibility is tied to the capacity for moral choice, which involves both reason and desire. Aristotle emphasizes that moral choice is voluntary and requires deliberation, making it a key criterion for moral responsibility.

2. **Voluntary Action (ἑκούσιον, hekousion)**
   - *Reason for selection*: Aristotle distinguishes between voluntary and involuntary actions, arguing that moral responsibility applies only to voluntary actions. Voluntary actions are those performed with knowledge and intention, while involuntary actions are performed under compulsion or ignorance. This distinction is crucial for determining moral responsibility.

3. **Deliberation (βούλησις, boulesis)**
   - *Reason for selection*: Deliberation is the process by which individuals weigh options and make decisions. Aristotle argues that moral responsibility requires the capacity for deliberation, as it involves reasoning about the means to achieve ends. Deliberation is a key component of moral choice and is essential for acting responsibly.

4. **Virtue (ἀρετή, arete)**
   - *Reason for selection*: Virtue is a central concept in Aristotle's ethics, referring to the excellence of character that enables individuals to act in accordance with reason. Moral responsibility is tied to the cultivation of virtues, as virtuous individuals are better equipped to make morally responsible choices. Virtue is both a criterion for moral responsibility and a result of moral education.

5. **Pleasure and Pain (ἡδονή, hedone; λύπη, lype)**
   - *Reason for selection*: Aristotle argues that moral responsibility involves the proper regulation of pleasure and pain. Virtue is a mean state between excess and deficiency in the experience of pleasure and pain. The ability to resist excessive pleasure or pain is a key criterion for moral responsibility.

6. **Habituation (ἔθος, ethos)**
   - *Reason for selection*: Habituation is the process by which individuals develop virtues through repeated actions. Aristotle argues that moral responsibility is shaped by habituation, as individuals become morally responsible through the cultivation of virtuous habits. Habituation is a key criterion for moral responsibility because it shapes character and behavior.

7. **Intellect (νοῦς, nous)**
   - *Reason for selection*: Intellect is the rational faculty that guides moral choice. Aristotle argues that moral responsibility requires the proper functioning of intellect, as it enables individuals to reason about moral principles and make responsible decisions. Intellect is a key criterion for moral responsibility because it provides the rational basis for moral action.

8. **Will (βούλησις, boulesis)**
   - *Reason for selection*: The will is the faculty that directs actions toward ends. Aristotle argues that moral responsibility involves the proper functioning of the will, as it enables individuals to pursue virtuous ends. The will is a key criterion for moral responsibility because it provides the motivational basis for moral action.

9. **Self-Control (ἐγκράτεια, enkrateia)**
   - *Reason for selection*: Self-control is the ability to regulate desires and emotions in accordance with reason. Aristotle argues that moral responsibility involves the cultivation of self-control, as it enables individuals to resist temptations and act virtuously. Self-control is a key criterion for moral responsibility because it reflects the ability to govern oneself.

10. **Justice (δικαιοσύνη, dikaiosyne)**
    - *Reason for selection*: Justice is a central virtue in Aristotle's ethics, referring to the fair treatment of others. Moral responsibility involves the cultivation of justice, as it enables individuals to act in accordance with moral principles and treat others fairly. Justice is a key criterion for moral responsibility because it reflects the moral relationship between individuals.

These concepts are central to Aristotle's account of moral responsibility, as they describe the criteria by which individuals are held accountable for their actions. Each concept reflects a different aspect of moral responsibility, from the capacity for deliberation and moral choice to the cultivation of virtues and the regulation of desires. Together, they provide a comprehensive framework for understanding moral responsibility in Aristotle's ethics.",N/A,N/A,0,Query 5/5,0.00
