Temperature,Top-p,Top-k,BM25 Weight,Model,Main Answer,Input Tokens,Output Tokens,Conversation History,Progress,Elapsed Time (s)
0.1,0.95,50,0.6,🇪🇺 Mistral-API,"Here is a list of the 10 most prominent concepts describing criteria for moral responsibility in the uploaded document, along with explanations for their selection and specific uses:

1. **Moral Choice (προαίρεσις, prohairesis)**
   - *Reason for Selection*: This concept is central to Aristotle's ethics, representing the deliberate decision-making process that leads to actions. It is the primary criterion for moral responsibility, as it involves the agent's rational deliberation and intentional action.
   - *Specific Use*: Aristotle states, ""Moral Choice is plainly voluntary, but the two are not co-extensive, voluntary being the more comprehensive term"" (Book III, Chapter 5). It is the basis for determining whether an action is morally responsible.

2. **Voluntary (ἑκούσιον, hekousion) and Involuntary (ἀκούσιον, akousion)**
   - *Reason for Selection*: These terms distinguish actions that are within the agent's control (voluntary) from those that are not (involuntary). This distinction is crucial for assigning moral responsibility.
   - *Specific Use*: Aristotle discusses involuntary actions as those done ""on compulsion, or by reason of ignorance"" (Book III, Chapter 1), and voluntary actions as those done with knowledge and intention, which are the basis for moral praise or blame.

3. **Virtue (ἀρετή, arete)**
   - *Reason for Selection*: Virtue is the moral excellence that enables an agent to act in accordance with reason and moral principles. It is the foundation of moral responsibility, as it guides the agent's actions toward the good.
   - *Specific Use*: Aristotle defines virtue as ""a state apt to exercise deliberate choice, being in the relative mean, determined by reason"" (Book II, Chapter 6), emphasizing its role in moral responsibility.

4. **Vice (κακία, kakia)**
   - *Reason for Selection*: Vice represents moral deficiency or corruption, leading to actions that are morally blameworthy. It is the opposite of virtue and is central to understanding moral responsibility.
   - *Specific Use*: Aristotle contrasts vice with virtue, stating that ""Vice is all this with respect to the Unjust"" (Book V, Chapter 10), and that it leads to actions that are morally reprehensible.

5. **Practical Wisdom (φρόνησις, phronesis)**
   - *Reason for Selection*: Practical wisdom is the intellectual virtue that enables an agent to make correct moral judgments and act accordingly. It is essential for moral responsibility, as it guides the agent's choices.
   - *Specific Use*: Aristotle describes practical wisdom as ""a state of mind true, conjoined with reason, and apt to do, having for its object those things which are good or bad for Man"" (Book VI, Chapter 5), highlighting its role in moral decision-making.

6. **Self-Control (ἐγκράτεια, enkrateia) and Imperfect Self-Control (ἀκρασία, akrasia)**
   - *Reason for Selection*: These concepts describe the agent's ability to control or fail to control their passions and desires, which directly impacts their moral responsibility.
   - *Specific Use*: Aristotle discusses self-control as the ability to resist temptation and act according to reason, while imperfect self-control is the failure to do so (Book VII, Chapter 1), both of which are crucial for moral responsibility.

7. **Deliberation (βούλησις, boulesis)**
   - *Reason for Selection*: Deliberation is the process of reasoning about the means to achieve a moral end. It is a key component of moral responsibility, as it involves the agent's rational consideration of their actions.
   - *Specific Use*: Aristotle states that ""Deliberation is a process of inquiry whereby we determine the means to an end"" (Book III, Chapter 3), emphasizing its role in moral decision-making.

8. **Moral Character (ἦθος, ethos)**
   - *Reason for Selection*: Moral character refers to the habitual dispositions that shape an agent's actions. It is fundamental to moral responsibility, as it reflects the agent's consistent moral behavior.
   - *Specific Use*: Aristotle argues that ""Moral character is formed by habituation"" (Book II, Chapter 1), and that it is the basis for moral praise or blame.

9. **Justice (δικαιοσύνη, dikaiosyne)**
   - *Reason for Selection*: Justice is the moral virtue that ensures fairness and equity in actions and relationships. It is a critical criterion for moral responsibility, as it governs the agent's interactions with others.
   - *Specific Use*: Aristotle defines justice as ""a mean state in respect of honour, wealth, and safety"" (Book V, Chapter 1), and it is central to moral responsibility in social contexts.

10. **Injustice (ἀδικία, adikia)**
    - *Reason for Selection*: Injustice represents the violation of moral principles, leading to actions that are morally blameworthy. It is the opposite of justice and is essential for understanding moral responsibility.
    - *Specific Use*: Aristotle describes injustice as ""a state of mind which makes men act unjustly and wish what is unjust"" (Book V, Chapter 1), highlighting its role in moral responsibility.

These concepts are central to Aristotle's ethical framework and provide the criteria for determining moral responsibility. They are used extensively throughout the *Nicomachean Ethics* to analyze the conditions under which agents are morally responsible for their actions.",N/A,N/A,0,Query 1/5,0.00
0.33,0.95,50,0.6,🇪🇺 Mistral-API,"Here are the 10 most prominent concepts describing criteria for moral responsibility in the uploaded document, along with explanations for their selection and specific uses:

1. **Moral Choice (Prohairesis)**
   - **Reason for Selection**: Moral choice is central to Aristotle's ethics, as it represents the deliberate decision-making process that leads to actions. It is the key criterion for moral responsibility because it involves the agent's reasoned deliberation and voluntary commitment to a course of action.
   - **Specific Use**: Aristotle states, ""Moral Choice is plainly voluntary, but the two are not co-extensive, voluntary being the more comprehensive term; for first, children and all other animals share in voluntary action but not in Moral Choice"" (Book III, Chapter IV).

2. **Voluntary Action (Hekousion)**
   - **Reason for Selection**: Voluntary action is a foundational concept in Aristotle's ethics, distinguishing actions that are within the agent's control from those that are not. It is crucial for moral responsibility because it establishes the agent's capacity to act freely and be held accountable.
   - **Specific Use**: ""Involuntary actions then are thought to be of two kinds, being done either on compulsion, or by reason of ignorance. An action is, properly speaking, compulsory, when the origination is external to the agent, being such that in it the agent (perhaps we may more properly say the patient) contributes nothing"" (Book III, Chapter I).

3. **Intellect (Nous)**
   - **Reason for Selection**: Intellect is the rational faculty that guides moral choice. It is essential for moral responsibility because it enables the agent to deliberate, make judgments, and act in accordance with reason.
   - **Specific Use**: ""Intellect and Will are thus connected, what in the Intellectual operation is Affirmation and Negation that in the Will is Pursuit and Avoidance, And so, since Moral Virtue is a State apt to exercise Moral Choice and Moral Choice is Will consequent on deliberation, the Reason must be true and the Will right, to constitute good Moral Choice"" (Book I, Chapter V).

4. **Will (Boulēsis)**
   - **Reason for Selection**: The will is the faculty that translates moral choice into action. It is a key criterion for moral responsibility because it represents the agent's intentional commitment to act in a certain way.
   - **Specific Use**: ""But operation of the Intellect by itself moves nothing, only when directed to a certain result, i. e. exercised in Moral Action"" (Book I, Chapter V).

5. **Virtue (Arete)**
   - **Reason for Selection**: Virtue is the disposition to act in accordance with reason and moral principles. It is a central criterion for moral responsibility because it defines the character of the agent and their capacity to act virtuously.
   - **Specific Use**: ""Virtue then is a state apt to exercise deliberate choice, being in the relative mean, determined by reason, and as the man of practical wisdom would determine"" (Book II, Chapter VI).

6. **Vice (Kakia)**
   - **Reason for Selection**: Vice is the disposition to act contrary to reason and moral principles. It is a crucial criterion for moral responsibility because it represents the agent's capacity to act viciously and be held accountable for such actions.
   - **Specific Use**: ""Again, in whatever cases we get things by nature, we get the faculties first and perform the acts of working afterwards"" (Book II, Chapter I).

7. **Pleasure and Pain (Hēdonē and Lypē)**
   - **Reason for Selection**: Pleasure and pain are significant criteria for moral responsibility because they influence the agent's moral choices and actions. They are central to Aristotle's account of moral motivation and the development of character.
   - **Specific Use**: ""Virtue has for its object-matter pleasures and pains, and that it is either increased or marred by the same circumstances (differently used) by which it is originally generated"" (Book III, Chapter III).

8. **Habituation (Ethos)**
   - **Reason for Selection**: Habituation is the process by which moral virtues and vices are formed through repeated actions. It is a key criterion for moral responsibility because it explains how agents develop the dispositions that make them morally responsible.
   - **Specific Use**: ""By doing just actions we come to be just; by doing the actions of self-mastery we come to be perfected in self-mastery; and by doing brave actions brave"" (Book II, Chapter I).

9. **Self-Control (Enkrateia) and Lack of Self-Control (Akrasia)**
   - **Reason for Selection**: Self-control and lack of self-control are important criteria for moral responsibility because they describe the agent's capacity to regulate their actions in accordance with reason. Lack of self-control, in particular, raises questions about moral responsibility when agents act against their better judgment.
   - **Specific Use**: ""The man utterly destitute of Self-Control is not given to remorse: for it is part of his character that he abides by his moral choice: but the man of Imperfect Self-Control is almost made up of remorse"" (Book VII, Chapter VIII).

10. **Practical Wisdom (Phronesis)**
    - **Reason for Selection**: Practical wisdom is the intellectual virtue that enables agents to make good moral choices. It is a crucial criterion for moral responsibility because it represents the agent's capacity to deliberate well and act in accordance with moral principles.
    - **Specific Use**: ""Practical Wisdom is a state of mind true, conjoined with Reason, and apt to Do, having for its object those things which are good or bad for Man"" (Book VI, Chapter V).

These concepts are central to Aristotle's account of moral responsibility because they describe the various factors that influence an agent's moral choices and actions, including their rational capacities, dispositions, and motivations. They provide a comprehensive framework for understanding how agents are held morally responsible for their actions.",N/A,N/A,0,Query 2/5,0.00
0.55,0.95,50,0.6,🇪🇺 Mistral-API,"Here are the 10 most prominent concepts describing criteria for moral responsibility in the uploaded document, along with explanations for their selection and specific uses:

1. **Moral Choice (Prohairesis)**
   - **Reason for Selection**: This concept is central to Aristotle's ethics, as it represents the deliberate decision-making process that leads to actions. It is the key criterion for moral responsibility because it involves the agent's rational deliberation and intentionality.
   - **Specific Use**: Aristotle defines moral choice as ""voluntary, but not all voluntary action is an object of moral choice"" (Book III, Chapter 5). It is characterized by deliberation and is essential for actions that are praiseworthy or blameworthy.

2. **Voluntary Action (Hekousion)**
   - **Reason for Selection**: Voluntary action is a foundational concept for moral responsibility, as it distinguishes actions that are within the agent's control from those that are not.
   - **Specific Use**: Aristotle distinguishes between voluntary and involuntary actions, emphasizing that moral responsibility is attributed to voluntary actions. He states, ""Involuntary actions then are thought to be of two kinds, being done either on compulsion, or by reason of ignorance"" (Book III, Chapter 1).

3. **Virtue (Arete)**
   - **Reason for Selection**: Virtue is the moral excellence that enables individuals to act in accordance with reason and achieve eudaimonia (happiness). It is a key criterion for moral responsibility because it reflects the agent's character and moral development.
   - **Specific Use**: Aristotle defines virtue as ""a state apt to exercise deliberate choice, being in the relative mean, determined by reason"" (Book II, Chapter 6). Virtue is cultivated through habit and is essential for moral responsibility.

4. **Pleasure and Pain**
   - **Reason for Selection**: Pleasure and pain are central to moral responsibility because they influence actions and moral choices. They are criteria for evaluating the moral character of actions and the agent's self-control.
   - **Specific Use**: Aristotle argues that ""Virtue has for its object-matter pleasures and pains"" (Book III, Chapter 9). The ability to regulate pleasure and pain is crucial for moral responsibility and self-control.

5. **Self-Control (Enkrateia) and Lack of Self-Control (Akrasia)**
   - **Reason for Selection**: These concepts are crucial for understanding moral responsibility, as they describe the agent's ability to regulate desires and actions in accordance with reason.
   - **Specific Use**: Aristotle distinguishes between the self-controlled person, who acts in accordance with reason despite desires, and the lack of self-control, who is overcome by desires. He states, ""The man of self-control is like the man who is in a state of health"" (Book VII, Chapter 1).

6. **Reason (Logos)**
   - **Reason for Selection**: Reason is the faculty that guides moral choice and action. It is a key criterion for moral responsibility because it enables the agent to deliberate and act in accordance with virtue.
   - **Specific Use**: Aristotle emphasizes that ""the Reason must be true and the Will right, to constitute good Moral Choice"" (Book I, Chapter 13). Reason is essential for moral responsibility and the cultivation of virtue.

7. **Habit (Ethos)**
   - **Reason for Selection**: Habit is the process through which moral character is formed. It is a criterion for moral responsibility because it reflects the agent's repeated actions and the development of virtuous or vicious character.
   - **Specific Use**: Aristotle states, ""Virtues are formed by prior actions"" (Book II, Chapter 1). Habit is the means by which moral responsibility is cultivated and expressed.

8. **Justice (Dikaiosyne)**
   - **Reason for Selection**: Justice is a central virtue that governs interactions between individuals and the community. It is a criterion for moral responsibility because it reflects the agent's adherence to moral principles and fairness.
   - **Specific Use**: Aristotle defines justice as ""a mean state in respect of the distribution of honours, wealth, and the like"" (Book V, Chapter 5). Justice is essential for moral responsibility in social and political contexts.

9. **Practical Wisdom (Phronesis)**
   - **Reason for Selection**: Practical wisdom is the ability to apply moral principles to specific situations. It is a criterion for moral responsibility because it enables the agent to make sound moral judgments and act accordingly.
   - **Specific Use**: Aristotle states, ""Practical Wisdom is a state of mind true, conjoined with reason, and apt to Do, having for its object those things which are good or bad for Man"" (Book VI, Chapter 5). Practical wisdom is essential for moral responsibility and the cultivation of virtue.

10. **Eudaimonia (Happiness)**
    - **Reason for Selection**: Eudaimonia is the ultimate goal of human life and the result of living virtuously. It is a criterion for moral responsibility because it reflects the agent's overall moral character and the achievement of a flourishing life.
    - **Specific Use**: Aristotle defines eudaimonia as ""a working of the soul in the way of excellence or virtue of a certain kind"" (Book I, Chapter 7). It is the culmination of moral responsibility and virtuous living.

These concepts are central to Aristotle's ethical theory and provide a comprehensive framework for understanding moral responsibility. They are used extensively throughout the text to explain the criteria for moral responsibility, the development of moral character, and the conditions for virtuous action.",N/A,N/A,0,Query 3/5,0.00
0.78,0.95,50,0.6,🇪🇺 Mistral-API,"Here are the 10 most prominent concepts describing criteria for moral responsibility in the uploaded document, along with explanations for their selection and specific uses:

1. **Moral Choice (προαίρεσις, prohairesis)**
   - **Reason for Selection**: Aristotle frequently uses this term to describe the deliberate decision-making process that underpins moral responsibility. It is central to his ethics as it represents the voluntary actions that define a person's character.
   - **Specific Use**: ""Moral Choice is plainly voluntary, but the two are not co-extensive, voluntary being the more comprehensive term; for first, children and all other animals share in voluntary action but not in Moral Choice"" (Book III, Chapter IV).

2. **Voluntary Action (ἑκούσιον, hekousion)**
   - **Reason for Selection**: Aristotle distinguishes between voluntary and involuntary actions to establish the basis for moral responsibility. Voluntary actions are those for which an individual can be held accountable.
   - **Specific Use**: ""Involuntary actions then are thought to be of two kinds, being done either on compulsion, or by reason of ignorance"" (Book III, Chapter I).

3. **Virtue (ἀρετή, arete)**
   - **Reason for Selection**: Virtue is the moral excellence that individuals cultivate through habit and deliberate practice, making them responsible for their actions.
   - **Specific Use**: ""Virtue then is in a sense a mean state, since it certainly has an aptitude for aiming at the mean"" (Book II, Chapter VI).

4. **Vice (κακία, kakia)**
   - **Reason for Selection**: Vice represents the moral failings that result from poor habits and choices, contrasting with virtue and highlighting the criteria for moral responsibility.
   - **Specific Use**: ""Virtue then is in a sense a mean state, since it certainly has an aptitude for aiming at the mean"" (Book II, Chapter VI).

5. **Self-Control (ἐγκράτεια, enkrateia)**
   - **Reason for Selection**: Self-control is a key concept in Aristotle's ethics, representing the ability to regulate one's desires and actions in accordance with reason, which is essential for moral responsibility.
   - **Specific Use**: ""The man of Self-Control is identical with the man who is apt to abide by his resolution, and the man of Imperfect Self-Control with him who is apt not to abide by it"" (Book VII, Chapter VIII).

6. **Imperfect Self-Control (ἀκρασία, akrasia)**
   - **Reason for Selection**: Imperfect self-control describes the state where an individual fails to act according to reason due to the influence of passions, which is crucial for understanding moral responsibility.
   - **Specific Use**: ""The man of Imperfect Self-Control is of such a character as to follow bodily pleasures in excess and in defiance of Right Reason"" (Book VII, Chapter VIII).

7. **Reason (λόγος, logos)**
   - **Reason for Selection**: Reason is the faculty that guides moral choice and action, making it a fundamental criterion for moral responsibility.
   - **Specific Use**: ""The Reason must be true and the Will right, to constitute good Moral Choice, and what the Reason affirms the Will must pursue"" (Book I, Chapter XIII).

8. **Will (βούλησις, boulesis)**
   - **Reason for Selection**: The will is the faculty that directs action based on moral choice, and its proper functioning is essential for moral responsibility.
   - **Specific Use**: ""And so, since Moral Virtue is a State apt to exercise Moral Choice and Moral Choice is Will consequent on deliberation, the Reason must be true and the Will right, to constitute good Moral Choice"" (Book I, Chapter XIII).

9. **Deliberation (βούλησις, bouleusis)**
   - **Reason for Selection**: Deliberation is the process by which individuals weigh options and make moral choices, making it a critical component of moral responsibility.
   - **Specific Use**: ""Now Moral Choice is plainly voluntary, but the two are not co-extensive, voluntary being the more comprehensive term; for first, children and all other animals share in voluntary action but not in Moral Choice"" (Book III, Chapter IV).

10. **Pleasure and Pain (ἡδονή και λύπη, hedone kai lupe)**
    - **Reason for Selection**: Pleasure and pain influence moral choices and actions, and their proper management is essential for moral responsibility.
    - **Specific Use**: ""Virtue has for its object-matter pleasures and pains, and that it is either increased or marred by the same circumstances (differently used) by which it is originally generated"" (Book III, Chapter X).

These concepts are central to Aristotle's discussion of moral responsibility, as they outline the criteria for voluntary action, moral choice, and the cultivation of virtue, which are essential for understanding moral accountability in his ethics.",N/A,N/A,0,Query 4/5,0.00
1.0,0.95,50,0.6,🇪🇺 Mistral-API,"Here are the 10 most prominent concepts describing criteria for moral responsibility in the uploaded document, along with explanations for their selection and specific uses:

1. **Moral Choice (προαίρεσις, prohairesis)**
   - *Reason for Selection*: This concept is central to Aristotle's ethics, as it represents the deliberate decision-making process that leads to voluntary actions. It is the key criterion for moral responsibility because it involves the agent's rational deliberation and intentional selection of actions.
   - *Specific Use*: Aristotle defines moral choice as ""voluntary, but not all voluntary action is an object of moral choice"" (Book III, Chapter 5). It is characterized by deliberation and intellectual process, distinguishing it from mere impulse or habit.

2. **Voluntary Action (ἑκούσιον, hekousion)**
   - *Reason for Selection*: Voluntary action is a foundational criterion for moral responsibility, as it distinguishes actions for which an agent can be held accountable from those that are involuntary or compelled.
   - *Specific Use*: Aristotle distinguishes between voluntary and involuntary actions, noting that involuntary actions are either done under compulsion or due to ignorance (Book III, Chapter 1). Voluntary actions are those performed with knowledge and without external coercion.

3. **Intellect (νοῦς, nous) and Will (βούλησις, boulesis)**
   - *Reason for Selection*: These concepts are crucial for understanding the cognitive and conative aspects of moral responsibility. The intellect guides moral choice through deliberation, while the will executes the chosen actions.
   - *Specific Use*: Aristotle states that ""what in the Intellectual operation is Affirmation and Negation, that in the Will is Pursuit and Avoidance"" (Book VI, Chapter 2). The intellect affirms the good, and the will pursues it, making the agent morally responsible for their actions.

4. **Virtue (ἀρετή, arete)**
   - *Reason for Selection*: Virtue is the disposition that enables an agent to act in accordance with moral principles, making it a key criterion for moral responsibility. It is the habitual excellence that guides moral choice.
   - *Specific Use*: Aristotle defines virtue as ""a state apt to exercise moral choice, being in the relative mean, determined by reason"" (Book II, Chapter 6). Virtuous actions are those that align with reason and moral principles, making the agent responsible for their moral character.

5. **Pleasure and Pain (ἡδονή και λύπη, hedone kai lupe)**
   - *Reason for Selection*: These concepts are central to moral responsibility because they influence moral choice and action. The ability to regulate pleasure and pain is a mark of moral virtue and self-control.
   - *Specific Use*: Aristotle argues that ""Virtue has for its object-matter pleasures and pains"" (Book III, Chapter 10). The virtuous agent moderates pleasure and pain to act in accordance with reason, while the vicious agent is swayed by them.

6. **Self-Control (ἐγκράτεια, enkrateia) and Lack of Self-Control (ἀκρασία, akrasia)**
   - *Reason for Selection*: These concepts highlight the agent's ability to regulate their actions in accordance with moral principles, making them crucial for moral responsibility.
   - *Specific Use*: Aristotle distinguishes between the self-controlled agent, who acts in accordance with reason despite desires, and the lack of self-control, who is overcome by desires (Book VII, Chapter 1). Moral responsibility is assessed based on the agent's ability to exercise self-control.

7. **Deliberation (βούλησις, boulesis)**
   - *Reason for Selection*: Deliberation is the rational process that precedes moral choice, making it a key criterion for moral responsibility. It involves weighing options and choosing the best course of action.
   - *Specific Use*: Aristotle defines deliberation as ""a kind of inquiry and a process of consideration"" (Book III, Chapter 3). It is the means by which the agent determines the right action, making them responsible for their choices.

8. **Habituation (ἔθος, ethos)**
   - *Reason for Selection*: Habituation is the process by which moral virtues are formed, making it essential for understanding the development of moral responsibility.
   - *Specific Use*: Aristotle argues that ""virtues are formed by prior actions"" (Book II, Chapter 1). The agent's moral character is shaped by habitual actions, making them responsible for their character and actions.

9. **Justice (δικαιοσύνη, dikaiosyne)**
   - *Reason for Selection*: Justice is a fundamental moral virtue that governs interactions with others, making it a key criterion for moral responsibility in social contexts.
   - *Specific Use*: Aristotle defines justice as ""a mean state in respect of what is just"" (Book V, Chapter 1). The just agent acts fairly and equitably, making them responsible for their actions in social and legal contexts.

10. **Practical Wisdom (φρόνησις, phronesis)**
    - *Reason for Selection*: Practical wisdom is the intellectual virtue that enables the agent to make sound moral judgments, making it essential for moral responsibility.
    - *Specific Use*: Aristotle defines practical wisdom as ""a state of mind true, conjoined with reason, and apt to do, having for its object those things which are good or bad for man"" (Book VI, Chapter 5). It guides moral choice and action, making the agent responsible for their decisions.

These concepts collectively provide a comprehensive framework for understanding moral responsibility in Aristotle's ethics, emphasizing the roles of deliberation, virtue, self-control, and practical wisdom in shaping an agent's moral character and actions.",N/A,N/A,0,Query 5/5,0.00
