Temperature,Top-p,Top-k,BM25 Weight,Model,Main Answer,Input Tokens,Output Tokens,Conversation History,Progress,Elapsed Time (s)
0.5,0.1,50,0.6,🇪🇺 Mistral-API,"Here are the 10 most prominent concepts describing criteria for moral responsibility in the uploaded document, along with explanations for their selection and specific uses:

1. **Moral Choice (προαίρεσις, prohairesis)**
   - **Reason for Selection**: This concept is central to Aristotle's ethics, as it represents the deliberate decision-making process that leads to moral action. It is the bridge between reason and action, making it crucial for understanding moral responsibility.
   - **Specific Use**: Aristotle defines moral choice as ""voluntary, but not all voluntary action is an object of moral choice"" (Book III, Chapter V). It is characterized by deliberation and intellectual process, distinguishing it from mere impulse or habit.

2. **Voluntary Action (ἑκούσιον, hekousion)**
   - **Reason for Selection**: Voluntary action is fundamental to moral responsibility because it distinguishes actions for which an agent can be held accountable from those that are involuntary or compelled.
   - **Specific Use**: Aristotle distinguishes between voluntary and involuntary actions, noting that involuntary actions can be due to compulsion or ignorance (Book III, Chapter I). Voluntary actions are those performed with knowledge and without external coercion.

3. **Intellect (νοῦς, nous) and Will (βούλησις, boulesis)**
   - **Reason for Selection**: These faculties are essential for moral agency, as they guide the process of moral choice and action. The interplay between intellect and will is key to understanding how moral responsibility is exercised.
   - **Specific Use**: Aristotle states that ""what in the Intellectual operation is Affirmation and Negation, that in the Will is Pursuit and Avoidance"" (Book I, Chapter XIII). The intellect affirms or denies, while the will pursues or avoids, making them integral to moral responsibility.

4. **Virtue (ἀρετή, arete)**
   - **Reason for Selection**: Virtue is the disposition that enables an agent to act in accordance with moral principles, making it a cornerstone of moral responsibility.
   - **Specific Use**: Aristotle defines virtue as ""a state apt to exercise moral choice, being in the relative mean, determined by reason"" (Book II, Chapter VI). It is cultivated through habit and practice, forming the basis for morally responsible behavior.

5. **Vice (κακία, kakia)**
   - **Reason for Selection**: Vice represents the opposite of virtue and is crucial for understanding moral failure and the absence of moral responsibility.
   - **Specific Use**: Aristotle contrasts vice with virtue, noting that vice is a state that leads to immoral choices and actions, often due to excess or deficiency in feelings and actions (Book II, Chapter VII).

6. **Pleasure and Pain (ἡδονή, hedone, and λύπη, lupe)**
   - **Reason for Selection**: These emotions are central to moral responsibility because they influence moral choice and action, often leading to virtuous or vicious behavior.
   - **Specific Use**: Aristotle argues that ""Virtue has for its object-matter pleasures and pains"" (Book III, Chapter IX), as they guide moral action. The ability to regulate pleasure and pain is essential for moral responsibility.

7. **Self-Control (ἐγκράτεια, enkrateia) and Imperfect Self-Control (ἀκρασία, akrasia)**
   - **Reason for Selection**: These concepts highlight the struggle between reason and desire, which is critical for understanding moral responsibility and the capacity for self-regulation.
   - **Specific Use**: Aristotle distinguishes between the man of self-control, who acts in accordance with reason despite desires, and the man of imperfect self-control, who is overcome by desires (Book VII, Chapter I). This distinction is crucial for assessing moral responsibility.

8. **Justice (δικαιοσύνη, dikaiosyne)**
   - **Reason for Selection**: Justice is a fundamental moral virtue that governs interactions between individuals, making it essential for moral responsibility in social contexts.
   - **Specific Use**: Aristotle defines justice as ""a mean state in virtue of which the just man is said to have the aptitude for practising the Just in the way of moral choice"" (Book V, Chapter I). It involves fairness and equity in dealings with others.

9. **Injustice (ἀδικία, adikia)**
   - **Reason for Selection**: Injustice represents the failure to act justly, providing a counterpoint to justice and highlighting the criteria for moral responsibility.
   - **Specific Use**: Aristotle describes injustice as ""excess or defect of what is good or hurtful respectively, in violation of the proportionate"" (Book V, Chapter I). It involves acting against the principles of fairness and equity.

10. **Moral Sense (αἰσθητική, aisthētikē)**
    - **Reason for Selection**: The moral sense refers to the faculty that perceives moral values and principles, making it crucial for moral judgment and responsibility.
    - **Specific Use**: Aristotle mentions that ""the decision is in particulars, and rests therefore with the Moral Sense"" (Book IV, Chapter IX). It is the faculty that guides the application of moral principles to specific situations.

These concepts collectively provide a comprehensive framework for understanding moral responsibility in Aristotle's ethics, emphasizing the roles of deliberation, virtue, self-control, and moral judgment.",N/A,N/A,0,Query 1/5,0.00
0.5,0.32,50,0.6,🇪🇺 Mistral-API,"Here are the 10 most prominent concepts describing criteria for moral responsibility in the uploaded document, along with explanations of their significance and specific uses:

1. **Moral Choice (προαίρεσις - prohairesis)**
   - **Reason for Selection**: Moral choice is central to Aristotle's ethics as the voluntary act that determines moral responsibility. It is the deliberate decision that aligns with or deviates from virtue.
   - **Specific Use**: ""Moral Choice is plainly voluntary, but the two are not co-extensive, voluntary being the more comprehensive term"" (Book III, Chapter IV).

2. **Voluntary Action (ἑκούσιον - hekousion)**
   - **Reason for Selection**: Voluntary action is the foundation of moral responsibility, as only actions performed voluntarily can be judged morally.
   - **Specific Use**: ""Involuntary actions then are thought to be of two kinds, being done either on compulsion, or by reason of ignorance"" (Book III, Chapter I).

3. **Intellect (νοῦς - nous) and Will (βούλησις - boulēsis)**
   - **Reason for Selection**: These faculties are crucial for moral responsibility, as they guide moral choice. Intellect determines what is good, and will executes the choice.
   - **Specific Use**: ""Intellect and Will are thus connected, what in the Intellectual operation is Affirmation and Negation that in the Will is Pursuit and Avoidance"" (Book VI, Chapter II).

4. **Virtue (ἀρετή - aretē)**
   - **Reason for Selection**: Virtue is the disposition that enables moral responsibility by guiding actions toward the mean, avoiding excess and deficiency.
   - **Specific Use**: ""Virtue then is in a sense a mean state, since it certainly has an aptitude for aiming at the mean"" (Book II, Chapter VI).

5. **Pleasure and Pain (ἡδονή - hēdonē and λύπη - lypē)**
   - **Reason for Selection**: These emotions influence moral choice and are central to the development of virtues and vices.
   - **Specific Use**: ""Moral Virtue has for its object-matter pleasures and pains, because by reason of pleasure we do what is bad, and by reason of pain decline doing what is right"" (Book III, Chapter IX).

6. **Self-Control (ἐγκράτεια - enkrateia) and Lack of Self-Control (ἀκρασία - akrasia)**
   - **Reason for Selection**: These concepts describe the capacity to resist or succumb to desires, directly impacting moral responsibility.
   - **Specific Use**: ""The man of Imperfect Self-Control is of such a character as to follow bodily pleasures in excess and in defiance of Right Reason"" (Book VII, Chapter VIII).

7. **Habituation (ἔθος - ethos)**
   - **Reason for Selection**: Habituation is the process by which moral character is formed, making it essential for moral responsibility.
   - **Specific Use**: ""By doing just actions we come to be just; by doing the actions of self-mastery we come to be perfected in self-mastery"" (Book II, Chapter I).

8. **Right Reason (ὀρθὸς λόγος - orthos logos)**
   - **Reason for Selection**: Right Reason is the standard by which moral actions are judged, guiding moral choice toward virtue.
   - **Specific Use**: ""The Reason must be true and the Will right, to constitute good Moral Choice, and what the Reason affirms the Will must pursue"" (Book VI, Chapter II).

9. **Justice (δικαιοσύνη - dikaiosynē) and Injustice (ἀδικία - adikia)**
   - **Reason for Selection**: These concepts define the moral framework within which responsibility is assessed, distinguishing right from wrong actions.
   - **Specific Use**: ""Justice is the moral state in virtue of which the just man is said to have the aptitude for practising the Just in the way of moral choice"" (Book V, Chapter I).

10. **Practical Wisdom (φρόνησις - phronēsis)**
    - **Reason for Selection**: Practical wisdom is the intellectual virtue that enables individuals to make morally responsible choices by discerning the good.
    - **Specific Use**: ""Practical Wisdom is not identical with Cleverness, nor is it without this power of adapting means to ends"" (Book VI, Chapter V).

These concepts collectively form the framework for understanding moral responsibility in Aristotle's ethics, emphasizing the interplay between intellect, will, habit, and emotion in determining moral action.",N/A,N/A,0,Query 2/5,0.00
0.5,0.55,50,0.6,🇪🇺 Mistral-API,"Here is a list of the 10 most prominent concepts describing criteria for moral responsibility in the uploaded document, along with explanations for their selection and specific uses:

1. **Moral Choice (Prohairesis)**
   - **Reason for Selection**: This concept is central to Aristotle's ethics, as it represents the deliberate decision-making process that leads to actions. It is the foundation of moral responsibility because it involves the agent's rational deliberation and volition.
   - **Specific Use**: Aristotle defines moral choice as ""will consequent on deliberation"" (Book III, Chapter 3), emphasizing that it is voluntary and involves reasoning. He contrasts it with involuntary actions, highlighting its role in moral responsibility.

2. **Voluntary and Involuntary Actions**
   - **Reason for Selection**: Aristotle distinguishes between voluntary and involuntary actions to determine moral responsibility. Actions that are voluntary are subject to moral evaluation, while involuntary actions are not.
   - **Specific Use**: He discusses involuntary actions as those done under compulsion or ignorance (Book III, Chapter 1), and voluntary actions as those done with knowledge and deliberation. This distinction is crucial for assigning moral responsibility.

3. **Virtue (Arete)**
   - **Reason for Selection**: Virtue is a key concept in Aristotle's ethics, representing the moral excellence that guides actions. It is the standard by which moral responsibility is judged.
   - **Specific Use**: Aristotle defines virtue as a ""state apt to exercise moral choice"" (Book II, Chapter 6), and it is the mean between excess and defect. Virtuous actions are those that align with reason and moral principles, making the agent morally responsible.

4. **Practical Wisdom (Phronesis)**
   - **Reason for Selection**: Practical wisdom is the intellectual virtue that enables individuals to make correct moral judgments. It is essential for moral responsibility because it guides the agent in choosing the right actions.
   - **Specific Use**: Aristotle describes practical wisdom as a ""state of mind true, conjoined with reason, and apt to do, having for its object those things which are good or bad for Man"" (Book VI, Chapter 5). It is necessary for moral choice and virtuous action.

5. **Deliberation (Boulēsis)**
   - **Reason for Selection**: Deliberation is the process by which individuals weigh options and make decisions. It is a critical component of moral responsibility because it involves rational consideration of actions.
   - **Specific Use**: Aristotle explains that deliberation is employed on matters that are contingent and within the agent's control (Book III, Chapter 3). It is a precursor to moral choice and action, making the agent responsible for the outcomes.

6. **Habituation (Ethos)**
   - **Reason for Selection**: Habituation refers to the process of forming moral habits through repeated actions. It is important for moral responsibility because it shapes the character of the agent, influencing their moral choices.
   - **Specific Use**: Aristotle argues that virtues are formed by habituation (Book II, Chapter 1), and that actions in accordance with virtue lead to the development of good character. This process is essential for moral responsibility.

7. **Moral Responsibility (Aitia)**
   - **Reason for Selection**: Moral responsibility is the attribution of praise or blame based on the agent's actions. It is a central concept in Aristotle's ethics, as it determines the moral worth of individuals.
   - **Specific Use**: Aristotle discusses moral responsibility in terms of voluntary actions and the agent's control over their choices (Book III, Chapter 1). He emphasizes that moral responsibility is tied to the agent's character and actions.

8. **Justice (Dikaiosyne)**
   - **Reason for Selection**: Justice is a moral virtue that ensures fairness and equity in actions. It is a criterion for moral responsibility because it governs interactions between individuals and the community.
   - **Specific Use**: Aristotle defines justice as a mean state that ensures fair distribution and reciprocity (Book V, Chapter 1). It is a standard for moral responsibility in social and legal contexts.

9. **Self-Control (Enkrateia) and Lack of Self-Control (Akrasia)**
   - **Reason for Selection**: Self-control and lack of self-control are concepts that address the agent's ability to regulate their actions in accordance with reason. They are important for moral responsibility because they reflect the agent's moral strength or weakness.
   - **Specific Use**: Aristotle distinguishes between the self-controlled, who act in accordance with reason, and the lack of self-control, who act against reason (Book VII, Chapter 1). This distinction is crucial for assessing moral responsibility.

10. **Happiness (Eudaimonia)**
    - **Reason for Selection**: Happiness is the ultimate goal of human life in Aristotle's ethics. It is a criterion for moral responsibility because it is achieved through virtuous actions and moral choices.
    - **Specific Use**: Aristotle defines happiness as a ""working of the soul in the way of excellence or virtue"" (Book I, Chapter 7). It is the result of a life lived in accordance with moral principles, making the agent morally responsible for their pursuit of it.

These concepts are central to Aristotle's theory of moral responsibility, as they outline the criteria by which individuals are judged morally accountable for their actions. They emphasize the role of reason, virtue, and deliberate choice in moral responsibility.",N/A,N/A,0,Query 3/5,0.00
0.5,0.77,50,0.6,🇪🇺 Mistral-API,"Here are the 10 most prominent concepts describing criteria for moral responsibility in the uploaded document, along with explanations for their selection:

1. **Moral Choice (προαίρεσις - Prohairesis)**
   - *Reason for Selection*: Moral choice is central to Aristotle's ethics, as it represents the deliberate decision-making process that leads to voluntary actions. The text emphasizes that moral choice is ""voluntary"" and involves deliberation, making it a key criterion for moral responsibility. It is described as ""Will consequent on deliberation"" (Book III, Chapter 3), highlighting its role in determining moral agency.

2. **Voluntary Action (ἑκούσιον - Hekousion)**
   - *Reason for Selection*: Aristotle distinguishes between voluntary and involuntary actions, arguing that moral responsibility applies only to voluntary actions. The text discusses how actions done ""from choice"" (Book III, Chapter 1) are voluntary and thus subject to moral evaluation, while involuntary actions (e.g., those done under compulsion or ignorance) are not.

3. **Deliberation (βούλησις - Boulesis)**
   - *Reason for Selection*: Deliberation is a critical component of moral choice, as it involves reasoning about ends and means. The text states that ""Moral Choice is plainly voluntary, but the two are not co-extensive; voluntary being the more comprehensive term"" (Book III, Chapter 4), emphasizing that deliberation precedes moral choice and is essential for moral responsibility.

4. **Virtue (ἀρετή - Arete)**
   - *Reason for Selection*: Virtue is the disposition to act in accordance with reason and moral principles. The text defines virtue as ""a state apt to exercise deliberate choice, being in the relative mean, determined by reason"" (Book II, Chapter 6), making it a foundational concept for moral responsibility.

5. **Vice (κακία - Kakia)**
   - *Reason for Selection*: Vice is the opposite of virtue and represents a disposition to act contrary to moral principles. The text contrasts virtue and vice, noting that ""Vice is all this with respect to the Unjust"" (Book V, Chapter 10), and that vices are voluntary, thereby making individuals morally responsible for their actions.

6. **Self-Control (ἐγκράτεια - Enkrateia)**
   - *Reason for Selection*: Self-control is the ability to regulate one's desires and actions in accordance with reason. The text discusses self-control as a mean state between excess and deficiency, stating that ""Self-Control is a good state and the Imperfection of it a bad one"" (Book VII, Chapter 8), which is crucial for moral responsibility.

7. **Imperfect Self-Control (ἀκρασία - Akrasia)**
   - *Reason for Selection*: Imperfect self-control describes the failure to act in accordance with reason due to passion or desire. The text explains that ""the man of Imperfect Self-Control is of such a character as to follow bodily pleasures in excess and in defiance of Right Reason"" (Book VII, Chapter 8), making it a key concept for understanding moral responsibility in the face of temptation.

8. **Reason (λόγος - Logos)**
   - *Reason for Selection*: Reason is the faculty that guides moral choice and deliberation. The text states that ""the Reason must be true and the Will right, to constitute good Moral Choice"" (Book I, Chapter 13), emphasizing the role of reason in moral responsibility.

9. **Will (βούλησις - Boulesis)**
   - *Reason for Selection*: The will is the faculty that initiates action based on moral choice. The text describes the will as ""that which preserves the Notion of one’s own true interest"" (Book I, Chapter 13), highlighting its role in moral responsibility.

10. **Pleasure and Pain (ἡδονή και λύπη - Hedone kai Lupe)**
    - *Reason for Selection*: Pleasure and pain are central to moral responsibility because they influence moral choice. The text argues that ""Virtue has for its object-matter pleasures and pains"" (Book III, Chapter 10), as they shape our actions and decisions, making them critical for understanding moral agency.

These concepts are selected because they are repeatedly emphasized in the text as foundational to Aristotle's theory of moral responsibility, encompassing the cognitive, volitional, and emotional dimensions of moral agency.",N/A,N/A,0,Query 4/5,0.00
0.5,0.99,50,0.6,🇪🇺 Mistral-API,"Error generating response: API error occurred: Status 429
{""object"":""error"",""message"":""Service tier capacity exceeded for this model."",""type"":""service_tier_capacity_exceeded"",""param"":null,""code"":""3505""}",N/A,N/A,0,Query 5/5,0.00
