Temperature,Top P,Top K,BM25 Weight,Extracted Concepts
0.1,0.95,50,0.6,"Moral Choice (Prohairesis) [#C71585], Voluntary Action (Hekousion) [#FFD700], Virtue (Arete) [#FF4500], Vice (Kakia) [#B22222], Deliberation (Boulēsis) [#800000], Pleasure and Pain (Hedonē and Lupe) [#8B4513], Habituation (Ethos) [#FF8C00], Self-Control (Enkrateia) and Lack of Self-Control (Akrasia) [#A0522D], Justice (Dikaiosynē) and Injustice (Adikia) [#2E8B57], Practical Wisdom (Phronesis) [#20B2AA]"
0.33,0.95,50,0.6,"Moral Choice (προαίρεσις) [#C71585], Voluntary Action (ἑκούσιον) [#FFD700], Intellect and Will [#9932CC], Virtue (ἀρετή) [#FF4500], Self-Control (ἐγκράτεια) and Imperfect Self-Control (ἀκρασία) [#A0522D], Pleasure and Pain [#8B4513], Deliberation (βουλή) [#800000], Habit (ἔθος) [#FF8C00], Justice (δικαιοσύνη) and Injustice (ἀδικία) [#2E8B57], Happiness (εὐδαιμονία) [#8B008B]"
0.55,0.95,50,0.6,"Moral Choice (προαίρεσις, prohairesis) [#C71585], Voluntary Action (ἑκούσιον, hekousion) [#FFD700], Deliberation (βούλησις, boulesis) [#800000], Virtue (ἀρετή, arete) [#FF4500], Vice (κακία, kakia) [#B22222], Pleasure and Pain (ἡδονή και λύπη, hedone kai lype) [#8B4513], Self-Control (ἐγκράτεια, enkrateia) [#A0522D], Imperfect Self-Control (ἀκρασία, akrasia) [#A0522D], Justice (δικαιοσύνη, dikaiosyne) [#556B2F], Injustice (ἀδικία, adikia) [#2E8B57]"
0.78,0.95,50,0.6,"Moral Choice (προαίρεσις, prohairesis) [#C71585], Practical Wisdom (φρόνησις, phronēsis) [#20B2AA], Virtue (ἀρετή, aretē) [#FF4500], Voluntary Action (ἑκούσιον, hekousion) [#FFD700], Deliberation (βούλησις, boulesis) [#800000], Habituation (ἔθος, ethos) [#FF8C00], Self-Control (ἐγκράτεια, enkrateia) [#A0522D], Vice (κακία, kakia) [#B22222], Justice (δικαιοσύνη, dikaiosynē) [#556B2F], Moral Responsibility (ἐγκλημα, enklēma) [#C71585]"
1.0,0.95,50,0.6,"Moral Choice (Prohairesis) [#C71585], Voluntary Action (Hekousion) [#FFD700], Intellect (Nous) [#9932CC], Virtue (Arete) [#FF4500], Pleasure and Pain [#8B4513], Habituation (Ethos) [#FF8C00], Self-Control (Enkrateia) [#A0522D], Justice (Dikaiosyne) [#556B2F], Moral Sense (Aisthesis) [#C71585], Deliberation (Boulesis) [#800000]"
0.5,0.1,50,0.6,"Moral Choice (προαίρεσις, prohairesis) [#C71585], Voluntary Action (ἑκούσιον, hekousion) [#FFD700], Deliberation (βούλησις, boulesis) [#800000], Intellect (νοῦς, nous) and Will (βούλησις, boulesis) [#800000], Virtue (ἀρετή, arete) [#FF4500], Practical Wisdom (φρόνησις, phronesis) [#20B2AA], Moral Responsibility and Ignorance (ἀμαθία, amathia) [#C71585], Self-Control (ἐγκράτεια, enkrateia) and Incontinence (ἀκρασία, akrasia) [#A0522D], Moral Luck (τυχή, tyche) [#C71585], Moral Character (ἦθος, ethos) [#FF8C00]"
0.5,0.32,50,0.6,"Moral Choice (προαίρεσις, prohairesis) [#C71585], Voluntary Action (ἑκούσιον, hekousion) [#FFD700], Intellect (νοῦς, nous) and Will (βούλησις, boulesis) [#800000], Virtue (ἀρετή, arete) [#FF4500], Vice (κακία, kakia) [#B22222], Self-Control (ἐγκράτεια, enkrateia) and Imperfect Self-Control (ἀκρασία, akrasia) [#A0522D], Pleasure (ἡδονή, hedone) and Pain (λύπη, lupe) [#8B4513], Justice (δικαιοσύνη, dikaiosyne) [#556B2F], Injustice (ἀδικία, adikia) [#2E8B57], Moral Sense (συνείδησις, syneidesis) [#C71585]"
0.5,0.55,50,0.6,"Moral Choice (προαίρεσις, prohairesis) [#C71585], Voluntary (ἑκούσιον, hekousion) and Involuntary (ἀκούσιον, akousion) [#FFD700], Virtue (ἀρετή, arete) [#FF4500], Vice (κακία, kakia) [#B22222], Self-Control (ἐγκράτεια, enkrateia) and Imperfect Self-Control (ἀκρασία, akrasia) [#A0522D], Pleasure (ἡδονή, hedone) and Pain (λύπη, lupe) [#8B4513], Reason (λόγος, logos) and Will (βούλησις, boulesis) [#800000], Justice (δικαιοσύνη, dikaiosyne) and Injustice (ἀδικία, adikia) [#2E8B57], Habit (ἔθος, ethos) [#FF8C00], Practical Wisdom (φρόνησις, phronesis) [#20B2AA]"
0.5,0.77,50,0.6,"Moral Choice (προαίρεσις, prohairesis) [#C71585], Voluntary Action (ἑκούσιον, hekousion) [#FFD700], Deliberation (βούλησις, boulesis) [#800000], Intellect (νοῦς, nous) [#9932CC], Will (βούλησις, boulesis) [#800000], Virtue (ἀρετή, arete) [#FF4500], Vice (κακία, kakia) [#B22222], Pleasure and Pain (ἡδονή και λύπη, hedone kai lupe) [#8B4513], Self-Control (ἐγκράτεια, egkrateia) [#A0522D], Injustice (ἀδικία, adikia) [#2E8B57]"
0.5,0.99,50,0.6,"Moral Choice (Prohairesis) [#C71585], Voluntary Action [#FFD700], Virtue (Arete) [#FF4500], Intellect (Nous) and Will (Boulēsis) [#9932CC], Pleasure and Pain [#8B4513], Self-Control (Enkrateia) and Lack of Self-Control (Akrasia) [#A0522D], Justice (Dikaiosyne) [#556B2F], Injustice (Adikia) [#2E8B57], Deliberation (Boulēsis) [#800000], Habituation (Ethos) [#FF8C00]"
0.5,0.95,1,0.6,"Moral Choice (Prohairesis) [#C71585], Voluntary and Involuntary Actions [#FFD700], Virtue (Arete) [#FF4500], Self-Control (Enkrateia) and Imperfect Self-Control (Akrasia) [#A0522D], Pleasure and Pain [#8B4513], Deliberation (Boulēsis) [#800000], Reason (Logos) and Will (Boulēsis) [#8B4513], Justice (Dikaiosynē) [#556B2F], Habit (Ethos) [#FF8C00], Moral Responsibility (Aitia) [#C71585]"
0.5,0.95,25,0.6,"Moral Choice (Prohairesis) [#C71585], Voluntary Action (Hekousion) [#FFD700], Intellect (Nous) [#9932CC], Will (Boulēsis) [#6A5ACD], Deliberation (Boulē) [#800000], Virtue (Arētē) [#FF4500], Vice (Kakia) [#B22222], Self-Control (Enkrateia) [#A0522D], Involuntary Action (Akousion) [#FFD700], Pleasure and Pain (Hēdonē and Lypē) [#8B4513]"
0.5,0.95,50,0.6,"Moral Choice (προαίρεσις, prohairesis) [#C71585], Voluntary and Involuntary Actions [#FFD700], Virtue (ἀρετή, arete) [#FF4500], Deliberation (βουλή, boule) [#800000], Practical Wisdom (φρόνησις, phronesis) [#20B2AA], Moral Character (ἦθος, ethos) [#FF8C00], Self-Control (ἐγκράτεια, enkrateia) and Imperfect Self-Control (ἀκρασία, akrasia) [#A0522D], Justice (δικαιοσύνη, dikaiosyne) [#556B2F], Pleasure and Pain [#8B4513], Happiness (εὐδαιμονία, eudaimonia) [#8B008B]"
0.5,0.95,75,0.6,"Moral Choice (Prohairesis) [#C71585], Voluntary Action (Hekousion) [#FFD700], Intellect (Nous) and Will (Boulēsis) [#9932CC], Virtue (Arētē) [#FF4500], Pleasure and Pain [#8B4513], Habituation (Ethos) [#FF8C00], Self-Control (Enkrateia) and Incontinence (Akrasia) [#A0522D], Justice (Dikaiosynē) [#556B2F], Deliberation (Boulēsis) [#800000], Practical Wisdom (Phronēsis) [#20B2AA]"
0.5,0.95,100,0.6,"Moral Choice (Prohairesis) [#C71585], Voluntary Action (Hekousion) [#FFD700], Deliberation (Boulēsis) [#800000], Virtue (Arētē) [#FF4500], Practical Wisdom (Phronēsis) [#20B2AA], Moral Character (Ethos) [#FF8C00], Involuntary Action (Akousion) [#FFD700], Self-Control (Enkrateia) [#A0522D], Vice (Kakia) [#B22222], Moral Responsibility (Aitia) [#C71585]"
0.5,0.95,50,0.0,"Moral Choice (προαίρεσις) [#C71585], Voluntary and Involuntary Actions [#FFD700], Virtue (ἀρετή) [#FF4500], Deliberation (βουλή) [#800000], Practical Wisdom (φρόνησις) [#20B2AA], Moral Character (ἦθος) [#C71585], Habituation (ἔθος) [#228B22], Self-Control (ἐγκράτεια) and Imperfect Self-Control (ἀκρασία) [#A0522D], Pleasure and Pain [#8B4513], Justice (δικαιοσύνη) and Injustice (ἀδικία) [#2E8B57]"
0.5,0.95,50,0.25,"Moral Choice (προαίρεσις, prohairesis) [#C71585], Voluntary Action (ἑκούσιον, hekousion) [#FFD700], Deliberation (βουλή, boule) [#800000], Practical Wisdom (φρόνησις, phronēsis) [#20B2AA], Virtue (ἀρετή, aretē) [#FF4500], Vice (κακία, kakia) [#B22222], Self-Control (ἐγκράτεια, enkrateia) and Lack of Self-Control (ἀκρασία, akrasia) [#A0522D], Justice (δικαιοσύνη, dikaiosynē) and Injustice (ἀδικία, adikia) [#2E8B57], Pleasure and Pain (ἡδονή, hēdonē, and λύπη, lypē) [#8B4513], Habituation (ἔθος, ethos) [#FF8C00]"
0.5,0.95,50,0.5,"Moral Choice (Prohairesis) [#C71585], Voluntary Action (Heckousion) [#FFD700], Virtue (Arete) [#FF4500], Practical Wisdom (Phronesis) [#20B2AA], Moral Character (Ethos) [#FF8C00], Deliberation (Boulesis) [#800000], Self-Control (Enkrateia) [#A0522D], Involuntary Action (Akousion) [#FFD700], Moral Luck (Tyche) [#C71585], Moral Responsibility (Aitias) [#C71585]"
0.5,0.95,50,0.75,"Moral Choice (προαίρεσις, prohairesis) [#C71585], Voluntary Action (ἑκούσιον, hekousion) [#FFD700], Deliberation (βουλή, boule) [#800000], Virtue (ἀρετή, arete) [#FF4500], Vice (κακία, kakia) [#B22222], Practical Wisdom (φρόνησις, phronesis) [#20B2AA], Self-Control (ἐγκράτεια, enkrateia) [#A0522D], Imperfect Self-Control (ἀκρασία, akrasia) [#A0522D], Justice (δικαιοσύνη, dikaiosyne) [#556B2F], Injustice (ἀδικία, adikia) [#2E8B57]"
0.5,0.95,50,1.0,"Moral Choice (προαίρεσις, prohairesis) [#C71585], Voluntary Action (ἑκούσιον, hekousion) [#FFD700], Deliberation (βούλησις, boulesis) [#800000], Virtue (ἀρετή, arete) [#FF4500], Pleasure and Pain (ἡδονή, hedone; λύπη, lype) [#8B4513], Habituation (ἔθος, ethos) [#FF8C00], Intellect (νοῦς, nous) [#9932CC], Will (βούλησις, boulesis) [#800000], Self-Control (ἐγκράτεια, enkrateia) [#A0522D], Justice (δικαιοσύνη, dikaiosyne) [#556B2F]"
