Temperature,Top-p,Top-k,BM25 Weight,Model,Main Answer,Input Tokens,Output Tokens,Conversation History,Progress,Elapsed Time (s)
0.5,0.1,50,0.6,🇪🇺 Mistral-API,"Here is a list of the 10 most prominent concepts describing criteria for moral responsibility in the uploaded document, along with explanations of their significance and specific uses:

1. **Good Will**
   - **Reason for Selection**: Kant emphasizes that the only thing that is ""good without qualification"" is a good will, as it is the source of moral worth. The good will is the foundation of moral responsibility because it determines actions based on duty rather than inclination.
   - **Specific Use**: ""Nothing can possibly be conceived in the world, or even out of it, which can be called good, without qualification, except a good will.""

2. **Duty**
   - **Reason for Selection**: Duty is central to Kant’s ethics, as it represents the moral obligation to act in accordance with the moral law, regardless of personal inclination. It is the criterion by which actions are judged morally.
   - **Specific Use**: ""Duty is the necessity of acting from respect for the law.""

3. **Categorical Imperative**
   - **Reason for Selection**: The categorical imperative is the supreme principle of morality, commanding actions that can be universalized without contradiction. It is the ultimate test of moral responsibility.
   - **Specific Use**: ""Act only on that maxim whereby thou canst at the same time will that it should become a universal law.""

4. **Autonomy of the Will**
   - **Reason for Selection**: Autonomy refers to the self-legislation of the will, meaning that moral responsibility arises from acting according to self-imposed moral laws rather than external influences.
   - **Specific Use**: ""Autonomy then is the basis of the dignity of human and of every rational nature.""

5. **Respect for the Moral Law**
   - **Reason for Selection**: Respect for the moral law is the emotional response to the recognition of duty, distinguishing morally responsible actions from those driven by self-interest.
   - **Specific Use**: ""Respect is properly the conception of a worth which thwarts my self-love.""

6. **Maxims**
   - **Reason for Selection**: Maxims are subjective principles of action that determine whether an action is morally responsible. They must be universalizable to pass the test of the categorical imperative.
   - **Specific Use**: ""A maxim is a subjective principle of action, and must be distinguished from the objective principle, namely, practical law.""

7. **Moral Worth**
   - **Reason for Selection**: Moral worth is the intrinsic value of an action when performed from duty, not from inclination. It is the standard by which moral responsibility is measured.
   - **Specific Use**: ""The moral worth of an action does not lie in the effect expected from it, nor in any principle of action which requires to borrow its motive from this expected effect.""

8. **Heteronomy vs. Autonomy**
   - **Reason for Selection**: Heteronomy (acting under external influences) undermines moral responsibility, while autonomy (self-legislation) is essential for true moral agency.
   - **Specific Use**: ""The will is a faculty of choosing only that which reason, independently of inclination, recognizes as practically necessary.""

9. **Kingdom of Ends**
   - **Reason for Selection**: The kingdom of ends is an ideal moral community where rational beings act as both lawgivers and subjects, embodying the highest form of moral responsibility.
   - **Specific Use**: ""A rational being belongs as a member to the kingdom of ends when, although giving universal laws in it, he is also himself subject to these laws.""

10. **Moral Necessity**
    - **Reason for Selection**: Moral necessity refers to the unconditional obligation to act according to duty, distinguishing morally responsible actions from those based on contingent desires.
    - **Specific Use**: ""The objective necessity of actions from obligation is called duty.""

These concepts are foundational to Kant’s theory of moral responsibility, as they define the criteria by which actions are judged morally, the sources of moral obligation, and the conditions under which individuals can be held accountable for their actions.",N/A,N/A,0,Query 1/5,0.00
0.5,0.32,50,0.6,🇪🇺 Mistral-API,"Here are the 10 most prominent concepts describing criteria for moral responsibility in the uploaded document, along with explanations of their significance and specific uses:

1. **Good Will**
   - *Reason for selection*: Kant emphasizes that ""nothing can possibly be conceived in the world... which can be called good, without qualification, except a good will."" This foundational concept establishes that moral worth is determined by the will's disposition to act from duty, not from external circumstances or inclinations.
   - *Specific use*: ""The worth of character must not be judged by the fruits of actions, but by the moral worth of the will which is revealed in them, and which is the only thing that is unconditionally good.""

2. **Duty (Pflicht)**
   - *Reason for selection*: Duty is central to Kant’s ethics, representing the obligation to act according to moral law, regardless of personal inclinations or consequences.
   - *Specific use*: ""Duty is the necessity of acting from respect for the law... I may have inclination for an object as the effect of my proposed action, but I cannot have respect for it.""

3. **Autonomy of the Will**
   - *Reason for selection*: Autonomy signifies the capacity of rational beings to self-legislate moral laws, making them ends in themselves rather than mere means.
   - *Specific use*: ""The will is nothing but practical reason... The will is a faculty of determining oneself to action by the representation of certain laws.""

4. **Categorical Imperative**
   - *Reason for selection*: The categorical imperative (""Act only according to that maxim whereby you can at the same time will that it should become a universal law"") is Kant’s formal principle of moral responsibility, demanding actions be universally valid.
   - *Specific use*: ""The categorical imperative is the only one which is unconditional and which commands a priori.""

5. **Respect for the Moral Law**
   - *Reason for selection*: Respect is the emotional response to the moral law, distinguishing moral actions from those driven by inclination.
   - *Specific use*: ""Respect is properly the conception of a worth which thwarts my self-love... The object of respect is the law only.""

6. **Heteronomy vs. Autonomy**
   - *Reason for selection*: Heteronomy (dependence on external motives) is contrasted with autonomy (self-governance by reason), highlighting the necessity of moral freedom.
   - *Specific use*: ""All principles which can be taken from this point of view are either empirical or rational... Empirical principles are wholly incapable of serving as a foundation for moral laws.""

7. **Kingdom of Ends**
   - *Reason for selection*: This concept represents a moral community where rational beings legislate universal laws, treating each other as ends rather than means.
   - *Specific use*: ""A rational being belongs as a member to the kingdom of ends when, although giving universal laws in it, he is also himself subject to these laws.""

8. **Maxims**
   - *Reason for selection*: Maxims are subjective principles of action that must align with universal moral laws to be morally valid.
   - *Specific use*: ""A maxim is a subjective principle of action... The objective principle (i.e., that which would also serve subjectively as a practical principle to all rational beings) is the practical law.""

9. **Moral Worth**
   - *Reason for selection*: Moral worth is the intrinsic value of an action performed from duty, not from inclination or consequence.
   - *Specific use*: ""The moral worth of an action does not lie in the effect expected from it, nor in any principle of action which requires to borrow its motive from this expected effect.""

10. **Freedom of the Will**
    - *Reason for selection*: Freedom is the precondition for moral responsibility, enabling rational beings to act according to self-imposed moral laws.
    - *Specific use*: ""Freedom is only an idea of reason... The conception of an intelligible world is necessary to explain the possibility of freedom.""

These concepts collectively form the framework of Kant’s moral philosophy, emphasizing autonomy, duty, and the categorical imperative as the criteria for moral responsibility.",N/A,N/A,0,Query 2/5,0.00
0.5,0.55,50,0.6,🇪🇺 Mistral-API,"Here are the 10 most prominent concepts describing criteria for moral responsibility in the uploaded document, along with explanations of their significance and specific uses:

1. **Good Will**
   - *Reason for selection*: Kant emphasizes that ""nothing can possibly be conceived in the world... which can be called good, without qualification, except a good will."" This is the foundational criterion for moral responsibility, as it is the only thing that is intrinsically good and determines the moral worth of actions.
   - *Specific use*: ""The good will is not good through what it effects or accomplishes, but only through its willing, i.e., through the maxim on which it is based.""

2. **Duty**
   - *Reason for selection*: Duty is central to Kant’s ethics, representing the moral obligation that arises from reason. It is the criterion by which actions are judged as morally responsible.
   - *Specific use*: ""Duty is the necessity of acting from respect for the law... The moral worth of an action does not lie in the effect expected from it, nor in any principle of action which requires to borrow its motive from this expected effect.""

3. **Autonomy of the Will**
   - *Reason for selection*: Autonomy is the capacity of rational beings to legislate moral laws for themselves, making them morally responsible for their actions.
   - *Specific use*: ""Autonomy of the will is the property of the will by which it can be a law to itself independently of any other law.""

4. **Categorical Imperative**
   - *Reason for selection*: The categorical imperative is the supreme principle of morality, commanding actions that can be universally willed. It is the criterion for determining moral responsibility.
   - *Specific use*: ""Act only on that maxim whereby thou canst at the same time will that it should become a universal law.""

5. **Respect for the Moral Law**
   - *Reason for selection*: Respect is the emotional response to the moral law, indicating a rational being’s recognition of its duty and moral responsibility.
   - *Specific use*: ""Respect is properly the conception of a worth which thwarts my self-love... The object of respect is the law only.""

6. **Freedom of the Will**
   - *Reason for selection*: Freedom is the condition for moral responsibility, as it allows rational beings to act according to moral laws rather than mere inclination.
   - *Specific use*: ""Freedom is the property of the will by which it can be a law to itself independently of any other law.""

7. **Maxims**
   - *Reason for selection*: Maxims are the subjective principles of action that determine whether an action is morally responsible. They must align with universal moral laws.
   - *Specific use*: ""A maxim is a subjective principle of volition... The objective principle (i.e., that which would also serve subjectively as a practical principle to all rational beings if reason had full power over the faculty of desire) is the practical law.""

8. **Heteronomy vs. Autonomy**
   - *Reason for selection*: Heteronomy (dependence on external motives) undermines moral responsibility, while autonomy (self-legislation) is essential for it.
   - *Specific use*: ""All principles which can be taken from this point of view are either empirical or rational... The former, drawn from the principle of happiness, are built on physical or moral feelings; the latter, drawn from the principle of perfection, are built either on the rational conception of perfection as a possible effect, or on that of an independent perfection (the will of God) as the determining cause of our will.""

9. **Moral Worth**
   - *Reason for selection*: Moral worth is the criterion by which actions are judged as morally responsible, depending on whether they are done from duty or inclination.
   - *Specific use*: ""The moral worth of an action does not lie in the effect expected from it, nor in any principle of action which requires to borrow its motive from this expected effect.""

10. **Kingdom of Ends**
    - *Reason for selection*: The kingdom of ends is the ideal moral community where rational beings act as both legislators and subjects of moral laws, embodying moral responsibility.
    - *Specific use*: ""A rational being belongs as a member to the kingdom of ends when, although giving universal laws in it, he is also himself subject to these laws.""

These concepts are central to Kant’s theory of moral responsibility, as they define the conditions under which actions are morally evaluated and individuals are held accountable.",N/A,N/A,0,Query 3/5,0.00
0.5,0.77,50,0.6,🇪🇺 Mistral-API,"Here are the 10 most prominent concepts describing criteria for moral responsibility in the uploaded document, along with explanations for their selection based on specific uses in the text:

1. **Good Will**
   - *Reason for selection*: The text explicitly states that ""nothing can possibly be conceived in the world... which can be called good, without qualification, except a good will."" (SEC_1) This establishes the foundational criterion for moral responsibility, as actions derive their moral worth not from their consequences but from the will behind them.

2. **Duty**
   - *Reason for selection*: The concept of duty is central, with the text emphasizing that moral worth lies in acting from duty rather than inclination. For example: ""An action done from duty derives its moral worth... from the maxim by which it is determined."" (SEC_2) Duty is the criterion that distinguishes morally responsible actions from those driven by self-interest.

3. **Categorical Imperative**
   - *Reason for selection*: The categorical imperative (""Act only on that maxim whereby thou canst at the same time will that it should become a universal law"") is the formal criterion for moral responsibility. The text argues that this principle is necessary to avoid contradictions in moral reasoning and to ensure actions are universally valid.

4. **Autonomy of the Will**
   - *Reason for selection*: The text defines moral responsibility as arising from the will's autonomy, where rational beings legislate moral laws for themselves. For example: ""The will is nothing but practical reason... If reason infallibly determines the will, then the actions... are subjectively necessary also."" (SEC_2) Autonomy is the criterion that distinguishes moral responsibility from heteronomy (dependence on external factors).

5. **Respect for the Moral Law**
   - *Reason for selection*: The text argues that moral responsibility requires respect for the moral law, not just as a means to an end but as an end in itself. For example: ""Respect is properly the conception of a worth which thwarts my self-love... The object of respect is the law only."" (SEC_2) This criterion ensures that actions are motivated by moral principles rather than self-interest.

6. **Kingdom of Ends**
   - *Reason for selection*: The text introduces the ""kingdom of ends"" as a criterion for moral responsibility, where rational beings are treated as ends in themselves, not merely as means. For example: ""Morality consists then in the reference of all action to the legislation which alone can render a kingdom of ends possible."" (SEC_2) This criterion ensures that moral responsibility extends to how one treats others.

7. **Freedom of the Will**
   - *Reason for selection*: The text argues that moral responsibility presupposes freedom of the will, as only free agents can be held responsible for their actions. For example: ""Freedom is only an idea of reason... which must be presupposed if we would conceive a being as rational and conscious of its causality in respect of its actions."" (SEC_2) This criterion distinguishes moral responsibility from deterministic explanations of behavior.

8. **Maxims of Action**
   - *Reason for selection*: The text emphasizes that moral responsibility is determined by the maxims (subjective principles) behind actions, not their outcomes. For example: ""The moral worth of an action does not lie in the effect expected from it, nor in any principle of action which requires to borrow its motive from this expected effect."" (SEC_2) This criterion ensures that moral responsibility is based on intention rather than consequence.

9. **Moral Necessity (Ought)**
   - *Reason for selection*: The text distinguishes moral responsibility from mere inclination by introducing the concept of ""ought,"" which signifies the necessity of acting from duty. For example: ""The objective necessity of actions from obligation is called duty."" (SEC_2) This criterion ensures that moral responsibility is not optional but obligatory.

10. **Dignity of Rational Beings**
    - *Reason for selection*: The text argues that moral responsibility is grounded in the dignity of rational beings, who must be treated as ends in themselves. For example: ""Morality, then, is the relation of actions to the relation of actions will, that is, to the autonomy of potential universal legislation by its maxims."" (SEC_2) This criterion ensures that moral responsibility is tied to the inherent worth of rational beings.

These concepts are selected because they are explicitly defined and repeatedly used in the text to establish the criteria for moral responsibility. They form the backbone of Kant's moral philosophy and are central to his argument for why certain actions are morally responsible while others are not.",N/A,N/A,0,Query 4/5,0.00
0.5,0.99,50,0.6,🇪🇺 Mistral-API,"Here is a list of the 10 most prominent concepts describing criteria for moral responsibility in the uploaded document, along with explanations of their significance and specific uses:

1. **Good Will**
   - **Reason for Selection**: Kant emphasizes that the only thing that is ""good without qualification"" is a good will, which is the foundation of moral responsibility. It is the source of moral worth, independent of outcomes or inclinations.
   - **Specific Use**: ""Nothing can possibly be conceived in the world, or even out of it, which can be called good, without qualification, except a good will.""

2. **Duty**
   - **Reason for Selection**: Duty is central to Kant’s ethics, representing the moral obligation to act according to the moral law, regardless of personal inclinations or consequences.
   - **Specific Use**: ""Duty is the necessity of acting from respect for the law.""

3. **Autonomy of the Will**
   - **Reason for Selection**: Moral responsibility arises from the capacity of rational beings to legislate moral laws for themselves, making them autonomous agents.
   - **Specific Use**: ""Autonomy then is the basis of the dignity of human and of every rational nature.""

4. **Categorical Imperative**
   - **Reason for Selection**: This is the supreme principle of morality, commanding actions that can be universalized without contradiction, ensuring moral responsibility.
   - **Specific Use**: ""Act only on that maxim whereby thou canst at the same time will that it should become a universal law.""

5. **Respect for the Moral Law**
   - **Reason for Selection**: Moral responsibility involves acting out of respect for the moral law, not from inclination or self-interest.
   - **Specific Use**: ""Respect is properly the conception of a worth which thwarts my self-love.""

6. **Moral Worth**
   - **Reason for Selection**: The moral worth of an action depends on the motive (good will) rather than the outcome, defining true moral responsibility.
   - **Specific Use**: ""The moral worth of an action does not lie in the effect expected from it, nor in any principle of action which requires to borrow its motive from this expected effect.""

7. **Heteronomy vs. Autonomy**
   - **Reason for Selection**: Moral responsibility requires autonomy (self-legislation) rather than heteronomy (acting under external or empirical influences).
   - **Specific Use**: ""The will is not a power of choosing only the object of action, but of determining the will by the action of the law.""

8. **Kingdom of Ends**
   - **Reason for Selection**: Moral responsibility is tied to the idea of rational beings as ends in themselves, not merely as means, forming a moral community.
   - **Specific Use**: ""A rational being must always regard himself as giving laws either as member or as sovereign in a kingdom of ends.""

9. **Freedom of the Will**
   - **Reason for Selection**: Moral responsibility presupposes freedom, as only free agents can be held accountable for their actions.
   - **Specific Use**: ""Freedom is only an idea of reason, and its objective reality in itself is doubtful.""

10. **Maxims**
    - **Reason for Selection**: Moral responsibility is judged by the maxims (subjective principles) guiding actions, which must align with universal moral laws.
    - **Specific Use**: ""A maxim is a subjective principle of action, and must be distinguished from the objective principle, namely, practical law.""

These concepts collectively form the framework for understanding moral responsibility in Kant’s philosophy, emphasizing autonomy, duty, and the good will as the foundation for ethical accountability.",N/A,N/A,0,Query 5/5,0.00
