Temperature,Top-p,Top-k,BM25 Weight,Model,Main Answer,Input Tokens,Output Tokens,Conversation History,Progress,Elapsed Time (s)
0.5,0.95,1,0.6,🇪🇺 Mistral-API,"Here is a list of the 10 most prominent concepts describing criteria for moral responsibility in the uploaded document, along with explanations for their selection and specific uses:

1. **Good Will**
   - **Reason for Selection**: Kant emphasizes that the only thing that is ""good without qualification"" is a good will, which is the foundation of moral responsibility. It is the source of moral worth and distinguishes actions done from duty.
   - **Specific Use**: ""Nothing can possibly be conceived in the world, or even out of it, which can be called good, without qualification, except a good will.""

2. **Duty**
   - **Reason for Selection**: Duty is central to Kant’s moral philosophy, representing the obligation to act in accordance with moral law, regardless of personal inclination.
   - **Specific Use**: ""Duty is the necessity of acting from respect for the law.""

3. **Categorical Imperative**
   - **Reason for Selection**: This is the supreme principle of morality, commanding actions that can be universalized without contradiction. It is the foundation of moral responsibility.
   - **Specific Use**: ""Act only on that maxim whereby thou canst at the same time will that it should become a universal law.""

4. **Autonomy of the Will**
   - **Reason for Selection**: Moral responsibility arises from the will’s capacity to legislate universal laws for itself, making it self-governing and free.
   - **Specific Use**: ""Autonomy then is the basis of the dignity of human and of every rational nature.""

5. **Respect for the Moral Law**
   - **Reason for Selection**: Respect for the moral law is the motive for acting from duty, distinguishing morally responsible actions from those driven by inclination.
   - **Specific Use**: ""Respect is properly the conception of a worth which thwarts my self-love.""

6. **Maxim**
   - **Reason for Selection**: Maxims are subjective principles of action that must be tested against the categorical imperative to determine moral responsibility.
   - **Specific Use**: ""A maxim is a subjective principle of action, and must be distinguished from the objective principle, namely, practical law.""

7. **Heteronomy vs. Autonomy**
   - **Reason for Selection**: Moral responsibility requires autonomy (self-legislation), whereas heteronomy (dependence on external motives) undermines it.
   - **Specific Use**: ""All principles which can be taken from this point of view are either empirical or rational. The former, drawn from the principle of happiness, are built on physical or moral feelings; the latter, drawn from the principle of perfection, are built either on the rational conception of perfection as a possible effect, or on that of an independent perfection (the will of God) as the determining cause of our will.""

8. **Moral Worth**
   - **Reason for Selection**: Moral worth is determined by the motive behind an action, not its consequences, making it a key criterion for responsibility.
   - **Specific Use**: ""The moral worth of an action does not lie in the effect expected from it, nor in any principle of action which requires to borrow its motive from this expected effect.""

9. **Kingdom of Ends**
   - **Reason for Selection**: Moral responsibility involves treating oneself and others as ends in themselves, not merely as means, within a rational system of universal laws.
   - **Specific Use**: ""Morality consists then in the reference of all action to the legislation which alone can render a kingdom of ends possible.""

10. **Freedom of the Will**
    - **Reason for Selection**: Moral responsibility presupposes freedom, as only a free will can be held accountable for its actions.
    - **Specific Use**: ""Freedom is only an idea of reason, and its objective reality in itself is doubtful; while nature is a concept of the understanding which proves, and must necessarily prove, its reality in examples of experience.""

These concepts are central to Kant’s framework of moral responsibility, as they define the conditions under which actions can be considered morally significant and individuals held accountable.",N/A,N/A,0,Query 1/5,0.00
0.5,0.95,25,0.6,🇪🇺 Mistral-API,"Here is a list of the 10 most prominent concepts describing criteria for moral responsibility in the uploaded document, along with explanations of their significance and specific uses:

1. **Good Will**
   - *Reason for Selection*: Kant emphasizes that the only thing that is ""good without qualification"" is a good will. Moral responsibility is tied to the intention behind actions, not their outcomes.
   - *Specific Use*: ""Nothing can possibly be conceived in the world, or even out of it, which can be called good, without qualification, except a good will.""

2. **Duty**
   - *Reason for Selection*: Duty is central to Kant’s moral philosophy, representing the obligation to act according to moral law, regardless of personal inclination.
   - *Specific Use*: ""Duty is the necessity of acting from respect for the law.""

3. **Autonomy of the Will**
   - *Reason for Selection*: Moral responsibility requires self-legislation, where individuals act according to principles they themselves could universally will.
   - *Specific Use*: ""Autonomy then is the basis of the dignity of human and of every rational nature.""

4. **Categorical Imperative**
   - *Reason for Selection*: The categorical imperative is the supreme principle of morality, commanding actions without regard to personal interest.
   - *Specific Use*: ""Act only on that maxim whereby thou canst at the same time will that it should become a universal law.""

5. **Respect for the Moral Law**
   - *Reason for Selection*: Moral responsibility involves respecting the law as an end in itself, not for external rewards or fear of punishment.
   - *Specific Use*: ""Respect is properly the conception of a worth which thwarts my self-love.""

6. **Freedom of the Will**
   - *Reason for Selection*: Moral responsibility presupposes freedom, as individuals must be capable of choosing to act according to reason rather than inclination.
   - *Specific Use*: ""Freedom is only an idea of reason, and its objective reality in itself is doubtful.""

7. **Maxims**
   - *Reason for Selection*: Maxims are subjective principles of action that determine whether an action is morally responsible.
   - *Specific Use*: ""A maxim is a subjective principle of action, and must be distinguished from the objective principle, namely, practical law.""

8. **Kingdom of Ends**
   - *Reason for Selection*: Moral responsibility is tied to treating rational beings as ends in themselves, not merely as means.
   - *Specific Use*: ""A rational being must always regard himself as giving laws either as member or as sovereign in a kingdom of ends.""

9. **Moral Worth**
   - *Reason for Selection*: Moral responsibility is judged by the moral worth of actions, which depends on the motive (good will) rather than the outcome.
   - *Specific Use*: ""The moral worth of an action does not lie in the effect expected from it, nor in any principle of action which requires to borrow its motive from this expected effect.""

10. **Heteronomy vs. Autonomy**
    - *Reason for Selection*: Moral responsibility requires autonomy (self-legislation) rather than heteronomy (acting under external influences).
    - *Specific Use*: ""All principles which can be taken from this point of view are either empirical or rational. The former, drawn from the principle of happiness, are built on physical or moral feelings; the latter, drawn from the principle of perfection, are built either on the rational conception of perfection as a possible effect, or on that of an independent perfection (the will of God) as the determining cause of our will.""

These concepts are central to Kant’s framework of moral responsibility, emphasizing the role of reason, autonomy, and duty in ethical action.",N/A,N/A,0,Query 2/5,0.00
0.5,0.95,50,0.6,🇪🇺 Mistral-API,"Here are the 10 most prominent concepts describing criteria for moral responsibility in the uploaded document, along with explanations for their selection and specific uses:

1. **Good Will**
   - *Reason for selection*: Kant emphasizes that ""nothing can possibly be conceived in the world... which can be called good, without qualification, except a good will."" (p.1) This is the foundational criterion for moral responsibility, as it is the only thing that can be considered unconditionally good.
   - *Specific use*: ""The good will is not good through its aptness for the attainment of some proposed end... but only through its willing according to the law."" (p.1)

2. **Duty**
   - *Reason for selection*: Duty is central to Kant's ethics, representing the moral obligation that defines responsible action. It is the criterion by which actions are judged morally.
   - *Specific use*: ""Duty is the necessity of acting from respect for the law."" (p.2) and ""The moral worth of an action does not lie in the effect expected from it, nor in any principle of action which requires to borrow its motive from this expected effect."" (p.3)

3. **Autonomy of the Will**
   - *Reason for selection*: Autonomy is the capacity for self-legislation, which is essential for moral responsibility. It distinguishes moral actions from those driven by external or heteronomous motives.
   - *Specific use*: ""Autonomy, then, is the basis of the dignity of human and of every rational nature."" (p.4) and ""The will is not merely subject to the law but is itself the author of the law."" (p.5)

4. **Categorical Imperative**
   - *Reason for selection*: The categorical imperative is the supreme principle of morality, providing the formal criterion for moral responsibility. It is the test for whether an action is morally permissible.
   - *Specific use*: ""Act only on that maxim whereby thou canst at the same time will that it should become a universal law."" (p.6) and ""The categorical imperative is the only law which can command absolutely."" (p.7)

5. **Respect for the Law**
   - *Reason for selection*: Respect for the moral law is the motive for acting from duty, distinguishing morally responsible actions from those motivated by inclination or self-interest.
   - *Specific use*: ""Respect is properly the conception of a worth which thwarts my self-love."" (p.8) and ""The moral worth of an action does not lie in the effect expected from it, but in the maxim of the will."" (p.9)

6. **Maxims**
   - *Reason for selection*: Maxims are the subjective principles of action, and their conformity to the moral law is the criterion for moral responsibility. They represent the agent's decision-making process.
   - *Specific use*: ""A maxim is a subjective principle of action, and must be distinguished from the objective principle, namely, practical law."" (p.10) and ""The moral worth of an action does not lie in the effect expected from it, but in the maxim of the will."" (p.11)

7. **Moral Law**
   - *Reason for selection*: The moral law is the objective principle that provides the standard for moral responsibility. It is the criterion by which actions are judged as morally right or wrong.
   - *Specific use*: ""The moral law is the only law which can command absolutely."" (p.12) and ""The moral law is the law of freedom."" (p.13)

8. **Freedom of the Will**
   - *Reason for selection*: Freedom is the condition for moral responsibility, as it enables the agent to act according to the moral law rather than being determined by natural causes.
   - *Specific use*: ""Freedom is the condition of all moral laws."" (p.14) and ""Freedom is the capacity of the will to act according to the moral law."" (p.15)

9. **Kingdom of Ends**
   - *Reason for selection*: The kingdom of ends is the ideal moral community where rational beings act according to the moral law, representing the ultimate criterion for moral responsibility.
   - *Specific use*: ""A rational being belongs as a member to the kingdom of ends when, although giving universal laws in it, he is also himself subject to these laws."" (p.16)

10. **Dignity of Rational Beings**
    - *Reason for selection*: The dignity of rational beings is the intrinsic worth that grounds moral responsibility, as it requires that rational beings be treated as ends in themselves.
    - *Specific use*: ""Morality is the relation of actions to the relation of actions will, that is, to the autonomy of potential universal legislation by its maxims."" (p.17) and ""The dignity of a rational being is the condition of all moral laws."" (p.18)

These concepts are central to Kant's account of moral responsibility, as they define the criteria by which actions are judged morally and the conditions under which agents are morally responsible. They are repeatedly emphasized throughout the text as the foundation of moral philosophy.",N/A,N/A,0,Query 3/5,0.00
0.5,0.95,75,0.6,🇪🇺 Mistral-API,"Here are the 10 most prominent concepts describing criteria for moral responsibility in the uploaded document, along with explanations of their significance and specific uses:

1. **Good Will (Guter Wille)**
   - **Reason for Selection**: Kant repeatedly emphasizes that the ""good will"" is the only thing that is ""good without qualification."" It is the foundation of moral worth and the basis for moral responsibility.
   - **Specific Use**: ""Nothing can possibly be conceived in the world, or even out of it, which can be called good, without qualification, except a good will.""

2. **Duty (Pflicht)**
   - **Reason for Selection**: Duty is central to Kant's ethics, representing the moral obligation that defines responsible action. It is the criterion by which actions are judged morally.
   - **Specific Use**: ""Duty is the necessity of acting from respect for the law.""

3. **Autonomy of the Will (Autonomie des Willens)**
   - **Reason for Selection**: Autonomy is the capacity of rational beings to give themselves the moral law, making them responsible for their actions.
   - **Specific Use**: ""Autonomy then is the basis of the dignity of human and of every rational nature.""

4. **Categorical Imperative (Kategorischer Imperativ)**
   - **Reason for Selection**: The categorical imperative is the supreme principle of morality, commanding actions that can be universalized without contradiction.
   - **Specific Use**: ""Act only on that maxim whereby thou canst at the same time will that it should become a universal law.""

5. **Respect for the Law (Achtung für das Gesetz)**
   - **Reason for Selection**: Respect for the moral law is the motive for acting from duty, distinguishing morally responsible actions from those driven by inclination.
   - **Specific Use**: ""Respect is properly the conception of a worth which thwarts my self-love.""

6. **Maxim (Maxime)**
   - **Reason for Selection**: Maxims are the subjective principles of action that must be tested against the categorical imperative to determine moral responsibility.
   - **Specific Use**: ""A maxim is a subjective principle of action, and must be distinguished from the objective principle, namely, practical law.""

7. **Moral Law (Sittengesetz)**
   - **Reason for Selection**: The moral law is the objective principle that rational beings must follow, making them accountable for their adherence to it.
   - **Specific Use**: ""The moral law, that is, the principle of autonomy of the will, were properly speaking only presupposed in the idea of freedom.""

8. **Freedom (Freiheit)**
   - **Reason for Selection**: Freedom is the condition for moral responsibility, as it allows rational beings to act according to the moral law rather than mere inclination.
   - **Specific Use**: ""Freedom is only an idea of reason, and its objective reality in itself is doubtful.""

9. **Heteronomy (Heteronomie)**
   - **Reason for Selection**: Heteronomy (dependence on external motives) is contrasted with autonomy, highlighting the importance of acting from self-imposed moral principles.
   - **Specific Use**: ""In every case where an object of the will has to be supposed, in order that the rule may be prescribed which is to determine the will, there the rule is simply heteronomy.""

10. **Kingdom of Ends (Reich der Zwecke)**
    - **Reason for Selection**: The kingdom of ends represents the ideal of a moral community where rational beings act as both legislators and subjects of the moral law, embodying collective moral responsibility.
    - **Specific Use**: ""A rational being belongs as a member to the kingdom of ends when, although giving universal laws in it, he is also himself subject to these laws.""

These concepts are central to Kant's theory of moral responsibility, as they define the criteria by which actions are judged morally, the conditions for moral agency, and the principles that guide responsible conduct.",N/A,N/A,0,Query 4/5,0.00
0.5,0.95,100,0.6,🇪🇺 Mistral-API,"Here are the 10 most prominent concepts describing criteria for moral responsibility in the uploaded document, along with their explanations and specific uses:

1. **Good Will**
   - *Reason for Selection*: Kant emphasizes that the only thing that is ""good without qualification"" is a good will, which is the foundation of moral responsibility. It is the subjective principle of action that determines moral worth.
   - *Specific Use*: ""Nothing can possibly be conceived in the world, or even out of it, which can be called good, without qualification, except a good will.""

2. **Duty**
   - *Reason for Selection*: Duty is central to Kant’s ethics, representing the moral obligation to act in accordance with moral law, regardless of personal inclination.
   - *Specific Use*: ""Duty is the necessity of acting from respect for the law.""

3. **Categorical Imperative**
   - *Reason for Selection*: This is the supreme principle of morality, commanding actions that can be universalized without contradiction.
   - *Specific Use*: ""Act only on that maxim whereby thou canst at the same time will that it should become a universal law.""

4. **Autonomy of the Will**
   - *Reason for Selection*: Moral responsibility arises from the will’s capacity to legislate its own laws, making it free and self-governing.
   - *Specific Use*: ""Autonomy then is the basis of the dignity of human and of every rational nature.""

5. **Respect for the Moral Law**
   - *Reason for Selection*: Respect is the emotional response to the moral law, distinguishing moral actions from those driven by inclination.
   - *Specific Use*: ""Respect is properly the conception of a worth which thwarts my self-love.""

6. **Maxims**
   - *Reason for Selection*: Maxims are subjective principles of action that must align with universal moral laws to be morally responsible.
   - *Specific Use*: ""A maxim is a subjective principle of action, and must be distinguished from the objective principle, namely, practical law.""

7. **Heteronomy vs. Autonomy**
   - *Reason for Selection*: Moral responsibility requires autonomy (self-legislation), whereas heteronomy (dependence on external motives) undermines it.
   - *Specific Use*: ""The will is a faculty of determining itself to action in accordance with the representation of certain laws.""

8. **Moral Worth**
   - *Reason for Selection*: Moral worth is determined by acting from duty, not from inclination or self-interest.
   - *Specific Use*: ""The moral worth of an action does not lie in the effect expected from it, nor in any principle of action which requires to borrow its motive from this expected effect.""

9. **Kingdom of Ends**
   - *Reason for Selection*: Moral responsibility involves treating rational beings as ends in themselves, not merely as means.
   - *Specific Use*: ""Morality consists then in the reference of all action to the legislation which alone can render a kingdom of ends possible.""

10. **Freedom of the Will**
    - *Reason for Selection*: Moral responsibility presupposes freedom, as only a free will can act according to moral principles.
    - *Specific Use*: ""Freedom is only an idea of reason, and its objective reality in itself is doubtful.""

These concepts collectively define Kant’s criteria for moral responsibility, emphasizing autonomy, duty, and the moral law as the foundation for ethical action.",N/A,N/A,0,Query 5/5,0.00
