Temperature,Top-p,Top-k,BM25 Weight,Model,Main Answer,Input Tokens,Output Tokens,Conversation History,Progress,Elapsed Time (s)
0.5,0.95,50,0.0,🇪🇺 Mistral-API,"Here is a list of the 10 most prominent concepts describing criteria for moral responsibility in the uploaded document, along with explanations of their significance and specific uses:

1. **Good Will**
   - *Reason for Selection*: Kant emphasizes that the only thing that is ""good without qualification"" is a good will, as it is the source of moral worth. This concept is central to moral responsibility because it defines the intrinsic value of actions based on duty rather than consequences.
   - *Specific Use*: ""Nothing can possibly be conceived in the world, or even out of it, which can be called good, without qualification, except a good will.""

2. **Duty**
   - *Reason for Selection*: Duty is the cornerstone of Kant’s moral philosophy, representing the obligation to act according to moral law, regardless of personal inclinations. It is the foundation of moral responsibility.
   - *Specific Use*: ""Duty is the necessity of acting from respect for the law.""

3. **Autonomy of the Will**
   - *Reason for Selection*: Autonomy refers to the self-legislation of the will, meaning that moral responsibility arises from acting according to self-imposed moral laws rather than external influences.
   - *Specific Use*: ""Autonomy then is the basis of the dignity of human and of every rational nature.""

4. **Categorical Imperative**
   - *Reason for Selection*: The categorical imperative is the supreme principle of morality, commanding actions that can be universally legislated. It is the criterion by which moral responsibility is judged.
   - *Specific Use*: ""Act only on that maxim whereby thou canst at the same time will that it should become a universal law.""

5. **Maxims**
   - *Reason for Selection*: Maxims are subjective principles of action that must align with universal moral laws. They are the practical expressions of moral responsibility.
   - *Specific Use*: ""A maxim is a subjective principle of action, and must be distinguished from the objective principle, namely, practical law.""

6. **Respect for the Moral Law**
   - *Reason for Selection*: Respect for the moral law is the emotional and rational response to duty, distinguishing morally responsible actions from those driven by inclination.
   - *Specific Use*: ""Respect is properly the conception of a worth which thwarts my self-love.""

7. **Kingdom of Ends**
   - *Reason for Selection*: The kingdom of ends is an ideal moral community where rational beings treat each other as ends in themselves, embodying the highest form of moral responsibility.
   - *Specific Use*: ""A rational being belongs as a member to the kingdom of ends when, although giving universal laws in it, he is also himself subject to these laws.""

8. **Heteronomy vs. Autonomy**
   - *Reason for Selection*: Heteronomy (dependence on external motives) undermines moral responsibility, while autonomy (self-legislation) is essential for it. Kant contrasts these to highlight the purity of moral duty.
   - *Specific Use*: ""All principles which can be taken from this point of view are either empirical or rational. The former, drawn from the principle of happiness, are built on physical or moral feelings; the latter, drawn from the principle of perfection, are built either on the rational conception of perfection as a possible effect, or on that of an independent perfection (the will of God) as the determining cause of our will.""

9. **Moral Worth**
   - *Reason for Selection*: Moral worth is the intrinsic value of an action performed from duty, distinguishing it from actions done for selfish or pragmatic reasons.
   - *Specific Use*: ""The moral worth of an action does not lie in the effect expected from it, nor in any principle of action which requires to borrow its motive from this expected effect.""

10. **Freedom of the Will**
    - *Reason for Selection*: Freedom is the precondition for moral responsibility, as it allows rational beings to act according to moral laws rather than being determined by natural causes.
    - *Specific Use*: ""The conception of an objective principle, in so far as it is obligatory for a will, is called a command (of reason), and the formula of the command is called an imperative.""

These concepts collectively form the framework of Kant’s theory of moral responsibility, emphasizing the role of reason, duty, and autonomy in determining moral worth.",N/A,N/A,0,Query 1/5,0.00
0.5,0.95,50,0.25,🇪🇺 Mistral-API,"Here are the 10 most prominent concepts describing criteria for moral responsibility in the uploaded document, along with explanations of their significance and specific uses:

1. **Good Will**
   - **Reason for Selection**: Kant emphasizes that the ""good will"" is the only thing that is ""good without qualification"" (4:393). It is the foundation of moral worth and the basis for moral responsibility, as it determines actions from duty rather than inclination.
   - **Specific Use**: ""Nothing can possibly be conceived in the world, or even out of it, which can be called good, without qualification, except a good will"" (4:393).

2. **Duty (Pflicht)**
   - **Reason for Selection**: Duty is central to Kant’s ethics, representing the moral obligation that binds rational beings. It is the criterion by which actions are judged morally.
   - **Specific Use**: ""Duty is the necessity of acting from respect for the law"" (4:400). Actions done from duty alone have moral worth.

3. **Autonomy of the Will (Autonomie der Willkür)**
   - **Reason for Selection**: Autonomy is the capacity of the will to legislate moral laws for itself, making it the basis of moral responsibility. It contrasts with heteronomy (dependence on external motives).
   - **Specific Use**: ""Autonomy of the will is the property of the will by which it is a law to itself independently of any property of the objects of volition"" (4:447).

4. **Categorical Imperative**
   - **Reason for Selection**: The categorical imperative is the supreme principle of morality, commanding actions without condition. It is the formal criterion for moral responsibility.
   - **Specific Use**: ""Act only according to that maxim whereby you can at the same time will that it should become a universal law"" (4:421).

5. **Respect for the Moral Law (Achtung)**
   - **Reason for Selection**: Respect is the emotional response to the moral law, indicating the recognition of its authority. It is a criterion for moral motivation.
   - **Specific Use**: ""Respect is properly the conception of a worth which thwarts my self-love"" (4:76).

6. **Maxims (Maximen)**
   - **Reason for Selection**: Maxims are subjective principles of action that must be tested against the moral law. They are the criteria by which moral responsibility is assessed.
   - **Specific Use**: ""A maxim is the subjective principle of volition"" (4:400).

7. **Moral Law (Sittengesetz)**
   - **Reason for Selection**: The moral law is the objective principle that binds all rational beings. It is the ultimate criterion for moral responsibility.
   - **Specific Use**: ""The moral law is the only thing that can be called good without qualification"" (4:400).

8. **Freedom of the Will (Freiheit der Willkür)**
   - **Reason for Selection**: Freedom is the condition for moral responsibility, as it allows the will to act autonomously. Kant argues that freedom is presupposed by the moral law.
   - **Specific Use**: ""Freedom is the property of the will by which it can be a law to itself"" (4:447).

9. **Kingdom of Ends (Reich der Zwecke)**
   - **Reason for Selection**: The kingdom of ends is the ideal moral community where rational beings legislate universal laws. It is a criterion for moral responsibility in social contexts.
   - **Specific Use**: ""A rational being belongs as a member to the kingdom of ends when, although giving universal laws in it, he is also himself subject to these laws"" (4:433).

10. **Heteronomy vs. Autonomy**
    - **Reason for Selection**: Heteronomy (dependence on external motives) is the antithesis of moral responsibility, while autonomy (self-legislation) is its essence. This distinction is crucial for evaluating moral agency.
    - **Specific Use**: ""All principles which can be taken from this point of view are either empirical or rational. The former, drawn from the principle of happiness, are built on physical or moral feelings; the latter, drawn from the principle of perfection, are built either on the rational conception of perfection as a possible effect, or on that of an independent perfection (the will of God) as the determining cause of our will"" (4:444).

These concepts form the backbone of Kant’s theory of moral responsibility, as they define the conditions under which actions are morally evaluated and agents are held accountable.",N/A,N/A,0,Query 2/5,0.00
0.5,0.95,50,0.5,🇪🇺 Mistral-API,"Here are the 10 most prominent concepts describing criteria for moral responsibility in the uploaded document, along with their explanations and specific uses:

1. **Good Will**
   - *Reason for Selection*: Kant repeatedly emphasizes that the only thing that is ""good without qualification"" is a good will. Moral responsibility is tied to the intention behind actions, not their consequences.
   - *Specific Use*: ""Nothing can possibly be conceived in the world, or even out of it, which can be called good, without qualification, except a good will.""

2. **Duty**
   - *Reason for Selection*: Duty is central to Kant’s ethics, representing the moral obligation that grounds responsibility. Actions done from duty alone have moral worth.
   - *Specific Use*: ""Duty is the necessity of acting from respect for the law.""

3. **Autonomy of the Will**
   - *Reason for Selection*: Moral responsibility requires self-legislation (autonomy), where individuals act according to universalizable principles rather than external influences.
   - *Specific Use*: ""Autonomy then is the basis of the dignity of human and of every rational nature.""

4. **Categorical Imperative**
   - *Reason for Selection*: The categorical imperative is the supreme principle of morality, demanding actions that can be universalized without contradiction.
   - *Specific Use*: ""Act only on that maxim whereby thou canst at the same time will that it should become a universal law.""

5. **Respect for the Moral Law**
   - *Reason for Selection*: Moral responsibility involves respecting the law as an end in itself, not for personal gain or inclination.
   - *Specific Use*: ""Respect is properly the conception of a worth which thwarts my self-love.""

6. **Maxims**
   - *Reason for Selection*: Maxims are subjective principles of action that must align with universal moral laws for an action to be morally responsible.
   - *Specific Use*: ""A maxim is a subjective principle of action, and must be distinguished from the objective principle, namely, practical law.""

7. **Heteronomy vs. Autonomy**
   - *Reason for Selection*: Moral responsibility requires autonomy (self-legislation), whereas heteronomy (acting from external motives) undermines it.
   - *Specific Use*: ""All principles which can be taken from this point of view are either empirical or rational. The former, drawn from the principle of happiness, are built on physical or moral feelings; the latter, drawn from the principle of perfection, are built either on the rational conception of perfection as a possible effect, or on that of an independent perfection (the will of God) as the determining cause of our will.""

8. **Moral Worth**
   - *Reason for Selection*: Moral responsibility is tied to the intrinsic worth of actions, not their utility or consequences.
   - *Specific Use*: ""The moral worth of an action does not lie in the effect expected from it, nor in any principle of action which requires to borrow its motive from this expected effect.""

9. **Kingdom of Ends**
   - *Reason for Selection*: Moral responsibility involves treating rational beings as ends in themselves, not merely as means.
   - *Specific Use*: ""Morality consists then in the reference of all action to the legislation which alone can render a kingdom of ends possible.""

10. **Freedom of the Will**
    - *Reason for Selection*: Moral responsibility presupposes freedom, as individuals must be capable of choosing to act according to moral principles.
    - *Specific Use*: ""Freedom is only an idea of reason, and its objective reality in itself is doubtful; while nature is a concept of the understanding which proves, and must necessarily prove, its reality in examples of experience.""

These concepts collectively form the foundation of Kant’s theory of moral responsibility, emphasizing autonomy, duty, and the intrinsic worth of actions over external consequences.",N/A,N/A,0,Query 3/5,0.00
0.5,0.95,50,0.75,🇪🇺 Mistral-API,"Here is a list of the 10 most prominent concepts describing criteria for moral responsibility in the provided document, along with explanations for their selection and specific references to their use:

1. **Good Will**
   - **Reason for Selection**: Kant emphasizes that the only thing that is ""good without qualification"" is a good will, which is the foundation of moral worth. It is the basis for moral responsibility because it determines actions from duty rather than inclination.
   - **Specific Use**: ""Nothing can possibly be conceived in the world, or even out of it, which can be called good, without qualification, except a good will.""

2. **Duty**
   - **Reason for Selection**: Duty is central to Kant’s moral philosophy, representing the obligation to act according to moral law, independent of personal desires or consequences. It is the criterion for moral responsibility.
   - **Specific Use**: ""Duty is the necessity of acting from respect for the law.""

3. **Categorical Imperative**
   - **Reason for Selection**: The categorical imperative is the supreme principle of morality, commanding actions that can be universalized. It is the standard by which moral responsibility is judged.
   - **Specific Use**: ""Act only on that maxim whereby thou canst at the same time will that it should become a universal law.""

4. **Autonomy of the Will**
   - **Reason for Selection**: Autonomy means self-legislation, where moral responsibility arises from acting according to self-imposed moral laws rather than external influences.
   - **Specific Use**: ""Autonomy then is the basis of the dignity of human and of every rational nature.""

5. **Respect for the Moral Law**
   - **Reason for Selection**: Respect for the moral law is the motive for acting morally, distinguishing actions done from duty from those done from inclination.
   - **Specific Use**: ""Respect is properly the conception of a worth which thwarts my self-love.""

6. **Maxims**
   - **Reason for Selection**: Maxims are subjective principles of action, and moral responsibility depends on whether they align with universal moral laws.
   - **Specific Use**: ""A maxim is a subjective principle of action, and must be distinguished from the objective principle, namely, practical law.""

7. **Moral Worth**
   - **Reason for Selection**: Moral worth is the intrinsic value of an action when done from duty, not from inclination or external rewards.
   - **Specific Use**: ""The moral worth of an action does not lie in the effect expected from it, nor in any principle of action which requires to borrow its motive from this expected effect.""

8. **Freedom of the Will**
   - **Reason for Selection**: Freedom is the condition for moral responsibility, as it allows rational beings to act according to moral laws rather than natural determinism.
   - **Specific Use**: ""Freedom is only an idea of reason, and its objective reality in itself is doubtful.""

9. **Kingdom of Ends**
   - **Reason for Selection**: The kingdom of ends represents a moral community where rational beings act as both lawgivers and subjects, embodying moral responsibility.
   - **Specific Use**: ""A rational being belongs as a member to the kingdom of ends when, although giving universal laws in it, he is also himself subject to these laws.""

10. **Heteronomy vs. Autonomy**
    - **Reason for Selection**: Heteronomy (acting from external motives) undermines moral responsibility, while autonomy (acting from self-imposed moral laws) is essential for it.
    - **Specific Use**: ""In every case where an object of the will has to be supposed, in order that the rule may be prescribed which is to determine the will, there the rule is simply heteronomy.""

These concepts are central to Kant’s framework for moral responsibility, as they define the conditions under which actions are morally evaluable and individuals are held accountable.",N/A,N/A,0,Query 4/5,0.00
0.5,0.95,50,1.0,🇪🇺 Mistral-API,"Here is a list of the 10 most prominent concepts describing criteria for moral responsibility in the provided document, along with explanations for their selection and specific references to their use:

1. **Good Will**
   - *Reason for selection*: The document emphasizes that the ""good will"" is the only thing that can be considered ""good without qualification"" (p. 1). It is the foundation of moral worth, as it determines the moral value of actions regardless of their outcomes.
   - *Specific use*: ""Nothing can possibly be conceived in the world, or even out of it, which can be called good, without qualification, except a good will.""

2. **Duty**
   - *Reason for selection*: Duty is central to moral responsibility, as it represents the obligation to act according to moral principles. The document distinguishes between actions done from duty and those done from inclination.
   - *Specific use*: ""Duty is the necessity of acting from respect for the law.""

3. **Autonomy of the Will**
   - *Reason for selection*: Autonomy is the capacity of the will to legislate moral laws for itself, making it a key criterion for moral responsibility. It contrasts with heteronomy (dependence on external influences).
   - *Specific use*: ""Autonomy then is the basis of the dignity of human and of every rational nature.""

4. **Categorical Imperative**
   - *Reason for selection*: The categorical imperative is the supreme principle of morality, commanding actions that can be universally willed as laws. It is a criterion for determining moral responsibility.
   - *Specific use*: ""Act only on that maxim whereby thou canst at the same time will that it should become a universal law.""

5. **Respect for the Moral Law**
   - *Reason for selection*: Respect for the moral law is the subjective condition of moral responsibility, as it motivates actions from duty rather than inclination.
   - *Specific use*: ""Respect is properly the conception of a worth which thwarts my self-love.""

6. **Maxims**
   - *Reason for selection*: Maxims are the subjective principles of action that determine whether an action is morally responsible. They must align with the moral law to be considered good.
   - *Specific use*: ""A maxim is a subjective principle of action, and must be distinguished from the objective principle, namely, practical law.""

7. **Heteronomy vs. Autonomy**
   - *Reason for selection*: The distinction between heteronomy (dependence on external motives) and autonomy (self-legislation) is crucial for understanding moral responsibility.
   - *Specific use*: ""The will is nothing but practical reason. If reason infallibly determines the will, then the actions of such a being which are recognised as objectively necessary are subjectively necessary also.""

8. **Moral Worth**
   - *Reason for selection*: Moral worth is the intrinsic value of an action done from duty, distinguishing it from actions done from inclination or self-interest.
   - *Specific use*: ""The moral worth of an action does not lie in the effect expected from it, nor in any principle of action which requires to borrow its motive from this expected effect.""

9. **Kingdom of Ends**
   - *Reason for selection*: The kingdom of ends is an ideal moral community where rational beings act as both legislators and subjects of moral laws, embodying the highest form of moral responsibility.
   - *Specific use*: ""A rational being belongs as a member to the kingdom of ends when, although giving universal laws in it, he is also himself subject to these laws.""

10. **Freedom of the Will**
    - *Reason for selection*: Freedom is the precondition for moral responsibility, as it allows rational beings to act according to moral laws rather than natural causes.
    - *Specific use*: ""Freedom is only an idea of reason, and its objective reality in itself is doubtful; while nature is a concept of the understanding which proves, and must necessarily prove, its reality in examples of experience.""

These concepts are central to Kant's theory of moral responsibility, as they define the conditions under which actions can be considered morally responsible. The document repeatedly emphasizes the importance of acting from duty, respecting the moral law, and adhering to the categorical imperative as the foundation of moral worth.",N/A,N/A,0,Query 5/5,0.00
