Temperature,Top-p,Top-k,BM25 Weight,Model,Main Answer,Input Tokens,Output Tokens,Conversation History,Progress,Elapsed Time (s)
0.1,0.95,50,0.6,🇪🇺 Mistral-API,"Here are the 10 most prominent concepts describing criteria for moral responsibility in the provided document, along with their specific uses and reasons for selection:

1. **Voluntary Action**
   - **Reason for Selection**: Aristotle emphasizes that moral responsibility hinges on voluntary actions, which are actions performed with knowledge and intentionality. He distinguishes between voluntary and involuntary actions, highlighting that only voluntary actions are subject to moral evaluation.
   - **Specific Use**: ""An act of injustice and a just act are defined by the voluntary and the involuntary. For when the action is voluntary, the agent is blamed, and thereby also it is an act of injustice."" (Book V, Chapter 8)

2. **Involuntary Action**
   - **Reason for Selection**: Involuntary actions are those performed under compulsion or ignorance, and Aristotle argues that such actions do not warrant moral blame.
   - **Specific Use**: ""What is forced has an external principle, the sort of principle in which the agent, or rather the victim, contributes nothing—if, for instance, a wind or people who have him in their control were to carry him off."" (Book III, Chapter 1)

3. **Pleasure and Pain**
   - **Reason for Selection**: Aristotle discusses how pleasure and pain influence moral behavior, particularly in the context of virtues and vices. The ability to regulate pleasure and pain is crucial for moral responsibility.
   - **Specific Use**: ""Virtue, then, is about feelings and actions, in which excess is in error and deﬁciency is blamed, whereas the intermediate condition is praised and is correct, which are both proper to virtue."" (Book II, Chapter 6)

4. **Justice and Injustice**
   - **Reason for Selection**: Justice and injustice are central to moral responsibility. Aristotle defines justice as a mean between excess and deﬁciency, and injustice as the violation of this mean.
   - **Specific Use**: ""Justice is a mean, not as the other virtues are, but because it is about an intermediate condition, whereas injustice is about the extremes."" (Book V, Chapter 17)

5. **Virtue and Vice**
   - **Reason for Selection**: Virtue and vice are key concepts in Aristotle's ethics, with virtue being the mean between excess and deﬁciency, and vice being the deviation from this mean.
   - **Specific Use**: ""Virtue is a state that makes its possessor good and makes him perform his function well."" (Book II, Chapter 6)

6. **Habituation**
   - **Reason for Selection**: Aristotle argues that moral responsibility is shaped by habituation, the process of developing virtuous or vicious habits through repeated actions.
   - **Specific Use**: ""Virtues, by contrast, we acquire, just as we acquire crafts, by having first performed the actions."" (Book II, Chapter 1)

7. **Practical Wisdom (Phronesis)**
   - **Reason for Selection**: Practical wisdom is the ability to make sound moral judgments and is essential for moral responsibility.
   - **Specific Use**: ""Prudence is not cleverness, though not without this capacity. But this eye of the soul acquires its state only with virtue, as we have said and as is clear."" (Book VI, Chapter 5)

8. **Moral Luck**
   - **Reason for Selection**: Aristotle acknowledges the role of external factors (moral luck) in shaping moral responsibility, such as the influence of upbringing and social environment.
   - **Specific Use**: ""The virtuous person is the one who is in the condition to act in accordance with the right rule, and the vicious person is the one who is in the condition to act in accordance with the wrong rule."" (Book VI, Chapter 5)

9. **Moral Responsibility and Character**
   - **Reason for Selection**: Aristotle links moral responsibility to character, arguing that one's character determines their moral actions and decisions.
   - **Specific Use**: ""The virtuous person is the one who is in the condition to act in accordance with the right rule, and the vicious person is the one who is in the condition to act in accordance with the wrong rule."" (Book VI, Chapter 5)

10. **Moral Responsibility and the Good Life**
    - **Reason for Selection**: Aristotle ties moral responsibility to the pursuit of the good life, which involves living virtuously and achieving eudaimonia (happiness).
    - **Specific Use**: ""Happiness is a certain sort of activity of the soul in accord with virtue."" (Book I, Chapter 7)

These concepts are central to Aristotle's discussion of moral responsibility, as they outline the criteria for evaluating moral actions and the conditions under which individuals can be held accountable for their behavior.",N/A,N/A,0,Query 1/5,0.00
0.33,0.95,50,0.6,🇪🇺 Mistral-API,"Here is a list of the 10 most prominent concepts describing criteria for moral responsibility in the uploaded document, along with explanations of their significance and specific uses:

1. **Voluntary Action**
   - **Reason for Selection**: Aristotle emphasizes the importance of voluntary action in determining moral responsibility. He argues that actions are voluntary when they are performed with knowledge and intention, and not under compulsion or ignorance.
   - **Specific Use**: In Book III, Chapter 1, Aristotle discusses the distinction between voluntary and involuntary actions, stating that voluntary actions are those that are up to the agent and done with knowledge of the particulars (e.g., whom one is striking, with what, and for what goal).

2. **Involuntary Action**
   - **Reason for Selection**: Understanding involuntary actions is crucial for distinguishing between actions that are morally blameworthy and those that are not.
   - **Specific Use**: Aristotle defines involuntary actions as those done under compulsion or ignorance, such as actions performed under duress or due to ignorance of the circumstances (e.g., throwing cargo overboard in a storm).

3. **Virtue of Character**
   - **Reason for Selection**: Virtue of character is central to Aristotle's ethics, as it shapes the moral character of an individual and their capacity for moral responsibility.
   - **Specific Use**: In Book II, Chapter 1, Aristotle explains that virtue of character is acquired through habituation and is concerned with feelings and actions that admit of excess, deficiency, and an intermediate condition.

4. **Vice**
   - **Reason for Selection**: Vice is the opposite of virtue and is essential for understanding moral responsibility, as it represents the failure to act virtuously.
   - **Specific Use**: Aristotle contrasts vice with virtue in Book II, Chapter 6, describing vice as a state that leads to excess or deficiency in feelings and actions, making the individual morally blameworthy.

5. **Justice**
   - **Reason for Selection**: Justice is a key virtue that ensures fairness and equity in moral responsibility, as it governs the distribution of goods and the rectification of wrongs.
   - **Specific Use**: In Book V, Chapter 1, Aristotle defines justice as a mean between excess and deficiency, ensuring that individuals receive what is proportionately equal.

6. **Injustice**
   - **Reason for Selection**: Injustice is the counterpart to justice and is crucial for understanding moral responsibility, as it represents the failure to act justly.
   - **Specific Use**: Aristotle describes injustice as the disproportionate excess or deficiency in what is beneficial or harmful, making the unjust person morally blameworthy (Book V, Chapter 18).

7. **Pleasure and Pain**
   - **Reason for Selection**: Pleasure and pain are significant for moral responsibility, as they influence the actions and decisions of individuals, affecting their moral character.
   - **Specific Use**: In Book III, Chapter 10, Aristotle discusses how pleasure and pain can lead to moral responsibility or irresponsibility, depending on whether they are pursued or avoided in the right way.

8. **Decision (Prohairesis)**
   - **Reason for Selection**: Decision is a critical aspect of moral responsibility, as it involves the deliberate choice to act in a certain way, reflecting the moral character of the individual.
   - **Specific Use**: In Book III, Chapter 3, Aristotle argues that moral responsibility is tied to the decisions made by individuals, which are influenced by their character and understanding of the good.

9. **Habituation (Ethos)**
   - **Reason for Selection**: Habituation is essential for the development of moral character and the acquisition of virtues, which are necessary for moral responsibility.
   - **Specific Use**: In Book II, Chapter 1, Aristotle explains that virtue of character results from habituation, and that actions in accord with virtue are the means by which individuals become virtuous.

10. **Magnanimity (Megalopsychia)**
    - **Reason for Selection**: Magnanimity is a virtue that reflects the moral responsibility of individuals to act with greatness of soul, pursuing noble and honorable goals.
    - **Specific Use**: In Book IV, Chapter 3, Aristotle describes the magnanimous person as someone who is concerned with great honors and dishonors, acting with a sense of worthiness and moral responsibility.

These concepts are central to Aristotle's ethical framework and provide a comprehensive understanding of the criteria for moral responsibility in his philosophy.",N/A,N/A,0,Query 2/5,0.00
0.55,0.95,50,0.6,🇪🇺 Mistral-API,"Here are the 10 most prominent concepts describing criteria for moral responsibility in the uploaded document, along with explanations of their significance and specific uses:

1. **Voluntary Action**
   - **Reason for Selection**: Aristotle emphasizes that moral responsibility is tied to voluntary actions, which are actions performed with knowledge and intention. He distinguishes between voluntary and involuntary actions, arguing that only voluntary actions can be the basis for praise or blame.
   - **Specific Use**: ""An act of injustice and a just act are defined by the voluntary and the involuntary. For when the action is voluntary, the agent is blamed, and thereby also it is an act of injustice."" (Book V, Chapter 8, §2)

2. **Involuntary Action**
   - **Reason for Selection**: Involuntary actions are those performed under compulsion or ignorance, and Aristotle argues that such actions do not warrant moral responsibility.
   - **Specific Use**: ""Actions are involuntary, then, if they are done in ignorance; or they are not done in ignorance, but they are not up to the agent; or they are done by force."" (Book V, Chapter 8, §3)

3. **Virtue of Character**
   - **Reason for Selection**: Virtue of character is central to Aristotle's ethics, as it determines the moral worth of an individual's actions. Virtues are habits that enable individuals to act in accordance with reason and the mean.
   - **Specific Use**: ""Virtue, then, is of two sorts, virtue of thought and virtue of character. Virtue of thought arises and grows mostly from teaching; that is why it needs experience and time. Virtue of character results from habit."" (Book II, Chapter 1, §2)

4. **Vice**
   - **Reason for Selection**: Vice is the opposite of virtue and represents the moral failings that lead individuals to act in ways that are blameworthy. Understanding vice is crucial for comprehending the criteria for moral responsibility.
   - **Specific Use**: ""Virtue, therefore, is a mean, insofar as it aims at what is intermediate. Vice, on the other hand, is an excess or deﬁciency in feelings and actions."" (Book II, Chapter 6, §13)

5. **Pleasure and Pain**
   - **Reason for Selection**: Aristotle argues that the way individuals respond to pleasure and pain is a key indicator of their moral character. Virtuous individuals experience pleasure in virtuous actions and pain in vicious actions.
   - **Specific Use**: ""The temperate person has an intermediate state in relation to these [bodily pleasures]. For he finds no pleasure in what most pleases the intemperate person, but finds it disagreeable; he finds no pleasure at all in the wrong things."" (Book III, Chapter 10, §8)

6. **Decision (Prohairesis)**
   - **Reason for Selection**: Decision is a crucial concept in Aristotle's ethics, as it refers to the deliberate choice that underlies voluntary actions. Moral responsibility is tied to the decisions individuals make.
   - **Specific Use**: ""The incontinent person is like a city that votes for all the right decrees and has excellent laws, but does not apply them, as in Anaxandrides’ taunt, ‘The city willed it, that cares nothing for laws.’"" (Book VII, Chapter 1, §4)

7. **Habituation (Ethos)**
   - **Reason for Selection**: Habituation is the process through which individuals develop virtues or vices. Aristotle argues that moral responsibility is shaped by the habits individuals cultivate through repeated actions.
   - **Specific Use**: ""Virtue of character results from habit; hence its name ‘ethical’, slightly varied from ‘ethos’."" (Book II, Chapter 1, §2)

8. **Justice and Injustice**
   - **Reason for Selection**: Justice and injustice are fundamental concepts in Aristotle's ethics, as they define the moral standards by which actions are evaluated. Justice involves treating others fairly, while injustice involves treating others unfairly.
   - **Specific Use**: ""Justice is a mean, not as the other virtues are, but because it is about an intermediate condition, whereas injustice is about the extremes."" (Book V, Chapter 1, §17)

9. **Magnanimity (Megalopsychia)**
   - **Reason for Selection**: Magnanimity is a virtue that involves a sense of self-worth and a concern for honor. It is a key concept in Aristotle's discussion of moral responsibility, as it reflects the individual's commitment to virtuous actions.
   - **Specific Use**: ""The magnanimous person is concerned especially with honours and dishonours. When he receives great honours from excellent people, he will be moderately pleased, thinking he is getting what is proper to him, or even less."" (Book IV, Chapter 3, §15)

10. **Practical Wisdom (Phronesis)**
    - **Reason for Selection**: Practical wisdom is the intellectual virtue that enables individuals to make good decisions about how to act in specific situations. It is essential for moral responsibility, as it guides individuals in applying virtues to their actions.
    - **Specific Use**: ""Prudence is not cleverness, though not without this capacity. But this eye of the soul acquires its state only with virtue, as we have said and as is clear."" (Book VI, Chapter 5, §10)

These concepts are central to Aristotle's discussion of moral responsibility in the *Nicomachean Ethics*, as they define the criteria by which individuals are held accountable for their actions.",N/A,N/A,0,Query 3/5,0.00
0.78,0.95,50,0.6,🇪🇺 Mistral-API,"Here is a list of the 10 most prominent concepts describing criteria for moral responsibility in the provided document, along with explanations of their significance and specific uses:

1. **Voluntary Action (ἑκούσιον)**
   - **Reason for Selection**: Aristotle frequently discusses the distinction between voluntary and involuntary actions as foundational for moral responsibility. He argues that actions done voluntarily are those for which an agent is morally responsible.
   - **Specific Use**: In Book III, Chapter 1, Aristotle defines voluntary actions as those done with knowledge and not under compulsion, which are essential for determining moral responsibility.

2. **Involuntary Action (ἀκούσιον)**
   - **Reason for Selection**: The concept of involuntary action is crucial for understanding when an agent is not morally responsible for their actions.
   - **Specific Use**: In Book III, Chapter 1, Aristotle explains that involuntary actions are those done under compulsion or due to ignorance, which exempt an agent from moral blame.

3. **Virtue (ἀρετή)**
   - **Reason for Selection**: Virtue is central to Aristotle's ethics, as it represents the moral excellence that makes an agent capable of responsible and virtuous actions.
   - **Specific Use**: In Book II, Chapter 6, Aristotle defines virtue as a mean between excess and deficiency, which guides an agent to act responsibly and morally.

4. **Vice (κακία)**
   - **Reason for Selection**: Vice represents the moral failing that leads to irresponsible and immoral actions, contrasting with virtue.
   - **Specific Use**: In Book III, Chapter 1, Aristotle contrasts vice with virtue to highlight the moral responsibility of agents to cultivate virtue and avoid vice.

5. **Justice (δικαιοσύνη)**
   - **Reason for Selection**: Justice is a key virtue that ensures fair and equitable treatment, which is essential for moral responsibility in social and political contexts.
   - **Specific Use**: In Book V, Chapter 1, Aristotle discusses justice as a mean between excess and deficiency, ensuring that agents act responsibly in their dealings with others.

6. **Injustice (ἀδικία)**
   - **Reason for Selection**: Injustice represents the moral failing that leads to unfair and immoral actions, contrasting with justice.
   - **Specific Use**: In Book V, Chapter 1, Aristotle explains that injustice involves actions that are disproportionate and unfair, highlighting the moral responsibility to act justly.

7. **Pleasure (ἡδονή)**
   - **Reason for Selection**: Pleasure is a significant factor in moral responsibility, as it can influence an agent's actions and decisions.
   - **Specific Use**: In Book VII, Chapter 12, Aristotle discusses the role of pleasure in moral responsibility, arguing that virtuous actions are pleasant in themselves and that agents should seek pleasure in virtuous activities.

8. **Pain (λύπη)**
   - **Reason for Selection**: Pain is another factor that can influence an agent's actions and decisions, affecting their moral responsibility.
   - **Specific Use**: In Book III, Chapter 1, Aristotle discusses the role of pain in involuntary actions, arguing that actions done under severe pain may not be fully voluntary and thus may not be fully morally responsible.

9. **Decision (προαίρεσις)**
   - **Reason for Selection**: Decision is a critical aspect of moral responsibility, as it represents the agent's choice to act in a certain way.
   - **Specific Use**: In Book III, Chapter 3, Aristotle discusses the role of decision in voluntary actions, arguing that agents are morally responsible for their decisions and the actions that follow from them.

10. **Habituation (ἔθος)**
    - **Reason for Selection**: Habituation is the process by which agents develop virtues and vices, which in turn affects their moral responsibility.
    - **Specific Use**: In Book II, Chapter 1, Aristotle argues that virtues are formed through habituation, and that agents are morally responsible for cultivating virtuous habits.

These concepts are central to Aristotle's discussion of moral responsibility in the *Nicomachean Ethics*, as they provide the framework for understanding how agents become morally responsible and how their actions can be evaluated in terms of virtue and vice.",N/A,N/A,0,Query 4/5,0.00
1.0,0.95,50,0.6,🇪🇺 Mistral-API,"Here are the 10 most prominent concepts describing criteria for moral responsibility in the uploaded document, along with their specific uses and reasons for selection:

1. **Voluntary Action (ἑκούσιον)**
   - **Use**: Aristotle discusses voluntary action as a key criterion for moral responsibility, emphasizing that actions done willingly are subject to praise or blame. He contrasts voluntary actions with involuntary ones, which are excusable.
   - **Reason for Selection**: This concept is central to Aristotle's ethics, as it forms the basis for assigning moral responsibility. Actions done voluntarily are those for which an agent is held accountable.

2. **Involuntary Action (ἀκούσιον)**
   - **Use**: Aristotle defines involuntary actions as those done under compulsion or ignorance, which are not subject to moral blame. He distinguishes between actions done by force and actions done due to ignorance.
   - **Reason for Selection**: Understanding involuntary actions is crucial for determining the limits of moral responsibility. Aristotle's analysis helps delineate when an agent is not morally responsible for their actions.

3. **Virtue (ἀρετή)**
   - **Use**: Virtue is described as a mean between excess and deficiency, cultivated through habit and practice. Aristotle argues that virtuous actions are those done willingly and in accordance with reason.
   - **Reason for Selection**: Virtue is a foundational concept in Aristotle's ethics, directly tied to moral responsibility. Agents are responsible for cultivating virtues and acting virtuously.

4. **Vice (κακία)**
   - **Use**: Vice is the opposite of virtue, characterized by excess or deficiency in feelings and actions. Aristotle argues that vicious actions are those done willingly and contrary to reason.
   - **Reason for Selection**: Vice is essential for understanding moral responsibility, as it represents the failure to act virtuously. Agents are responsible for avoiding vice and its associated actions.

5. **Justice (δικαιοσύνη)**
   - **Use**: Justice is described as a mean that involves fairness and equality in distribution and rectification. Aristotle distinguishes between general justice (as a part of virtue) and special justice (concerned with distribution and rectification).
   - **Reason for Selection**: Justice is a key criterion for moral responsibility, as it involves the fair treatment of others. Agents are responsible for acting justly in their interactions with others.

6. **Injustice (ἀδικία)**
   - **Use**: Injustice is characterized by unfairness and inequality, either in distribution or rectification. Aristotle argues that unjust actions are those done willingly and contrary to the principles of justice.
   - **Reason for Selection**: Injustice is crucial for understanding moral responsibility, as it represents the failure to act justly. Agents are responsible for avoiding injustice and its associated actions.

7. **Pleasure (ἡδονή) and Pain (λύπη)**
   - **Use**: Pleasure and pain are discussed in relation to moral responsibility, as they influence actions and decisions. Aristotle argues that virtuous agents act in accordance with reason, not merely following pleasure or avoiding pain.
   - **Reason for Selection**: Pleasure and pain are important for understanding moral responsibility, as they can influence actions. Agents are responsible for regulating their responses to pleasure and pain in accordance with virtue.

8. **Decision (πρόαιρεσις)**
   - **Use**: Decision is described as a deliberate choice that involves reasoning and intention. Aristotle argues that moral responsibility is tied to decisions made willingly and in accordance with reason.
   - **Reason for Selection**: Decision is central to moral responsibility, as it represents the agent's deliberate choice to act in a certain way. Agents are responsible for their decisions and the actions that follow from them.

9. **Habituation (ἔθος)**
   - **Use**: Habituation is the process by which virtues and vices are cultivated through repeated actions. Aristotle argues that moral responsibility is tied to the habits that agents develop over time.
   - **Reason for Selection**: Habituation is crucial for understanding moral responsibility, as it explains how agents develop the dispositions that influence their actions. Agents are responsible for cultivating good habits and avoiding bad ones.

10. **Practical Wisdom (φρόνησις)**
    - **Use**: Practical wisdom is the ability to reason about and choose the right actions in particular circumstances. Aristotle argues that moral responsibility is tied to the exercise of practical wisdom in decision-making.
    - **Reason for Selection**: Practical wisdom is essential for moral responsibility, as it enables agents to make reasoned and virtuous decisions. Agents are responsible for exercising practical wisdom in their actions.

These concepts are central to Aristotle's ethics and provide a comprehensive framework for understanding moral responsibility. They are selected based on their prominence in the text and their direct relevance to the criteria for moral responsibility.",N/A,N/A,0,Query 5/5,0.00
