Temperature,Top-p,Top-k,BM25 Weight,Model,Main Answer,Input Tokens,Output Tokens,Conversation History,Progress,Elapsed Time (s)
0.5,0.1,50,0.6,🇪🇺 Mistral-API,"Here are the 10 most prominent concepts describing criteria for moral responsibility in the uploaded document, along with their specific uses and explanations:

1. **Voluntary Action (ἑκούσιον)**
   - **Use**: Aristotle discusses voluntary action as a key criterion for moral responsibility. He argues that actions are voluntary when they are up to the agent, done in knowledge, and not under force or ignorance (Book III, Chapter 1).
   - **Reason for Selection**: This concept is fundamental to understanding moral responsibility, as it distinguishes actions for which an agent can be held accountable from those they are not responsible for.

2. **Involuntary Action (ἀκούσιον)**
   - **Use**: Aristotle contrasts voluntary actions with involuntary ones, which are done under force or ignorance. He specifies that involuntary actions are not grounds for moral blame (Book III, Chapter 1).
   - **Reason for Selection**: This concept is crucial for delineating the boundaries of moral responsibility, as it identifies actions that exempt an agent from blame.

3. **Virtue (ἀρετή)**
   - **Use**: Aristotle defines virtue as a mean between excess and deficiency, cultivated through habit and practice. Virtue is essential for acting rightly and being morally responsible (Book II, Chapter 6).
   - **Reason for Selection**: Virtue is central to Aristotle's ethics, as it represents the ideal state of character that enables agents to act responsibly and be held accountable for their actions.

4. **Vice (κακία)**
   - **Use**: Vice is the opposite of virtue and is characterized by excess or deficiency in feelings and actions. Aristotle argues that vice renders an agent morally blameworthy (Book II, Chapter 6).
   - **Reason for Selection**: Vice is important for understanding moral responsibility, as it identifies the states of character that make an agent culpable for their actions.

5. **Justice (δικαιοσύνη)**
   - **Use**: Justice is a key virtue that involves fairness and equality in distribution and rectification. Aristotle discusses justice as a criterion for moral responsibility, particularly in social and political contexts (Book V, Chapter 1).
   - **Reason for Selection**: Justice is fundamental to moral responsibility, as it governs how agents should treat others and be treated, ensuring fairness and accountability.

6. **Injustice (ἀδικία)**
   - **Use**: Injustice is the violation of justice, characterized by overreaching or unfairness. Aristotle argues that injustice makes an agent morally blameworthy (Book V, Chapter 1).
   - **Reason for Selection**: Injustice is crucial for understanding moral responsibility, as it identifies actions that are morally wrong and warrant blame.

7. **Pleasure and Pain (ἡδονή και λύπη)**
   - **Use**: Aristotle discusses the role of pleasure and pain in moral responsibility, arguing that virtuous agents experience pleasure in doing what is right and pain in doing what is wrong (Book II, Chapter 3).
   - **Reason for Selection**: Pleasure and pain are important for understanding moral responsibility, as they influence an agent's motivations and actions, affecting their moral accountability.

8. **Decision (πρόαιρεσις)**
   - **Use**: Aristotle emphasizes the role of decision in moral responsibility, arguing that voluntary actions are those that are chosen by the agent's decision (Book III, Chapter 1).
   - **Reason for Selection**: Decision is crucial for moral responsibility, as it represents the agent's deliberate choice to act in a certain way, making them accountable for their actions.

9. **Habituation (ἔθος)**
   - **Use**: Aristotle argues that virtues are cultivated through habituation, or the repeated performance of virtuous actions. This process is essential for developing moral responsibility (Book II, Chapter 1).
   - **Reason for Selection**: Habituation is important for understanding moral responsibility, as it explains how agents develop the character traits that enable them to act responsibly.

10. **Practical Wisdom (φρόνησις)**
    - **Use**: Practical wisdom is the intellectual virtue that enables agents to make good decisions and act virtuously. Aristotle argues that practical wisdom is necessary for moral responsibility (Book VI, Chapter 5).
    - **Reason for Selection**: Practical wisdom is crucial for moral responsibility, as it represents the agent's ability to reason and make sound moral judgments, ensuring that their actions are responsible and accountable.

These concepts are central to Aristotle's discussion of moral responsibility in the *Nicomachean Ethics*, providing a comprehensive framework for understanding the criteria by which agents are held accountable for their actions.",N/A,N/A,0,Query 1/5,0.00
0.5,0.32,50,0.6,🇪🇺 Mistral-API,"Here are the 10 most prominent concepts describing criteria for moral responsibility in the uploaded document, along with their specific uses and reasons for selection:

1. **Voluntary Action (ἑκούσιον)**
   - **Reason for Selection**: Aristotle emphasizes that moral responsibility hinges on voluntary actions, which are actions performed with knowledge and intentionality. He distinguishes between voluntary and involuntary actions, asserting that only voluntary actions are subject to moral evaluation.
   - **Specific Use**: ""An act of injustice and a just act are defined by the voluntary and the involuntary. For when the action is voluntary, the agent is blamed, and thereby also it is an act of injustice."" (Book V, Chapter 8)

2. **Involuntary Action (ἀκούσιον)**
   - **Reason for Selection**: Involuntary actions are those performed under compulsion or ignorance, and Aristotle argues that such actions do not warrant moral blame.
   - **Specific Use**: ""Actions are involuntary, then, if they are done in ignorance; or they are not done in ignorance, but they are not up to the agent; or they are done by force."" (Book V, Chapter 8)

3. **Knowledge (ἐπιστήμη)**
   - **Reason for Selection**: Knowledge is crucial for moral responsibility because it determines whether an action is performed with understanding and intent.
   - **Specific Use**: ""For the unjust person awards himself an excess of what is beneficial without qualification, and a deficiency of what is harmful, and, speaking as a whole, he acts similarly in distributions between others, but deviates from proportion in either direction."" (Book V, Chapter 8)

4. **Decision (πρόαιρεσις)**
   - **Reason for Selection**: Decision-making is central to moral responsibility, as it reflects the agent's choice and intent behind their actions.
   - **Specific Use**: ""The incontinent person is like a city that votes for all the right decrees and has excellent laws, but does not apply them, as in Anaxandrides’ taunt, ‘The city willed it, that cares nothing for laws.’"" (Book VII, Chapter 1)

5. **Virtue (ἀρετή)**
   - **Reason for Selection**: Virtue is the moral character that guides actions, and Aristotle links moral responsibility to the cultivation and exercise of virtues.
   - **Specific Use**: ""Virtue, then, is a state that makes a human being good and makes him perform his function well."" (Book II, Chapter 6)

6. **Vice (κακία)**
   - **Reason for Selection**: Vice represents the moral failings that lead to blameworthy actions, contrasting with virtue.
   - **Specific Use**: ""The unjust person awards himself an excess of what is beneficial without qualification, and a deficiency of what is harmful, and, speaking as a whole, he acts similarly in distributions between others, but deviates from proportion in either direction."" (Book V, Chapter 8)

7. **Pleasure and Pain (ἡδονή και λύπη)**
   - **Reason for Selection**: Aristotle discusses how pleasure and pain influence moral decisions, affecting the agent's ability to act virtuously or viciously.
   - **Specific Use**: ""The temperate person has an intermediate state in relation to these [bodily pleasures]. For he finds no pleasure in what most pleases the intemperate person, but finds it disagreeable; he finds no pleasure at all in the wrong things."" (Book III, Chapter 12)

8. **Justice (δικαιοσύνη)**
   - **Reason for Selection**: Justice is a key virtue that ensures fair treatment and moral responsibility in social interactions.
   - **Specific Use**: ""The just also requires at least four terms, with the same ratio between the pairs, since the people and the items involved are divided in the same way."" (Book V, Chapter 4)

9. **Injustice (ἀδικία)**
   - **Reason for Selection**: Injustice represents the moral failing that leads to unfair and blameworthy actions, contrasting with justice.
   - **Specific Use**: ""Injustice is related in the same way to the unjust. What is unjust is disproportionate excess and deficiency in what is beneficial or harmful; hence injustice is excess and deficiency because it is about excess and deficiency."" (Book V, Chapter 8)

10. **Habituation (ἔθος)**
    - **Reason for Selection**: Habituation is the process by which moral character is formed through repeated actions, shaping the agent's moral responsibility.
    - **Specific Use**: ""Virtue, then, is of two sorts, virtue of thought and virtue of character. Virtue of thought arises and grows mostly from teaching; that is why it needs experience and time. Virtue of character results from habit."" (Book II, Chapter 1)

These concepts are central to Aristotle's discussion of moral responsibility in the *Nicomachean Ethics*, providing a framework for understanding how actions, intentions, and character contribute to moral accountability.",N/A,N/A,0,Query 2/5,0.00
0.5,0.55,50,0.6,🇪🇺 Mistral-API,"Here are the 10 most prominent concepts describing criteria for moral responsibility in the uploaded document, along with explanations of their significance and specific uses:

1. **Voluntary Action (ἑκούσιον)**
   - **Reason for Selection**: Aristotle repeatedly emphasizes that moral responsibility hinges on voluntary actions, which are actions performed with knowledge and intention. This is central to his theory of moral responsibility.
   - **Specific Use**: ""An act of injustice and a just act are defined by the voluntary and the involuntary. For when the action is voluntary, the agent is blamed, and thereby also it is an act of injustice."" (Book V, Chapter 8, §2)

2. **Involuntary Action (ἀκούσιον)**
   - **Reason for Selection**: Aristotle contrasts voluntary actions with involuntary ones, which are actions performed under compulsion or ignorance, and thus do not warrant moral blame.
   - **Specific Use**: ""Actions are involuntary, then, if they are done in ignorance; or they are not done in ignorance, but they are not up to the agent; or they are done by force."" (Book V, Chapter 8, §3)

3. **Knowledge (ἐπιστήμη)**
   - **Reason for Selection**: Knowledge is crucial for determining whether an action is voluntary or involuntary, and thus whether the agent is morally responsible.
   - **Specific Use**: ""For when the action is voluntary, the agent is blamed, and thereby also it is an act of injustice. And so something will be unjust without thereby being an act of injustice, if it is not also voluntary."" (Book V, Chapter 8, §2)

4. **Decision (πρόαιρεσις)**
   - **Reason for Selection**: Decision-making is a key aspect of voluntary action, as it involves the agent's choice and intention, which are essential for moral responsibility.
   - **Specific Use**: ""For we are in control of actions from the beginning to the end, when we know the particulars. With states, however, we are in control of the beginning, but not of the end."" (Book III, Chapter 6, §6)

5. **Pleasure and Pain (ἡδονή και λύπη)**
   - **Reason for Selection**: Aristotle discusses how pleasure and pain influence moral behavior, and how the virtuous person regulates these emotions to act responsibly.
   - **Specific Use**: ""For virtue of character is about pleasures and pains. And so virtue is a mean, insofar as it aims at what is intermediate."" (Book II, Chapter 6, §12)

6. **Virtue (ἀρετή)**
   - **Reason for Selection**: Virtue is the disposition to act in accordance with reason and the mean, which is essential for moral responsibility.
   - **Specific Use**: ""Virtue, then, is a state that makes a human being good and makes him perform his function well."" (Book II, Chapter 6, §3)

7. **Vice (κακία)**
   - **Reason for Selection**: Vice is the opposite of virtue and leads to immoral actions, which are the basis for moral blame.
   - **Specific Use**: ""Virtue, then, is a mean, insofar as it aims at what is intermediate. Vice, on the other hand, is an excess or deﬁciency."" (Book II, Chapter 6, §12)

8. **Justice (δικαιοσύνη)**
   - **Reason for Selection**: Justice is a key virtue that involves treating others fairly and equitably, which is central to moral responsibility.
   - **Specific Use**: ""Justice is the virtue in accord with which the just person is said to do what is just in accord with his decision, distributing good things and bad, both between himself and others and between others."" (Book V, Chapter 17, §17)

9. **Injustice (ἀδικία)**
   - **Reason for Selection**: Injustice is the opposite of justice and involves treating others unfairly, which is the basis for moral blame.
   - **Specific Use**: ""Injustice is excess and deﬁciency because it is about excess and deﬁciency. The unjust person awards himself an excess of what is beneﬁcial without qualiﬁcation, and a deﬁciency of what is harmful."" (Book V, Chapter 8, §18)

10. **Moral Luck (τυχή)**
    - **Reason for Selection**: Aristotle acknowledges the role of external circumstances and luck in moral responsibility, which can affect an agent's ability to act virtuously.
    - **Specific Use**: ""It is not surprising, then, that we regard neither ox nor horse nor any other kind of animal as happy; for none of them can share in this sort of activity."" (Book X, Chapter 8, §9)

These concepts are central to Aristotle's theory of moral responsibility, as they outline the criteria for determining when an agent is morally responsible for their actions.",N/A,N/A,0,Query 3/5,0.00
0.5,0.77,50,0.6,🇪🇺 Mistral-API,"Here are the 10 most prominent concepts describing criteria for moral responsibility in the uploaded document, along with explanations of their significance and specific uses:

1. **Voluntary Action (ἑκούσιον)**
   - **Reason for Selection**: Aristotle emphasizes the distinction between voluntary and involuntary actions as foundational for moral responsibility. He argues that actions done voluntarily are the basis for praise or blame.
   - **Specific Use**: ""An act of injustice and a just act are defined by the voluntary and the involuntary. For when the action is voluntary, the agent is blamed, and thereby also it is an act of injustice."" (Book V, Chapter 8, §2)

2. **Involuntary Action (ἀκούσιον)**
   - **Reason for Selection**: Involuntary actions are those done under compulsion or ignorance, which mitigate or negate moral responsibility.
   - **Specific Use**: ""What is forced has an external principle, the sort of principle in which the agent, or rather the victim, contributes nothing."" (Book III, Chapter 1, §3)

3. **Decision (προαίρεσις, prohairesis)**
   - **Reason for Selection**: Decision is central to Aristotle's account of voluntary action and moral responsibility, as it involves deliberation and choice.
   - **Specific Use**: ""The incontinent person is like a city that votes for all the right decrees and has excellent laws, but does not apply them."" (Book VII, Chapter 1, §4)

4. **Ignorance (ἀγνοία, agnoia)**
   - **Reason for Selection**: Ignorance is a key factor in determining whether an action is involuntary and thus not subject to moral responsibility.
   - **Specific Use**: ""Actions are involuntary, then, if they are done in ignorance; or they are not done in ignorance, but they are not up to the agent."" (Book III, Chapter 1, §3)

5. **Pleasure and Pain (ἡδονή και λύπη, hēdonē kai lupē)**
   - **Reason for Selection**: Aristotle discusses how pleasure and pain influence moral character and actions, affecting moral responsibility.
   - **Specific Use**: ""Virtue of character is about pleasures and pains. For it is hard work to be excellent."" (Book II, Chapter 6, §10)

6. **Virtue (ἀρετή, aretē)**
   - **Reason for Selection**: Virtue is the disposition to act in accordance with reason, making one morally responsible for one's actions.
   - **Specific Use**: ""Virtue is a state that makes a human being good and makes him perform his function well."" (Book II, Chapter 6, §3)

7. **Vice (κακία, kakia)**
   - **Reason for Selection**: Vice is the opposite of virtue and leads to morally blameworthy actions, making one morally responsible for one's actions.
   - **Specific Use**: ""Virtue is a mean, not as the other virtues are, but insofar as it aims at the intermediate condition in feelings and actions."" (Book V, Chapter 1, §17)

8. **Justice (δικαιοσύνη, dikaiosynē)**
   - **Reason for Selection**: Justice is a key virtue that involves fairness and equality, making one morally responsible for one's actions.
   - **Specific Use**: ""Justice is a mean, not as the other virtues are, but because it is about an intermediate condition, whereas injustice is about the extremes."" (Book V, Chapter 1, §17)

9. **Injustice (ἀδικία, adikia)**
   - **Reason for Selection**: Injustice is the opposite of justice and leads to morally blameworthy actions, making one morally responsible for one's actions.
   - **Specific Use**: ""Injustice is excess and deﬁciency because it is about excess and deﬁciency."" (Book V, Chapter 1, §18)

10. **Moral Responsibility (ἐγκλημα, enklema)**
   - **Reason for Selection**: Moral responsibility is the central theme of the document, as Aristotle explores the conditions under which individuals are morally responsible for their actions.
   - **Specific Use**: ""Virtue, then, is a mean, insofar as it aims at what is intermediate."" (Book II, Chapter 6, §13)

These concepts are central to Aristotle's exploration of moral responsibility in the *Nicomachean Ethics*, providing a framework for understanding the conditions under which individuals are morally responsible for their actions.",N/A,N/A,0,Query 4/5,0.00
0.5,0.99,50,0.6,🇪🇺 Mistral-API,"Here are the 10 most prominent concepts describing criteria for moral responsibility in Aristotle's *Nicomachean Ethics*, along with their specific uses and explanations:

1. **Voluntary Action (ἑκούσιον)**
   - **Use**: Aristotle distinguishes between voluntary and involuntary actions to determine moral responsibility. Voluntary actions are those performed with knowledge and deliberate choice, making the agent morally responsible.
   - **Example**: ""An act of injustice and a just act are defined by the voluntary and the involuntary. For when the action is voluntary, the agent is blamed, and thereby also it is an act of injustice."" (Book V, Chapter 8, §2)

2. **Involuntary Action (ἀκούσιον)**
   - **Use**: Involuntary actions are those performed under compulsion or ignorance, which may mitigate or absolve moral responsibility.
   - **Example**: ""Actions are involuntary, then, if they are done in ignorance; or they are not done in ignorance, but they are not up to the agent; or they are done by force."" (Book III, Chapter 1, §3)

3. **Knowledge (ἐπιστήμη)**
   - **Use**: Knowledge of the particulars of an action is crucial for moral responsibility. Ignorance of key details (e.g., who one is harming) can render an action involuntary.
   - **Example**: ""The answer to our question is also evident from our account. For we have said that happiness is a certain sort of activity of the soul in accord with virtue. Of the other goods, some are necessary conditions of happiness, while others are naturally useful and co-operative as instruments."" (Book I, Chapter 7, §7)

4. **Decision (πρόαιρεσις)**
   - **Use**: Moral responsibility is tied to the agent's decision-making process, which must be free from external compulsion or ignorance.
   - **Example**: ""The incontinent person is like a city that votes for all the right decrees and has excellent laws, but does not apply them, as in Anaxandrides’ taunt, ‘The city willed it, that cares nothing for laws.’"" (Book VII, Chapter 1, §4)

5. **Virtue (ἀρετή)**
   - **Use**: Virtue is a disposition to act in accordance with reason and the mean, making the virtuous person morally responsible for their actions.
   - **Example**: ""Virtue, then, is a state that makes a human being good and makes him perform his function well."" (Book II, Chapter 6, §3)

6. **Vice (κακία)**
   - **Use**: Vice is a disposition to act contrary to reason and the mean, rendering the vicious person morally responsible for their harmful actions.
   - **Example**: ""Virtue, then, is a mean, insofar as it aims at what is intermediate. Vice, by contrast, is an excess or deﬁciency in feelings and actions."" (Book II, Chapter 6, §13)

7. **Pleasure and Pain (ἡδονή και λύπη)**
   - **Use**: Pleasure and pain influence moral responsibility by affecting the agent's ability to act virtuously or viciously.
   - **Example**: ""The temperate person has an intermediate state in relation to these [bodily pleasures]. For he finds no pleasure in what most pleases the intemperate person, but finds it disagreeable; he finds no pleasure at all in the wrong things."" (Book III, Chapter 10, §8)

8. **Habituation (ἔθος)**
   - **Use**: Moral responsibility is shaped by habituation, as repeated actions form character and dispositions.
   - **Example**: ""Virtue of character results from habit, hence its name ‘ethical’, slightly varied from ‘ethos’."" (Book II, Chapter 1, §2)

9. **Justice (δικαιοσύνη)**
   - **Use**: Justice is a virtue that ensures fairness in actions and distributions, making the just person morally responsible for equitable behavior.
   - **Example**: ""Justice is a mean, not as the other virtues are, but because it is about an intermediate condition, whereas injustice is about the extremes."" (Book V, Chapter 4, §17)

10. **Injustice (ἀδικία)**
    - **Use**: Injustice is a vice that involves unfair actions, rendering the unjust person morally responsible for harmful or exploitative behavior.
    - **Example**: ""Injustice is excess and deﬁciency because it is about excess and deﬁciency. The unjust person awards himself an excess of what is beneﬁcial without qualiﬁcation, and a deﬁciency of what is harmful."" (Book V, Chapter 4, §18)

These concepts are central to Aristotle's account of moral responsibility, as they delineate the conditions under which agents are held accountable for their actions.",N/A,N/A,0,Query 5/5,0.00
