Temperature,Top-p,Top-k,BM25 Weight,Model,Main Answer,Input Tokens,Output Tokens,Conversation History,Progress,Elapsed Time (s)
0.5,0.95,1,0.6,🇪🇺 Mistral-API,"Here are the 10 most prominent concepts describing criteria for moral responsibility in the uploaded document, along with their specific uses and reasons for selection:

1. **Voluntary Action**
   - **Specific Use**: Aristotle discusses voluntary action in Book III, Chapter 1, where he defines it as actions done with knowledge and control over the circumstances. He contrasts it with involuntary actions, which are done under compulsion or ignorance.
   - **Reason for Selection**: This concept is fundamental to moral responsibility, as it distinguishes actions for which an individual can be held accountable from those they are not.

2. **Involuntary Action**
   - **Specific Use**: In Book III, Chapter 1, Aristotle defines involuntary actions as those done under compulsion or ignorance. He further subdivides them into actions done by force and actions done by ignorance.
   - **Reason for Selection**: Understanding involuntary actions is crucial for determining when an individual should not be held morally responsible.

3. **Virtue**
   - **Specific Use**: Aristotle defines virtue as a mean between excess and deficiency in feelings and actions. He discusses various virtues such as courage, temperance, and justice in Books II and III.
   - **Reason for Selection**: Virtue is central to Aristotle's ethics, as it represents the ideal state of character that individuals should strive for, making them morally responsible agents.

4. **Vice**
   - **Specific Use**: Aristotle contrasts vice with virtue, describing it as a state of excess or deficiency in feelings and actions. He discusses vices such as cowardice, intemperance, and injustice.
   - **Reason for Selection**: Understanding vice helps in identifying the moral failings that individuals should avoid, contributing to their moral responsibility.

5. **Justice**
   - **Specific Use**: Aristotle explores justice in Book V, defining it as a mean between excess and deficiency in the distribution of goods and honors. He distinguishes between general justice and special justice.
   - **Reason for Selection**: Justice is a key concept in moral responsibility, as it involves fairness and equity in social interactions.

6. **Injustice**
   - **Specific Use**: Aristotle defines injustice as the opposite of justice, involving excess or deficiency in the distribution of goods and honors. He discusses different types of injustice, such as special injustice and general injustice.
   - **Reason for Selection**: Understanding injustice helps in identifying the moral failings that individuals should avoid, contributing to their moral responsibility.

7. **Pleasure and Pain**
   - **Specific Use**: Aristotle discusses the role of pleasure and pain in moral responsibility, arguing that virtuous individuals experience pleasure in virtuous actions and pain in vicious actions.
   - **Reason for Selection**: Pleasure and pain are central to moral responsibility, as they influence an individual's actions and decisions.

8. **Habituation**
   - **Specific Use**: Aristotle emphasizes the importance of habituation in the development of moral character. He argues that repeated actions lead to the formation of habits, which in turn shape an individual's moral character.
   - **Reason for Selection**: Habituation is crucial for understanding how moral responsibility is developed over time through repeated actions.

9. **Decision (Prohairesis)**
   - **Specific Use**: Aristotle discusses decision as the rational choice of actions based on deliberation. He argues that moral responsibility involves making decisions that align with virtue.
   - **Reason for Selection**: Decision is fundamental to moral responsibility, as it involves the conscious choice to act in a certain way.

10. **Practical Wisdom (Phronesis)**
    - **Specific Use**: Aristotle defines practical wisdom as the ability to make good decisions about actions that lead to a virtuous life. He discusses it in Book VI, emphasizing its role in moral responsibility.
    - **Reason for Selection**: Practical wisdom is essential for moral responsibility, as it involves the ability to make sound judgments about moral actions.

These concepts are selected because they are central to Aristotle's discussion of moral responsibility in the *Nicomachean Ethics*. They provide a comprehensive framework for understanding the criteria by which individuals are held morally accountable for their actions.",N/A,N/A,0,Query 1/5,0.00
0.5,0.95,25,0.6,🇪🇺 Mistral-API,"Here are the 10 most prominent concepts describing criteria for moral responsibility in Aristotle's *Nicomachean Ethics*, along with their specific uses and explanations:

1. **Voluntary Action (ἑκούσιον)**
   - **Use**: Aristotle distinguishes between voluntary and involuntary actions, emphasizing that moral responsibility hinges on voluntary actions. He defines voluntary actions as those performed with knowledge and control over the circumstances (Book III, Chapter 1).
   - **Reason for Selection**: This concept is foundational for moral responsibility, as it sets the stage for determining when an agent can be held accountable for their actions.

2. **Involuntary Action (ἀκούσιον)**
   - **Use**: Involuntary actions are those performed under compulsion or ignorance, where the agent lacks control or knowledge. Aristotle argues that such actions do not warrant moral blame (Book III, Chapter 1).
   - **Reason for Selection**: Understanding involuntary actions is crucial for delineating the boundaries of moral responsibility.

3. **Knowledge (ἐπιστήμη)**
   - **Use**: Knowledge is essential for voluntary action. Aristotle states that an action is voluntary only if the agent knows what they are doing and the circumstances (Book III, Chapter 1).
   - **Reason for Selection**: Knowledge is a key criterion for moral responsibility, as it determines the agent's capacity to act with intention and awareness.

4. **Ignorance (ἄγνοια)**
   - **Use**: Ignorance can mitigate moral responsibility. Aristotle distinguishes between ignorance of the universal (which is blameworthy) and ignorance of the particular (which may be excusable) (Book III, Chapter 1).
   - **Reason for Selection**: Ignorance is a critical factor in assessing moral responsibility, as it affects the agent's ability to act knowingly.

5. **Choice (προαίρεσις)**
   - **Use**: Choice is a deliberate decision to act in a certain way, involving deliberation and intention. Aristotle argues that moral responsibility requires choice (Book III, Chapter 3).
   - **Reason for Selection**: Choice is central to moral responsibility, as it reflects the agent's autonomy and deliberative capacity.

6. **Virtue (ἀρετή)**
   - **Use**: Virtue is a disposition to act in accordance with reason and the mean. Aristotle argues that virtuous actions are those performed with knowledge and choice (Book II, Chapter 6).
   - **Reason for Selection**: Virtue is a key criterion for moral responsibility, as it defines the standards of good character and action.

7. **Vice (κακία)**
   - **Use**: Vice is a disposition to act contrary to reason and the mean. Aristotle argues that vicious actions are those performed with knowledge and choice but in a morally flawed manner (Book II, Chapter 6).
   - **Reason for Selection**: Vice is essential for understanding moral responsibility, as it highlights the contrast with virtuous actions.

8. **Pleasure and Pain (ἡδονή και λύπη)**
   - **Use**: Pleasure and pain influence moral actions. Aristotle argues that the virtuous person acts for the sake of the noble, not merely for pleasure or to avoid pain (Book II, Chapter 3).
   - **Reason for Selection**: Pleasure and pain are important for assessing moral responsibility, as they can motivate or deter actions.

9. **Habituation (ἔθος)**
   - **Use**: Habituation is the process of forming virtuous or vicious habits through repeated actions. Aristotle argues that moral responsibility is shaped by habituation (Book II, Chapter 1).
   - **Reason for Selection**: Habituation is crucial for understanding how moral character is developed and how responsibility is cultivated.

10. **Justice (δικαιοσύνη)**
    - **Use**: Justice is the virtue that ensures fair distribution and rectification in social interactions. Aristotle argues that justice is essential for moral responsibility in a community (Book V, Chapter 1).
    - **Reason for Selection**: Justice is a fundamental criterion for moral responsibility, as it governs the fair treatment of individuals and the maintenance of social order.

These concepts are central to Aristotle's framework for moral responsibility, as they address the key elements of voluntary action, knowledge, choice, character, and social justice.",N/A,N/A,0,Query 2/5,0.00
0.5,0.95,50,0.6,🇪🇺 Mistral-API,"Here are the 10 most prominent concepts describing criteria for moral responsibility in Aristotle's *Nicomachean Ethics*, along with explanations of their significance and specific uses in the text:

1. **Voluntary Action (ἑκούσιον)**
   - **Reason for Selection**: Aristotle distinguishes between voluntary and involuntary actions to determine moral responsibility. Voluntary actions are those performed with knowledge and choice, making the agent morally responsible.
   - **Specific Use**: ""An act of injustice and a just act are defined by the voluntary and the involuntary. For when the action is voluntary, the agent is blamed, and thereby also it is an act of injustice"" (Book V, Chapter 8, §2).

2. **Involuntary Action (ἀκούσιον)**
   - **Reason for Selection**: Involuntary actions are those performed under compulsion or ignorance, which may mitigate or negate moral responsibility.
   - **Specific Use**: ""Actions are involuntary, then, if they are done in ignorance; or they are not done in ignorance, but they are not up to the agent; or they are done by force"" (Book III, Chapter 1, §3).

3. **Knowledge (ἐπιστήμη)**
   - **Reason for Selection**: Knowledge is crucial for distinguishing between voluntary and involuntary actions, as ignorance can excuse certain actions.
   - **Specific Use**: ""If someone’s error is not only committed in ignorance, but also caused by ignorance, it is to be pardoned. But if, though committed in ignorance, it is caused not by ignorance but by some feeling that is neither natural nor human, it is not to be pardoned"" (Book V, Chapter 9, §12).

4. **Decision (πρόαιρεσις)**
   - **Reason for Selection**: Decision-making is central to moral responsibility, as it reflects the agent's choice and intention.
   - **Specific Use**: ""The incontinent person is like a city that votes for all the right decrees and has excellent laws, but does not apply them, as in Anaxandrides’ taunt, ‘The city willed it, that cares nothing for laws’"" (Book VII, Chapter 1, §4).

5. **Pleasure and Pain (ἡδονή και λύπη)**
   - **Reason for Selection**: Aristotle emphasizes the role of pleasure and pain in moral decision-making, as they can influence actions and character.
   - **Specific Use**: ""The temperate person has an intermediate state in relation to these [bodily pleasures]. For he finds no pleasure in what most pleases the intemperate person, but finds it disagreeable"" (Book III, Chapter 12, §8).

6. **Habituation (ἔθος)**
   - **Reason for Selection**: Habituation is the process by which virtues are acquired through repeated actions, shaping moral character and responsibility.
   - **Specific Use**: ""Virtue of character results from habit, hence its name ‘ethical,’ slightly varied from ‘ethos’"" (Book II, Chapter 1, §2).

7. **Virtue (ἀρετή)**
   - **Reason for Selection**: Virtue is the moral excellence that guides actions and decisions, making the virtuous person morally responsible.
   - **Specific Use**: ""Virtue, then, is a mean, insofar as it aims at what is intermediate"" (Book II, Chapter 6, §12).

8. **Vice (κακία)**
   - **Reason for Selection**: Vice is the moral failing that leads to blameworthy actions, contrasting with virtue.
   - **Specific Use**: ""Virtue of character is about pleasures and pains; and so is vice, since it is some sort of excess and deﬁciency in the same things"" (Book II, Chapter 6, §13).

9. **Justice (δικαιοσύνη)**
   - **Reason for Selection**: Justice is a key virtue that ensures fairness and equity in actions, directly tied to moral responsibility.
   - **Specific Use**: ""Justice is a mean, not as the other virtues are, but because it is about an intermediate condition, whereas injustice is about the extremes"" (Book V, Chapter 9, §17).

10. **Injustice (ἀδικία)**
    - **Reason for Selection**: Injustice represents the moral failing that leads to unfair and blameworthy actions, contrasting with justice.
    - **Specific Use**: ""Injustice is related in the same way to the unjust. What is unjust is disproportionate excess and deﬁciency in what is beneﬁcial or harmful"" (Book V, Chapter 8, §18).

These concepts are central to Aristotle's analysis of moral responsibility, as they delineate the criteria for voluntary action, knowledge, decision-making, and the development of moral character through habituation and virtue.",N/A,N/A,0,Query 3/5,0.00
0.5,0.95,75,0.6,🇪🇺 Mistral-API,"Here are the 10 most prominent concepts describing criteria for moral responsibility in the uploaded document, along with explanations of their significance and specific uses:

1. **Voluntary Action (ἑκούσιον)**
   - **Reason for Selection**: Aristotle emphasizes that moral responsibility is tied to voluntary actions, which are those performed with knowledge and intention. This is crucial for distinguishing between actions that are blameworthy and those that are excusable.
   - **Specific Use**: ""An act of injustice and a just act are defined by the voluntary and the involuntary. For when the action is voluntary, the agent is blamed, and thereby also it is an act of injustice."" (Book V, Chapter 8, §2)

2. **Involuntary Action (ἀκούσιον)**
   - **Reason for Selection**: Involuntary actions are those performed under compulsion or ignorance, which are not subject to moral blame. This concept is essential for understanding the limits of moral responsibility.
   - **Specific Use**: ""Actions are involuntary, then, if they are done in ignorance; or they are not done in ignorance, but they are not up to the agent; or they are done by force."" (Book V, Chapter 8, §3)

3. **Ignorance (ἀγνοία)**
   - **Reason for Selection**: Ignorance is a key factor in determining whether an action is voluntary or involuntary. Aristotle distinguishes between ignorance of the universal (which is blameworthy) and ignorance of the particulars (which may excuse an action).
   - **Specific Use**: ""Now certainly no one could be ignorant of all of these unless they were mad. Nor, clearly, could one be ignorant of who is doing it, since one could hardly be ignorant of oneself."" (Book V, Chapter 8, §17)

4. **Decision (πρόαιρεσις)**
   - **Reason for Selection**: Decision is the deliberate choice that precedes action, and it is a critical component of moral responsibility. Aristotle argues that actions are voluntary if they are performed with a decision.
   - **Specific Use**: ""For we are in control of actions from the beginning to the end, when we know the particulars. With states, however, we are in control of the beginning, but not of the end."" (Book III, Chapter 6, §21)

5. **Virtue (ἀρετή)**
   - **Reason for Selection**: Virtue is the disposition to act in accordance with reason and the mean, which is essential for moral responsibility. Aristotle argues that virtuous actions are those that are performed knowingly and willingly.
   - **Specific Use**: ""Virtue, then, is a mean, insofar as it aims at what is intermediate."" (Book II, Chapter 6, §13)

6. **Vice (κακία)**
   - **Reason for Selection**: Vice is the disposition to act contrary to reason and the mean, which is a key factor in moral responsibility. Aristotle argues that vicious actions are those that are performed knowingly and willingly.
   - **Specific Use**: ""For the unjust person awards himself an excess of what is beneficial without qualification, and a deficiency of what is harmful, and, speaking as a whole, he acts similarly in distributions between others, but deviates from proportion in either direction."" (Book V, Chapter 8, §18)

7. **Justice (δικαιοσύνη)**
   - **Reason for Selection**: Justice is the virtue that ensures fairness in distributions and rectifications, which is essential for moral responsibility. Aristotle argues that justice is a mean between excess and deficiency.
   - **Specific Use**: ""The just also requires at least four terms, with the same ratio between the pairs, since the people and the items involved are divided in the same way."" (Book V, Chapter 4, §10)

8. **Injustice (ἀδικία)**
   - **Reason for Selection**: Injustice is the vice that involves unfair distributions and rectifications, which is a key factor in moral responsibility. Aristotle argues that injustice is an excess or deficiency in what is beneficial or harmful.
   - **Specific Use**: ""Injustice is related in the same way to the unjust. What is unjust is disproportionate excess and deficiency in what is beneficial or harmful; hence injustice is excess and deficiency because it is about excess and deficiency."" (Book V, Chapter 8, §18)

9. **Pleasure (ἡδονή)**
   - **Reason for Selection**: Pleasure is a significant factor in moral responsibility, as it can influence actions and decisions. Aristotle argues that the pursuit of pleasure can lead to vice or virtue, depending on the circumstances.
   - **Specific Use**: ""The activities of the virtues are concerned with these means to the end."" (Book III, Chapter 5, §2)

10. **Pain (λύπη)**
    - **Reason for Selection**: Pain is another significant factor in moral responsibility, as it can influence actions and decisions. Aristotle argues that the avoidance of pain can lead to vice or virtue, depending on the circumstances.
    - **Specific Use**: ""The activities of the virtues are concerned with these means to the end."" (Book III, Chapter 5, §2)

These concepts are central to Aristotle's account of moral responsibility, as they provide the criteria for distinguishing between actions that are subject to moral blame and those that are excusable.",N/A,N/A,0,Query 4/5,0.00
0.5,0.95,100,0.6,🇪🇺 Mistral-API,"Here are the 10 most prominent concepts describing criteria for moral responsibility in the uploaded document, along with explanations of their significance and specific uses:

1. **Voluntary Action**
   - **Reason for Selection**: Aristotle emphasizes the distinction between voluntary and involuntary actions as foundational for moral responsibility. He argues that actions done voluntarily are subject to praise or blame, while involuntary actions are excused.
   - **Specific Use**: In Book III, Chapter 1, Aristotle discusses the criteria for voluntary action, stating that actions done with knowledge and without external compulsion are voluntary and thus morally significant.

2. **Involuntary Action**
   - **Reason for Selection**: The concept of involuntary action is crucial for understanding when moral responsibility is mitigated or absent. Aristotle provides detailed criteria for what constitutes involuntary action, such as actions done under force or ignorance.
   - **Specific Use**: In Book III, Chapter 1, Aristotle defines involuntary actions as those done under force or ignorance, which are not subject to moral blame.

3. **Virtue of Character (Ethical Virtue)**
   - **Reason for Selection**: Virtue of character is central to Aristotle's ethics, as it determines the moral character of an individual and their capacity for responsible action. Virtues are habits that enable individuals to act in accordance with reason and moral principles.
   - **Specific Use**: In Book II, Chapter 1, Aristotle explains that virtues of character are acquired through habituation and are essential for moral responsibility, as they guide actions towards the mean.

4. **Vice**
   - **Reason for Selection**: Vice represents the opposite of virtue and is a key concept in understanding moral responsibility. Aristotle discusses how vices lead to morally blameworthy actions and undermine the capacity for responsible behavior.
   - **Specific Use**: In Book III, Chapter 6, Aristotle contrasts virtue with vice, highlighting how vices such as intemperance and cowardice lead to morally irresponsible actions.

5. **Pleasure and Pain**
   - **Reason for Selection**: Aristotle argues that the regulation of pleasure and pain is crucial for moral responsibility. Virtue involves the proper management of these emotions, while vice involves their excess or deficiency.
   - **Specific Use**: In Book II, Chapter 3, Aristotle discusses how the virtuous person experiences pleasure and pain in the right way, which is essential for moral responsibility.

6. **Decision (Prohairesis)**
   - **Reason for Selection**: Decision is a critical component of moral responsibility, as it involves the deliberate choice to act in a certain way. Aristotle emphasizes the importance of decision in determining moral responsibility.
   - **Specific Use**: In Book III, Chapter 3, Aristotle defines decision as the deliberate choice that precedes action, which is essential for moral responsibility.

7. **Ignorance**
   - **Reason for Selection**: Ignorance is a key factor in determining moral responsibility. Aristotle distinguishes between different types of ignorance and their implications for moral blame.
   - **Specific Use**: In Book III, Chapter 1, Aristotle discusses how ignorance of particulars (e.g., the circumstances of an action) can mitigate moral responsibility, while ignorance of universal principles (e.g., moral laws) does not.

8. **Force (Compulsion)**
   - **Reason for Selection**: Force or compulsion is another factor that can mitigate moral responsibility. Aristotle provides criteria for when an action is considered forced and thus not subject to moral blame.
   - **Specific Use**: In Book III, Chapter 1, Aristotle argues that actions done under force, where the agent contributes nothing, are involuntary and thus not morally blameworthy.

9. **Habituation (Ethos)**
   - **Reason for Selection**: Habituation is the process through which virtues and vices are formed, making it a crucial concept for understanding moral responsibility. Aristotle emphasizes the role of habituation in shaping moral character.
   - **Specific Use**: In Book II, Chapter 1, Aristotle explains that virtues of character are acquired through habituation, which is essential for developing the capacity for responsible action.

10. **Moral Luck**
    - **Reason for Selection**: Moral luck refers to the role of external factors beyond an individual's control in determining moral responsibility. Aristotle acknowledges the influence of external circumstances on moral character and actions.
    - **Specific Use**: In Book I, Chapter 10, Aristotle discusses how external goods and misfortunes can affect moral responsibility, highlighting the role of moral luck.

These concepts are central to Aristotle's theory of moral responsibility, as they provide the framework for understanding when individuals are morally responsible for their actions and when they are not.",N/A,N/A,0,Query 5/5,0.00
