Temperature,Top-p,Top-k,BM25 Weight,Model,Main Answer,Input Tokens,Output Tokens,Conversation History,Progress,Elapsed Time (s)
0.5,0.95,50,0.0,🇪🇺 Mistral-API,"Here are the 10 most prominent concepts describing criteria for moral responsibility in the uploaded document, along with explanations of their significance and specific uses:

1. **Voluntary Action**
   - **Reason for Selection**: Aristotle emphasizes that moral responsibility hinges on voluntary actions, which are actions performed with knowledge and intention. This concept is central to his discussion of virtue and vice.
   - **Specific Use**: ""An act of injustice and a just act are defined by the voluntary and the involuntary. For when the action is voluntary, the agent is blamed, and thereby also it is an act of injustice."" (Book V, Chapter 8)

2. **Involuntary Action**
   - **Reason for Selection**: Involuntary actions are those performed under duress, ignorance, or force, and are not considered morally responsible actions.
   - **Specific Use**: ""Actions are involuntary, then, if they are done in ignorance; or they are not done in ignorance, but they are not up to the agent; or they are done by force."" (Book V, Chapter 8)

3. **Virtue of Character**
   - **Reason for Selection**: Virtue of character is the foundation of moral responsibility, as it involves the cultivation of habits that lead to virtuous actions.
   - **Specific Use**: ""Virtue, then, is of two sorts, virtue of thought and virtue of character. Virtue of thought arises and grows mostly from teaching; that is why it needs experience and time. Virtue of character results from habit."" (Book II, Chapter 1)

4. **Vice**
   - **Reason for Selection**: Vice is the opposite of virtue and represents the moral failings that lead to blameworthy actions.
   - **Specific Use**: ""Virtue, therefore, is a mean, insofar as it aims at what is intermediate. Vice, on the other hand, is an excess or deﬁciency of the same things."" (Book II, Chapter 6)

5. **Pleasure and Pain**
   - **Reason for Selection**: Aristotle discusses how pleasure and pain influence moral behavior, affecting the development of virtues and vices.
   - **Specific Use**: ""But we must take the pleasure or pain that supervenes on his actions to be a sign of the state. For if someone who abstains from bodily pleasures enjoys this abstinence itself, he is temperate; but if he is grieved by it, he is intemperate."" (Book II, Chapter 3)

6. **Decision and Choice**
   - **Reason for Selection**: Moral responsibility is linked to the capacity for decision-making and choice, which are influenced by one's character.
   - **Specific Use**: ""Now the virtues, as we say, are voluntary. For in fact we are ourselves in a way jointly responsible for our states of character, and the sort of character we have determines the sort of end we lay down."" (Book III, Chapter 6)

7. **Habituation**
   - **Reason for Selection**: Habituation is the process by which virtues and vices are formed through repeated actions, shaping moral responsibility.
   - **Specific Use**: ""Virtue of character results from habit; hence its name ‘ethical’, slightly varied from ‘ethos’."" (Book II, Chapter 1)

8. **Justice and Injustice**
   - **Reason for Selection**: Justice and injustice are central to moral responsibility, as they define the fair and unfair treatment of others.
   - **Specific Use**: ""Justice is a mean, not as the other virtues are, but because it is about an intermediate condition, whereas injustice is about the extremes."" (Book V, Chapter 4)

9. **Magnanimity**
   - **Reason for Selection**: Magnanimity represents the virtue of greatness of soul, which influences moral behavior by fostering noble actions.
   - **Specific Use**: ""The magnanimous person is concerned especially with honours and dishonours. When he receives great honours from excellent people, he will be moderately pleased, thinking he is getting what is proper to him."" (Book IV, Chapter 3)

10. **Continence and Incontinence**
    - **Reason for Selection**: Continence and incontinence describe the ability to control one's desires and actions, which is crucial for moral responsibility.
    - **Specific Use**: ""Continence is not a virtue either. It is a sort of mixed state. We will explain about it in what we say later. Now let us discuss justice."" (Book V, Chapter 1)

These concepts are pivotal in Aristotle's *Nicomachean Ethics* as they collectively form the framework for understanding moral responsibility, virtue, and vice. They illustrate how actions, decisions, and character traits contribute to one's moral standing and accountability.",N/A,N/A,0,Query 1/5,0.00
0.5,0.95,50,0.25,🇪🇺 Mistral-API,"Here are the 10 most prominent concepts describing criteria for moral responsibility in the uploaded document, along with their specific uses and reasons for selection:

1. **Voluntary Action (ἑκούσιον)**
   - **Use**: The text repeatedly emphasizes that moral responsibility is tied to voluntary actions, which are actions performed with knowledge and intention. For example, ""An act of injustice and a just act are defined by the voluntary and the involuntary"" (Book V, Chapter 8).
   - **Reason**: This concept is central to Aristotle's ethics, as it distinguishes actions that are within the agent's control from those that are not, thereby establishing the basis for moral responsibility.

2. **Involuntary Action (ἀκούσιον)**
   - **Use**: The text contrasts voluntary actions with involuntary ones, which are actions performed under compulsion or ignorance. For example, ""Actions are involuntary, then, if they are done in ignorance; or they are not done in ignorance, but they are not up to the agent"" (Book III, Chapter 1).
   - **Reason**: Understanding involuntary actions is crucial for determining when an agent is not morally responsible, as these actions are not under the agent's control.

3. **Knowledge (ἐπιστήμη)**
   - **Use**: Knowledge is frequently mentioned as a necessary condition for moral responsibility. For example, ""For when the action is voluntary, the agent is blamed, and thereby also it is an act of injustice"" (Book V, Chapter 8).
   - **Reason**: Knowledge ensures that the agent is aware of the moral implications of their actions, making them accountable for their choices.

4. **Decision (προαίρεσις)**
   - **Use**: The text highlights the role of decision in moral responsibility, as decisions reflect the agent's intentions and values. For example, ""But the actions that are naturally to be done to fulfil the decision do not belong to virtue, but to another capacity"" (Book VI, Chapter 5).
   - **Reason**: Decisions are the bridge between moral principles and actions, making them a key criterion for moral responsibility.

5. **Virtue (ἀρετή)**
   - **Use**: Virtue is presented as a disposition that enables agents to act responsibly. For example, ""Virtue, then, is a mean, insofar as it aims at what is intermediate"" (Book II, Chapter 6).
   - **Reason**: Virtue represents the moral character of the agent, which influences their actions and decisions, making it a fundamental criterion for moral responsibility.

6. **Vice (κακία)**
   - **Use**: Vice is contrasted with virtue and is associated with morally irresponsible actions. For example, ""Vice, then, is a disposition that makes the agent act in ways that are contrary to virtue"" (Book II, Chapter 6).
   - **Reason**: Understanding vice helps to identify the moral failings that lead to irresponsible actions, thereby clarifying the criteria for moral responsibility.

7. **Pleasure and Pain (ἡδονή και λύπη)**
   - **Use**: The text discusses how pleasure and pain can influence moral responsibility, as they can either reinforce virtuous behavior or lead to vice. For example, ""The temperate person has an intermediate state in relation to these bodily pleasures"" (Book III, Chapter 10).
   - **Reason**: Pleasure and pain are significant because they can either motivate responsible actions or lead to moral failings, making them relevant to the criteria for moral responsibility.

8. **Habituation (ἔθος)**
   - **Use**: Habituation is described as the process through which moral character is formed, affecting moral responsibility. For example, ""Virtue of character results from habit"" (Book II, Chapter 1).
   - **Reason**: Habituation is crucial because it shapes the agent's moral character, which in turn influences their actions and decisions, making it a key criterion for moral responsibility.

9. **Justice (δικαιοσύνη)**
   - **Use**: Justice is presented as a virtue that ensures fair and responsible actions. For example, ""Justice is a mean, not as the other virtues are, but because it is about an intermediate condition"" (Book V, Chapter 4).
   - **Reason**: Justice is central to moral responsibility because it governs the fair treatment of others, making it a fundamental criterion for evaluating moral actions.

10. **Injustice (ἀδικία)**
    - **Use**: Injustice is contrasted with justice and is associated with morally irresponsible actions. For example, ""Injustice is excess and deficiency because it is about excess and deficiency"" (Book V, Chapter 8).
    - **Reason**: Understanding injustice helps to identify the moral failings that lead to irresponsible actions, thereby clarifying the criteria for moral responsibility.

These concepts are central to Aristotle's ethical framework and provide a comprehensive set of criteria for evaluating moral responsibility. They highlight the importance of voluntary actions, knowledge, decision-making, moral character, and the influence of pleasure, pain, and habituation on moral behavior.",N/A,N/A,0,Query 2/5,0.00
0.5,0.95,50,0.5,🇪🇺 Mistral-API,"Here are the 10 most prominent concepts describing criteria for moral responsibility in the uploaded document, along with their specific uses and reasons for selection:

1. **Voluntary Action (ἑκούσιον)**
   - **Reason for Selection**: Aristotle repeatedly emphasizes the importance of voluntary action in determining moral responsibility. He states that ""virtue, then, is about feelings and actions. These receive praise or blame if they are voluntary, but pardon, sometimes even pity, if they are involuntary"" (Book III, Chapter 1). This highlights the central role of voluntariness in moral evaluation.
   - **Specific Use**: ""An act of injustice and a just act are defined by the voluntary and the involuntary. For when the action is voluntary, the agent is blamed, and thereby also it is an act of injustice"" (Book V, Chapter 8).

2. **Involuntary Action (ἀκούσιον)**
   - **Reason for Selection**: The distinction between voluntary and involuntary actions is crucial for understanding moral responsibility. Aristotle argues that involuntary actions are not subject to the same moral judgment as voluntary ones.
   - **Specific Use**: ""Actions are involuntary, then, if they are done in ignorance; or they are not done in ignorance, but they are not up to the agent; or they are done by force"" (Book III, Chapter 1).

3. **Decision (προαίρεσις)**
   - **Reason for Selection**: Decision-making is a key aspect of moral responsibility. Aristotle links moral responsibility to the capacity for deliberate choice and decision-making.
   - **Specific Use**: ""But the incontinent person does not. [[ §2  However . . . decision. ]] §3  /  He  is  not  in  the  condition  of someone who knows and is attending, / but in the condition of one asleep or drunk"" (Book VII, Chapter 1).

4. **Pleasure and Pain (ἡδονή και λύπη)**
   - **Reason for Selection**: Pleasure and pain are central to Aristotle's ethics, as they influence moral behavior and decision-making. The ability to regulate one's responses to pleasure and pain is a mark of moral virtue.
   - **Specific Use**: ""Virtue, then, is about feelings and actions, in which excess is in error and deﬁciency is blamed, whereas the intermediate condition is praised and is correct, which are both proper to virtue"" (Book II, Chapter 6).

5. **Virtue (ἀρετή)**
   - **Reason for Selection**: Virtue is the cornerstone of Aristotle's ethical theory. It is the state of character that enables individuals to act morally and be held responsible for their actions.
   - **Specific Use**: ""Virtue, then, is a mean, insofar as it aims at what is intermediate"" (Book II, Chapter 6).

6. **Vice (κακία)**
   - **Reason for Selection**: Vice is the opposite of virtue and represents the state of character that leads to immoral behavior. Understanding vice is essential for comprehending moral responsibility.
   - **Specific Use**: ""But we must recognize that what we are inquiring into is both the just without qualiﬁcation and the politically just"" (Book V, Chapter 1).

7. **Justice (δικαιοσύνη)**
   - **Reason for Selection**: Justice is a fundamental concept in moral philosophy, and Aristotle provides a detailed analysis of its nature and implications for moral responsibility.
   - **Specific Use**: ""Justice is a mean, not as the other virtues are, but because it is about an intermediate condition, whereas injustice is about the extremes"" (Book V, Chapter 1).

8. **Injustice (ἀδικία)**
   - **Reason for Selection**: Injustice is the antithesis of justice and is closely tied to moral responsibility. Aristotle explores the different forms of injustice and their implications for moral accountability.
   - **Specific Use**: ""Injustice is related in the same way to the unjust. What is unjust is disproportionate excess and deﬁciency in what is beneﬁcial or harmful"" (Book V, Chapter 8).

9. **Law (νόμος)**
   - **Reason for Selection**: Law plays a crucial role in defining and enforcing moral standards. Aristotle discusses the relationship between law and moral responsibility, emphasizing the importance of legal frameworks in moral evaluation.
   - **Specific Use**: ""The law prescribes living in accord with each virtue, and forbids living in accord with each vice"" (Book I, Chapter 10).

10. **Habituation (ἔθος)**
    - **Reason for Selection**: Habituation is the process through which moral character is formed. Aristotle argues that moral responsibility is shaped by the habits and practices individuals develop over time.
    - **Specific Use**: ""Virtue of character results from habit; hence its name ‘ethical’, slightly varied from ‘ethos’"" (Book II, Chapter 1).

These concepts are central to Aristotle's theory of moral responsibility, as they address the key elements of voluntary action, decision-making, character formation, and the moral evaluation of behavior. Each concept is supported by specific textual references that illustrate their importance in Aristotle's ethical framework.",N/A,N/A,0,Query 3/5,0.00
0.5,0.95,50,0.75,🇪🇺 Mistral-API,"Here are the 10 most prominent concepts describing criteria for moral responsibility in the uploaded document, along with explanations of their significance and specific uses:

1. **Voluntary Action (ἑκούσιον)**
   - **Reason for Selection**: Aristotle emphasizes that moral responsibility hinges on voluntary actions, which are actions performed with knowledge and intention. This concept is central to his discussion of justice and injustice.
   - **Specific Use**: In Book III, Chapter 1, Aristotle defines voluntary actions as those done with knowledge of the particulars (who, what, why, how) and without external compulsion. He contrasts this with involuntary actions, which are done under duress or ignorance.

2. **Involuntary Action (ἀκούσιον)**
   - **Reason for Selection**: Understanding involuntary actions is crucial for determining when an agent is not morally responsible. Aristotle distinguishes between actions done under force, ignorance, and actions done due to natural processes (e.g., growing old).
   - **Specific Use**: In Book III, Chapter 1, Aristotle argues that actions done under ignorance (e.g., striking someone without knowing it was your father) are involuntary and thus not morally blameworthy.

3. **Justice (δικαιοσύνη)**
   - **Reason for Selection**: Justice is a key virtue in Aristotle’s ethics, and it is closely tied to moral responsibility. He distinguishes between general justice (as a part of virtue) and special justice (distributive and corrective justice).
   - **Specific Use**: In Book V, Chapter 1, Aristotle defines justice as a mean between excess and deficiency in the distribution of honors, wealth, and other goods. He argues that justice requires proportional equality.

4. **Injustice (ἀδικία)**
   - **Reason for Selection**: Injustice is the counterpart to justice and is essential for understanding moral responsibility. Aristotle analyzes different types of injustice, including special injustice (e.g., theft, adultery) and general injustice (as a lack of virtue).
   - **Specific Use**: In Book V, Chapter 2, Aristotle distinguishes between actions done from vice (e.g., cowardice, intemperance) and actions done from injustice. He argues that injustice is a distinct vice involving the overreaching of one’s share of goods.

5. **Virtue (ἀρετή)**
   - **Reason for Selection**: Virtue is the foundation of moral responsibility in Aristotle’s ethics. He argues that virtuous actions are those done with knowledge, intention, and the right disposition.
   - **Specific Use**: In Book II, Chapter 6, Aristotle defines virtue as a mean between excess and deficiency in feelings and actions. He argues that virtuous actions are those done with the right intention, at the right time, and in the right way.

6. **Vice (κακία)**
   - **Reason for Selection**: Vice is the counterpart to virtue and is essential for understanding moral responsibility. Aristotle analyzes different types of vice, including cowardice, intemperance, and injustice.
   - **Specific Use**: In Book III, Chapter 6, Aristotle argues that vice is a voluntary condition that results from repeated bad actions. He distinguishes between actions done from vice and actions done from ignorance.

7. **Pleasure (ἡδονή) and Pain (λύπη)**
   - **Reason for Selection**: Pleasure and pain are central to Aristotle’s account of moral responsibility, as they influence our actions and dispositions. He argues that virtuous actions are those done for the sake of the actions themselves, not for pleasure or pain.
   - **Specific Use**: In Book VII, Chapter 12, Aristotle argues that pleasure is a sign of the soul’s activity and that virtuous actions are pleasant in themselves. He distinguishes between natural pleasures (e.g., those arising from virtuous actions) and unnatural pleasures (e.g., those arising from vice).

8. **Decision (πρόαιρεσις)**
   - **Reason for Selection**: Decision is a key concept in Aristotle’s account of moral responsibility. He argues that moral responsibility requires not only knowledge but also the ability to make decisions based on reason.
   - **Specific Use**: In Book III, Chapter 3, Aristotle defines decision as a deliberate choice of actions for their own sake. He argues that virtuous actions are those done with the right decision, based on reason and virtue.

9. **Habituation (ἔθος)**
   - **Reason for Selection**: Habituation is the process by which virtues and vices are formed. Aristotle argues that moral responsibility requires the cultivation of good habits through repeated actions.
   - **Specific Use**: In Book II, Chapter 1, Aristotle argues that virtues are formed through habituation, i.e., by repeatedly performing virtuous actions. He distinguishes between natural virtues (e.g., courage in children) and full virtues (e.g., courage in adults).

10. **Practical Wisdom (φρόνησις)**
    - **Reason for Selection**: Practical wisdom is the intellectual virtue that guides moral responsibility. Aristotle argues that practical wisdom is necessary for making the right decisions in particular circumstances.
    - **Specific Use**: In Book VI, Chapter 5, Aristotle defines practical wisdom as the ability to deliberate well about actions and to make the right decisions based on virtue. He argues that practical wisdom is inseparable from moral virtue.

These concepts are central to Aristotle’s account of moral responsibility and are essential for understanding his broader ethical theory. They provide a framework for analyzing the conditions under which agents are morally responsible for their actions.",N/A,N/A,0,Query 4/5,0.00
0.5,0.95,50,1.0,🇪🇺 Mistral-API,"Here are the 10 most prominent concepts describing criteria for moral responsibility in the uploaded document, along with explanations of their significance and specific uses:

1. **Voluntary Action (ἑκούσιον)**
   - **Reason for Selection**: Aristotle emphasizes that moral responsibility hinges on voluntary actions, which are those performed with knowledge and intentionality. This is crucial for distinguishing between actions that are blameworthy and those that are excusable.
   - **Specific Use**: ""An act of injustice and a just act are defined by the voluntary and the involuntary. For when the action is voluntary, the agent is blamed, and thereby also it is an act of injustice"" (Book V, Chapter 8, §2).

2. **Involuntary Action (ἀκούσιον)**
   - **Reason for Selection**: Involuntary actions are those performed under compulsion or ignorance, and they are typically not considered morally responsible.
   - **Specific Use**: ""Actions are involuntary, then, if they are done in ignorance; or they are not done in ignorance, but they are not up to the agent; or they are done by force"" (Book III, Chapter 1, §3).

3. **Knowledge (ἐπιστήμη)**
   - **Reason for Selection**: Knowledge is a critical component of moral responsibility, as it determines whether an action is performed with understanding and intent.
   - **Specific Use**: ""For the unjust is unjust by nature or enactment; when this has been done, it is an act of injustice, but before it is done it is only unjust"" (Book V, Chapter 8, §3).

4. **Decision (πρόαιρεσις)**
   - **Reason for Selection**: Decision-making is central to moral responsibility, as it reflects the agent's deliberate choice to act in a certain way.
   - **Specific Use**: ""The incontinent person is like a city that votes for all the right decrees and has excellent laws, but does not apply them"" (Book VII, Chapter 1, §3).

5. **Virtue (ἀρετή)**
   - **Reason for Selection**: Virtue is the disposition to act in accordance with moral principles, making it a key criterion for moral responsibility.
   - **Specific Use**: ""Virtue, then, is a mean, insofar as it aims at what is intermediate"" (Book II, Chapter 6, §13).

6. **Vice (κακία)**
   - **Reason for Selection**: Vice represents the opposite of virtue and is associated with morally blameworthy actions.
   - **Specific Use**: ""The vices will also be voluntary, since the same is true of them"" (Book III, Chapter 6, §21).

7. **Justice (δικαιοσύνη)**
   - **Reason for Selection**: Justice is a fundamental moral virtue that ensures fairness and equity in actions, making it essential for moral responsibility.
   - **Specific Use**: ""Justice is a mean, not as the other virtues are, but insofar as it is about an intermediate condition"" (Book V, Chapter 4, §17).

8. **Injustice (ἀδικία)**
   - **Reason for Selection**: Injustice is the violation of moral principles, and understanding it helps in assessing moral responsibility.
   - **Specific Use**: ""The unjust person awards himself an excess of what is beneficial without qualification, and a deficiency of what is harmful"" (Book V, Chapter 8, §18).

9. **Pleasure and Pain (ἡδονή και λύπη)**
   - **Reason for Selection**: Pleasure and pain influence moral decisions and actions, making them relevant to moral responsibility.
   - **Specific Use**: ""The temperate person has an intermediate state in relation to these [bodily pleasures]"" (Book III, Chapter 10, §8).

10. **Habituation (ἔθος)**
    - **Reason for Selection**: Habituation is the process through which moral character is formed, affecting moral responsibility.
    - **Specific Use**: ""Virtue results from habit, which is why its name ‘ethical’ is slightly varied from ‘ethos’"" (Book II, Chapter 1, §2).

These concepts are central to Aristotle's discussion of moral responsibility, as they outline the conditions under which individuals can be held accountable for their actions.",N/A,N/A,0,Query 5/5,0.00
