Temperature,Top P,Top K,BM25 Weight,Extracted Concepts
0.1,0.95,50,0.6,"Autonomy of the Will [#800000], Categorical Imperative [#FF8C00], Duty (Pflicht) [#228B22], Good Will (Guter Wille) [#800000], Respect for the Moral Law (Achtung) [#800000], Maxims (Maxime) [#9932CC], Heteronomy vs Autonomy [#800000], Kingdom of Ends (Reich der Zwecke) [#800000], Moral Feeling (Moralgefühl) [#FFD700], Freedom of the Will (Willensfreiheit) [#800000]"
0.33,0.95,50,0.6,"Autonomy of the Will [#800000], Categorical Imperative [#FF8C00], Duty (Pflicht) [#228B22], Respect for the Moral Law [#800000], Good Will (Guter Wille) [#800000], Maxim [#2E8B57], Heteronomy vs Autonomy [#800000], Kingdom of Ends [#800000], Moral Law (Sittengesetz) [#FFD700], Freedom of the Will [#800000]"
0.55,0.95,50,0.6,"Good Will [#800000], Duty (Pflicht) [#228B22], Autonomy of the Will [#800000], Categorical Imperative [#FF8C00], Respect for the Moral Law [#800000], Maxims [#9932CC], Heteronomy vs Autonomy [#800000], Moral Worth [#FFD700], Kingdom of Ends [#800000], Freedom of the Will [#800000]"
0.78,0.95,50,0.6,"Good Will [#800000], Duty [#228B22], Autonomy of the Will [#800000], Categorical Imperative [#FF8C00], Respect for the Moral Law [#800000], Maxims [#9932CC], Heteronomy vs Autonomy [#800000], Moral Worth [#FFD700], Kingdom of Ends [#800000], Freedom of the Will [#800000]"
1.0,0.95,50,0.6,"Good Will (Guter Wille) [#800000], Duty (Pflicht) [#228B22], Categorical Imperative (Kategorischer Imperativ) [#FF8C00], Autonomy of the Will (Autonomie des Willens) [#800000], Respect (Achtung) [#556B2F], Maxims (Maximen) [#9932CC], Heteronomy vs Autonomy (Heteronomie vs Autonomie) [#800000], Moral Law (Sittengesetz) [#FFD700], Kingdom of Ends (Reich der Zwecke) [#800000], Freedom (Freiheit) [#8B008B]"
0.5,0.1,50,0.6,"Good Will [#800000], Duty [#228B22], Categorical Imperative [#FF8C00], Autonomy of the Will [#800000], Respect for the Moral Law [#800000], Maxims [#9932CC], Moral Worth [#FFD700], Heteronomy vs Autonomy [#800000], Kingdom of Ends [#800000], Moral Necessity [#FFD700]"
0.5,0.32,50,0.6,"Good Will [#800000], Duty (Pflicht) [#228B22], Autonomy of the Will [#800000], Categorical Imperative [#FF8C00], Respect for the Moral Law [#800000], Heteronomy vs Autonomy [#800000], Kingdom of Ends [#800000], Maxims [#9932CC], Moral Worth [#FFD700], Freedom of the Will [#800000]"
0.5,0.55,50,0.6,"Good Will [#800000], Duty [#228B22], Autonomy of the Will [#800000], Categorical Imperative [#FF8C00], Respect for the Moral Law [#800000], Freedom of the Will [#800000], Maxims [#9932CC], Heteronomy vs Autonomy [#800000], Moral Worth [#FFD700], Kingdom of Ends [#800000]"
0.5,0.77,50,0.6,"Good Will [#800000], Duty [#228B22], Categorical Imperative [#FF8C00], Autonomy of the Will [#800000], Respect for the Moral Law [#800000], Kingdom of Ends [#800000], Freedom of the Will [#800000], Maxims of Action [#800000], Moral Necessity (Ought) [#FFD700], Dignity of Rational Beings [#800000]"
0.5,0.99,50,0.6,"Good Will [#800000], Duty [#228B22], Autonomy of the Will [#800000], Categorical Imperative [#FF8C00], Respect for the Moral Law [#800000], Moral Worth [#FFD700], Heteronomy vs Autonomy [#800000], Kingdom of Ends [#800000], Freedom of the Will [#800000], Maxims [#9932CC]"
0.5,0.95,1,0.6,"Good Will [#800000], Duty [#228B22], Categorical Imperative [#FF8C00], Autonomy of the Will [#800000], Respect for the Moral Law [#800000], Maxim [#2E8B57], Heteronomy vs Autonomy [#800000], Moral Worth [#FFD700], Kingdom of Ends [#800000], Freedom of the Will [#800000]"
0.5,0.95,25,0.6,"Good Will [#800000], Duty [#228B22], Autonomy of the Will [#800000], Categorical Imperative [#FF8C00], Respect for the Moral Law [#800000], Freedom of the Will [#800000], Maxims [#9932CC], Kingdom of Ends [#800000], Moral Worth [#FFD700], Heteronomy vs Autonomy [#800000]"
0.5,0.95,50,0.6,"Good Will [#800000], Duty [#228B22], Autonomy of the Will [#800000], Categorical Imperative [#FF8C00], Respect for the Law [#800000], Maxims [#9932CC], Moral Law [#FFD700], Freedom of the Will [#800000], Kingdom of Ends [#800000], Dignity of Rational Beings [#800000]"
0.5,0.95,75,0.6,"Good Will (Guter Wille) [#800000], Duty (Pflicht) [#228B22], Autonomy of the Will (Autonomie des Willens) [#800000], Categorical Imperative (Kategorischer Imperativ) [#FF8C00], Respect for the Law (Achtung für das Gesetz) [#800000], Maxim (Maxime) [#2E8B57], Moral Law (Sittengesetz) [#FFD700], Freedom (Freiheit) [#8B008B], Heteronomy (Heteronomie) [#A0522D], Kingdom of Ends (Reich der Zwecke) [#800000]"
0.5,0.95,100,0.6,"Good Will [#800000], Duty [#228B22], Categorical Imperative [#FF8C00], Autonomy of the Will [#800000], Respect for the Moral Law [#800000], Maxims [#9932CC], Heteronomy vs Autonomy [#800000], Moral Worth [#FFD700], Kingdom of Ends [#800000], Freedom of the Will [#800000]"
0.5,0.95,50,0.0,"Good Will [#800000], Duty [#228B22], Autonomy of the Will [#800000], Categorical Imperative [#FF8C00], Maxims [#9932CC], Respect for the Moral Law [#800000], Kingdom of Ends [#800000], Heteronomy vs Autonomy [#800000], Moral Worth [#FFD700], Freedom of the Will [#800000]"
0.5,0.95,50,0.25,"Good Will [#800000], Duty (Pflicht) [#228B22], Autonomy of the Will (Autonomie der Willkür) [#800000], Categorical Imperative [#FF8C00], Respect for the Moral Law (Achtung) [#800000], Maxims (Maximen) [#9932CC], Moral Law (Sittengesetz) [#FFD700], Freedom of the Will (Freiheit der Willkür) [#800000], Kingdom of Ends (Reich der Zwecke) [#800000], Heteronomy vs Autonomy [#800000]"
0.5,0.95,50,0.5,"Good Will [#800000], Duty [#228B22], Autonomy of the Will [#800000], Categorical Imperative [#FF8C00], Respect for the Moral Law [#800000], Maxims [#9932CC], Heteronomy vs Autonomy [#800000], Moral Worth [#FFD700], Kingdom of Ends [#800000], Freedom of the Will [#800000]"
0.5,0.95,50,0.75,"Good Will [#800000], Duty [#228B22], Categorical Imperative [#FF8C00], Autonomy of the Will [#800000], Respect for the Moral Law [#800000], Maxims [#9932CC], Moral Worth [#FFD700], Freedom of the Will [#800000], Kingdom of Ends [#800000], Heteronomy vs Autonomy [#800000]"
0.5,0.95,50,1.0,"Good Will [#800000], Duty [#228B22], Autonomy of the Will [#800000], Categorical Imperative [#FF8C00], Respect for the Moral Law [#800000], Maxims [#9932CC], Heteronomy vs Autonomy [#800000], Moral Worth [#FFD700], Kingdom of Ends [#800000], Freedom of the Will [#800000]"
