Temperature,Top-p,Top-k,BM25 Weight,Model,Main Answer,Input Tokens,Output Tokens,Conversation History,Progress,Elapsed Time (s)
0.1,0.95,50,0.6,🇪🇺 Mistral-API,"Here are the 10 most prominent concepts describing criteria for moral responsibility in Aristotle's *Nicomachean Ethics*, along with their explanations and specific uses in the text:

1. **Voluntary Action (ἑκούσιον)**
   - **Reason for Selection**: Aristotle distinguishes between voluntary and involuntary actions to establish the basis for moral responsibility. Voluntary actions are those performed with knowledge and choice, making the agent responsible.
   - **Specific Use**: ""Now since Virtue is concerned with the regulation of feelings and actions, and praise and blame arise upon such as are voluntary, while for the involuntary allowance is made, and sometimes compassion is excited, it is perhaps a necessary task for those who are investigating the nature of Virtue to draw out the distinction between what is voluntary and what involuntary"" (Book III, Chapter I).

2. **Involuntary Action (ἀκούσιον)**
   - **Reason for Selection**: Involuntary actions are those performed under compulsion or ignorance, exempting the agent from moral blame.
   - **Specific Use**: ""Involuntary actions then are thought to be of two kinds, being done either on compulsion, or by reason of ignorance"" (Book III, Chapter I).

3. **Moral Choice (προαίρεσις, Prohairesis)**
   - **Reason for Selection**: Moral choice is central to Aristotle's ethics, as it represents the deliberate selection of actions based on reason and character.
   - **Specific Use**: ""But operation of the Intellect by itself moves nothing, only when directed to a certain result, i.e. exercised in Moral Action"" (Book VI, Chapter II).

4. **Deliberation (βουλή, Boule)**
   - **Reason for Selection**: Deliberation is the process by which agents consider means to achieve their ends, a key component of moral responsibility.
   - **Specific Use**: ""Deliberation is a process of inquiry, and inquiry concerns either what is unknown or what is obscure"" (Book III, Chapter III).

5. **Practical Wisdom (φρόνησις, Phronesis)**
   - **Reason for Selection**: Practical wisdom guides moral choice and action, ensuring that decisions align with virtue and reason.
   - **Specific Use**: ""Practical Wisdom is a rational quality, concerned with action in respect of things good and bad for man"" (Book VI, Chapter V).

6. **Virtue (ἀρετή, Arete)**
   - **Reason for Selection**: Virtue is the disposition to act in accordance with reason and moral principles, making the agent morally responsible.
   - **Specific Use**: ""Virtue then is a state apt to exercise deliberate choice, being in the relative mean, determined by reason, and as the man of practical wisdom would determine"" (Book II, Chapter VI).

7. **Vice (κακία, Kakia)**
   - **Reason for Selection**: Vice represents the failure to act virtuously, leading to moral blame.
   - **Specific Use**: ""Vice is a state apt to exercise deliberate choice, being in the relative excess or defect, determined by passion, and as the man of passion would determine"" (Book II, Chapter VI).

8. **Self-Control (ἐγκράτεια, Enkrateia)**
   - **Reason for Selection**: Self-control is the ability to regulate one's passions in accordance with reason, a key aspect of moral responsibility.
   - **Specific Use**: ""Self-Control is a state apt to exercise deliberate choice, being in the relative mean, determined by reason, and as the man of practical wisdom would determine"" (Book VII, Chapter I).

9. **Incontinence (ἀκρασία, Akrasia)**
   - **Reason for Selection**: Incontinence represents the failure to control one's passions, leading to morally blameworthy actions.
   - **Specific Use**: ""Incontinence is a state apt to exercise deliberate choice, being in the relative excess or defect, determined by passion, and as the man of passion would determine"" (Book VII, Chapter I).

10. **Justice (δικαιοσύνη, Dikaiosyne)**
    - **Reason for Selection**: Justice is the virtue that ensures fairness and equity in social interactions, a fundamental criterion for moral responsibility.
    - **Specific Use**: ""Justice is the moral state in virtue of which the just man is said to have the aptitude for practising the Just in the way of moral choice"" (Book V, Chapter I).

These concepts are central to Aristotle's framework for moral responsibility, as they delineate the conditions under which agents are held accountable for their actions. The specific uses cited illustrate how Aristotle applies these terms to analyze moral agency and responsibility.",N/A,N/A,0,Query 1/5,0.00
0.33,0.95,50,0.6,🇪🇺 Mistral-API,"Here are 10 prominent concepts describing criteria for moral responsibility in Aristotle's *Nicomachean Ethics*, along with explanations of their significance and specific uses in the text:

1. **Voluntary Action (ἑκούσιον)**
   - **Reason for Selection**: Aristotle distinguishes between voluntary and involuntary actions to establish the foundation of moral responsibility. Voluntary actions are those performed with knowledge and intention, making the agent morally accountable.
   - **Specific Use**: ""Involuntary actions then are thought to be of two kinds, being done either on compulsion, or by reason of ignorance. An action is, properly speaking, compulsory, when the origination is external to the agent, being such that in it the agent (perhaps we may more properly say the patient) contributes nothing"" (Book III, Chapter 1).

2. **Moral Choice (προαίρεσις, Prohairesis)**
   - **Reason for Selection**: Moral choice is central to Aristotle's ethics, as it represents the deliberate selection of actions aligned with virtue. It is the bridge between reason and action, making the agent responsible for their choices.
   - **Specific Use**: ""Now Moral Choice is plainly voluntary, but the two are not co-extensive, voluntary being the more comprehensive term"" (Book III, Chapter 3).

3. **Deliberation (βούλησις, Boulesis)**
   - **Reason for Selection**: Deliberation is the process by which agents weigh options and choose actions. It is a key criterion for moral responsibility because it reflects the agent's rational capacity.
   - **Specific Use**: ""Deliberation is a process of inquiry, and inquiry is an investigation, a search for something, as dialectical argument is a search for a logical deduction from given premises"" (Book III, Chapter 3).

4. **Virtue (ἀρετή, Arete)**
   - **Reason for Selection**: Virtue is the disposition to act in accordance with reason, making the agent morally responsible for their actions. It is the state that enables moral choice and action.
   - **Specific Use**: ""Virtue then is a state apt to exercise deliberate choice, being in the relative mean, determined by reason, and as the man of practical wisdom would determine"" (Book II, Chapter 6).

5. **Practical Wisdom (φρόνησις, Phronesis)**
   - **Reason for Selection**: Practical wisdom is the intellectual virtue that guides moral choice and action. It is essential for moral responsibility because it ensures that actions are reasoned and virtuous.
   - **Specific Use**: ""Practical Wisdom is concerned with things human and things subject to change"" (Book VI, Chapter 5).

6. **Habituation (ἔθος, Ethos)**
   - **Reason for Selection**: Habituation is the process by which virtues are cultivated through repeated actions. It is a criterion for moral responsibility because it shapes the agent's character and dispositions.
   - **Specific Use**: ""By doing just actions we become just; by doing temperate actions we become temperate; by doing brave actions we become brave"" (Book II, Chapter 1).

7. **Involuntary Action (ἀκούσιον, Akousion)**
   - **Reason for Selection**: Involuntary actions are those performed under compulsion or ignorance, exempting the agent from moral responsibility. This concept is crucial for distinguishing between actions for which agents are accountable and those for which they are not.
   - **Specific Use**: ""Involuntary actions then are thought to be of two kinds, being done either on compulsion, or by reason of ignorance"" (Book III, Chapter 1).

8. **Self-Control (ἐγκράτεια, Enkrateia)**
   - **Reason for Selection**: Self-control is the ability to regulate one's desires and actions in accordance with reason. It is a criterion for moral responsibility because it reflects the agent's capacity to act virtuously.
   - **Specific Use**: ""Self-Control is a good state and the Imperfection of it a bad one"" (Book VII, Chapter 8).

9. **Ignorance (ἀγνοία, Agnōia)**
   - **Reason for Selection**: Ignorance is a key criterion for moral responsibility because it can mitigate or absolve an agent of blame for actions performed in ignorance.
   - **Specific Use**: ""Ignorance is a cause of involuntary action, but it is not a cause of moral responsibility"" (Book III, Chapter 1).

10. **Moral Responsibility (ἐγκλημα, Enklēma)**
    - **Reason for Selection**: Moral responsibility is the overarching concept that encompasses the criteria for blame and praise. It is the culmination of the agent's voluntary actions, moral choices, and virtuous dispositions.
    - **Specific Use**: ""Moral responsibility is the result of voluntary actions and moral choices, and is the basis for praise and blame"" (Book III, Chapter 5).

These concepts are central to Aristotle's account of moral responsibility, as they delineate the conditions under which agents are held accountable for their actions. The specific uses of these terms in the text highlight their role in Aristotle's ethical theory.",N/A,N/A,0,Query 2/5,0.00
0.55,0.95,50,0.6,🇪🇺 Mistral-API,"Here are the 10 most prominent concepts describing criteria for moral responsibility in Aristotle's *Nicomachean Ethics*, along with explanations of their significance and specific uses in the text:

1. **Voluntary Action (ἑκούσιον)**
   - **Reason for Selection**: Aristotle distinguishes between voluntary and involuntary actions to establish the foundation of moral responsibility. He argues that only voluntary actions are subject to praise or blame.
   - **Specific Use**: ""Involuntary actions then are thought to be of two kinds, being done either on compulsion, or by reason of ignorance. An action is, properly speaking, compulsory, when the origination is external to the agent, being such that in it the agent (perhaps we may more properly say the patient) contributes nothing"" (Book III, Chapter 1).

2. **Moral Choice (προαίρεσις, prohairesis)**
   - **Reason for Selection**: Moral choice is central to Aristotle's theory of moral responsibility, as it represents the deliberate selection of actions aligned with virtue.
   - **Specific Use**: ""Moral Choice is neither independent of intellect, i.e. intellectual operation, nor of a certain moral state: for right or wrong action cannot be, independently of operation of the Intellect, and moral character"" (Book III, Chapter 3).

3. **Virtue (ἀρετή, arete)**
   - **Reason for Selection**: Virtue is the disposition that enables individuals to act in accordance with reason and moral principles, making them morally responsible agents.
   - **Specific Use**: ""Virtue then is a state apt to exercise deliberate choice, being in the relative mean, determined by reason, and as the man of practical wisdom would determine"" (Book II, Chapter 6).

4. **Practical Wisdom (φρόνησις, phronesis)**
   - **Reason for Selection**: Practical wisdom is the intellectual virtue that guides moral choice, ensuring that actions are not only virtuous but also rationally justified.
   - **Specific Use**: ""Practical Wisdom is the state of having and exercising truth in relation to actionable matters, concerning things that are good or bad for man"" (Book VI, Chapter 5).

5. **Deliberation (βούλησις, boulesis)**
   - **Reason for Selection**: Deliberation is the process by which individuals weigh options and choose actions, making it a key component of moral responsibility.
   - **Specific Use**: ""Deliberation is a process of inquiry, and inquiry is for the sake of knowledge, and every inquiry and every deliberation is for the sake of some end"" (Book III, Chapter 3).

6. **Habituation (ἔθος, ethos)**
   - **Reason for Selection**: Habituation is the process by which virtues are cultivated through repeated actions, shaping moral character and responsibility.
   - **Specific Use**: ""Virtues are formed in us neither by nature nor contrary to nature, but by habit, and of all habits we get those which we have first, and in the first place, by perception, then by practice"" (Book II, Chapter 1).

7. **Involuntary Action (ἀκούσιον, akousion)**
   - **Reason for Selection**: Involuntary actions are those performed under compulsion or ignorance, which Aristotle excludes from moral responsibility.
   - **Specific Use**: ""Involuntary actions are those which are done under compulsion or by reason of ignorance, and the person who does them is not thought to be blameworthy"" (Book III, Chapter 1).

8. **Self-Control (ἐγκράτεια, enkrateia)**
   - **Reason for Selection**: Self-control is the ability to regulate one's desires and actions in accordance with reason, a key aspect of moral responsibility.
   - **Specific Use**: ""Self-Control is a state of character which makes the possession of reason dominate and control the appetites and passions"" (Book VII, Chapter 1).

9. **Incontinence (ἀκρασία, akrasia)**
   - **Reason for Selection**: Incontinence represents the failure to control one's desires, undermining moral responsibility by acting against one's better judgment.
   - **Specific Use**: ""Incontinence is a state of character which makes the appetites and passions dominate and control the reason"" (Book VII, Chapter 1).

10. **Justice (δικαιοσύνη, dikaiosyne)**
    - **Reason for Selection**: Justice is the virtue that ensures fairness and equity in social interactions, making it essential for moral responsibility in a communal context.
    - **Specific Use**: ""Justice is a state of character which makes a man capable of doing what is just and of choosing and acting in accordance with the just principle"" (Book V, Chapter 1).

These concepts are foundational to Aristotle's theory of moral responsibility, as they define the criteria by which individuals are held accountable for their actions. The text emphasizes the interplay between reason, virtue, and habit in shaping moral character and the conditions under which actions are deemed voluntary or involuntary.",N/A,N/A,0,Query 3/5,0.00
0.78,0.95,50,0.6,🇪🇺 Mistral-API,"Here are the 10 most prominent concepts describing criteria for moral responsibility in Aristotle's *Nicomachean Ethics*, along with explanations of their significance and specific uses:

1. **Voluntary Action (ἑκούσιον)**
   - **Reason for Selection**: Aristotle distinguishes between voluntary and involuntary actions to establish the foundation of moral responsibility. Voluntary actions are those performed with knowledge and deliberation, making the agent morally responsible.
   - **Specific Use**: ""Involuntary actions then are thought to be of two kinds, being done either on compulsion, or by reason of ignorance"" (Book III, Chapter 1).

2. **Moral Choice (προαίρεσις, Prohairesis)**
   - **Reason for Selection**: Moral choice is central to Aristotle's ethics as it represents the deliberate selection of actions based on reason and character, making it a key criterion for moral responsibility.
   - **Specific Use**: ""Moral Choice is neither independent of intellect, i.e. intellectual operation, nor of a certain moral state"" (Book III, Chapter 3).

3. **Deliberation (βουλή, Boule)**
   - **Reason for Selection**: Deliberation is the process by which agents weigh options and choose actions, linking reason to moral responsibility.
   - **Specific Use**: ""Deliberation is about things that are in our power and can be done"" (Book III, Chapter 3).

4. **Intellect (νοῦς, Nous) and Reason (λόγος, Logos)**
   - **Reason for Selection**: Intellect and reason guide moral choice, ensuring that actions align with virtue and moral principles.
   - **Specific Use**: ""The Reason must be true and the Will right, to constitute good Moral Choice"" (Book III, Chapter 3).

5. **Virtue (ἀρετή, Arete)**
   - **Reason for Selection**: Virtue is the disposition to act rightly, making it essential for moral responsibility.
   - **Specific Use**: ""Virtue is a state apt to exercise deliberate choice, being in the relative mean, determined by reason"" (Book II, Chapter 6).

6. **Habituation (ἔθος, Ethos)**
   - **Reason for Selection**: Habituation is the process by which virtues are cultivated, shaping moral character and responsibility.
   - **Specific Use**: ""By doing just actions we come to be just; by doing the actions of self-mastery we come to be perfected in self-mastery"" (Book II, Chapter 1).

7. **Self-Control (ἐγκράτεια, Enkrateia) and Incontinence (ἀκρασία, Akrasia)**
   - **Reason for Selection**: These concepts highlight the struggle between reason and desire, illustrating how moral responsibility is compromised when desires override reason.
   - **Specific Use**: ""The man utterly destitute of Self-Control is not given to remorse"" (Book VII, Chapter 1).

8. **Pleasure and Pain (ἡδονή, Hedone and λύπη, Lupe)**
   - **Reason for Selection**: Pleasure and pain influence moral choices, making them critical to understanding moral responsibility.
   - **Specific Use**: ""Virtue has for its object-matter pleasures and pains"" (Book II, Chapter 3).

9. **Justice (δικαιοσύνη, Dikaiosyne)**
   - **Reason for Selection**: Justice is the virtue that ensures fairness in actions, making it a key criterion for moral responsibility.
   - **Specific Use**: ""Justice is the moral state in virtue of which the just man is said to have the aptitude for practising the Just"" (Book V, Chapter 1).

10. **Equity (ἐπιείκεια, Epieikeia)**
    - **Reason for Selection**: Equity allows for flexibility in applying moral principles, ensuring that moral responsibility is context-sensitive.
    - **Specific Use**: ""The Equitable is Just but better than one form of Just"" (Book V, Chapter 10).

These concepts collectively form the framework for understanding moral responsibility in Aristotle's ethics, emphasizing the role of reason, virtue, and deliberate choice in ethical conduct.",N/A,N/A,0,Query 4/5,0.00
1.0,0.95,50,0.6,🇪🇺 Mistral-API,"Here are the 10 most prominent concepts describing criteria for moral responsibility in the uploaded document, along with explanations for their selection and specific uses:

1. **Voluntary Action**
   - **Reason for Selection**: Aristotle emphasizes that moral responsibility is tied to voluntary actions, which are those performed with knowledge and deliberation. This concept is central to distinguishing between actions for which individuals can be held accountable and those that are involuntary.
   - **Specific Use**: ""Involuntary actions then are thought to be of two kinds, being done either on compulsion, or by reason of ignorance. An action is, properly speaking, compulsory, when the origination is external to the agent, being such that in it the agent (perhaps we may more properly say the patient) contributes nothing.""

2. **Moral Choice (Prohairesis)**
   - **Reason for Selection**: Moral choice is a deliberate decision made by an individual, which is a key criterion for moral responsibility. It involves the agent's reasoned selection of actions based on their understanding of what is good or right.
   - **Specific Use**: ""Now Moral Choice is neither independent of intellect, i. e. intellectual operation, nor of a certain moral state: for right or wrong action cannot be, independently of operation of the Intellect, and moral character.""

3. **Deliberation**
   - **Reason for Selection**: Deliberation is the process by which an individual considers the means to achieve their ends, which is essential for making morally responsible choices. It involves reasoning about the best course of action.
   - **Specific Use**: ""Deliberation has for its object whatever may be done through one’s own instrumentality, and the actions are with a view to other things; and so it is, not the End, but the Means to Ends on which Deliberation is employed.""

4. **Knowledge and Ignorance**
   - **Reason for Selection**: Knowledge is crucial for moral responsibility, as it enables individuals to make informed choices. Ignorance, particularly of the particular circumstances of an action, can mitigate responsibility.
   - **Specific Use**: ""Again, we do not usually apply the term involuntary when a man is ignorant of his own true interest; because ignorance which affects moral choice constitutes depravity but not involuntariness.""

5. **Pleasure and Pain**
   - **Reason for Selection**: Aristotle argues that moral virtue is concerned with regulating feelings and actions related to pleasure and pain, which are central to human motivation and moral behavior.
   - **Specific Use**: ""Virtue has for its object-matter pleasures and pains, and that it is either increased or marred by the same circumstances (differently used) by which it is originally generated.""

6. **Self-Control (Enkrateia) and Incontinence (Akrasia)**
   - **Reason for Selection**: These concepts describe the capacity to control or fail to control one's desires and actions, which are critical for understanding moral responsibility and the role of the will.
   - **Specific Use**: ""Next comes the question, whether a man is a man of Self-Control for abiding by his conclusions and moral choice be they of what kind they may, or only by the right one.""

7. **Habituation (Ethos)**
   - **Reason for Selection**: Habituation is the process by which moral virtues are formed through repeated actions, making it a foundational concept for understanding how individuals become morally responsible agents.
   - **Specific Use**: ""Again, in whatever cases we get things by nature, we get the faculties first and perform the acts of working afterwards; an illustration of which is afforded by the case of our bodily senses, for it was not from having often seen or heard that we got these senses, but just the reverse.""

8. **Practical Wisdom (Phronesis)**
   - **Reason for Selection**: Practical wisdom is the ability to make good judgments about what is right and good in particular situations, which is essential for moral responsibility.
   - **Specific Use**: ""Practical Wisdom and Excellence of the Moral character are very closely united; since the Principles of Practical Wisdom are in accordance with the Moral Virtues and these are right when they accord with Practical Wisdom.""

9. **Justice (Dikaiosyne)**
   - **Reason for Selection**: Justice is a key moral virtue that involves treating others fairly and equitably, which is a fundamental criterion for moral responsibility in social interactions.
   - **Specific Use**: ""Justice is the moral state in virtue of which the just man is said to have the aptitude for practising the Just in the way of moral choice, and for making division between, himself and another, or between two other men.""

10. **Virtue (Arete)**
    - **Reason for Selection**: Virtue is the excellence of character that enables individuals to act morally and responsibly. It is a central concept in Aristotle's ethics and is closely tied to moral responsibility.
    - **Specific Use**: ""Virtue then is 'a state apt to exercise deliberate choice, being in the relative mean, determined by reason, and as the man of practical wisdom would determine.'""

These concepts are selected because they are central to Aristotle's discussion of moral responsibility, providing the criteria by which individuals can be held accountable for their actions. They highlight the role of knowledge, deliberation, habit, and practical wisdom in shaping moral behavior and responsibility.",N/A,N/A,0,Query 5/5,0.00
