Temperature,Top-p,Top-k,BM25 Weight,Model,Main Answer,Input Tokens,Output Tokens,Conversation History,Progress,Elapsed Time (s)
0.5,0.1,50,0.6,🇪🇺 Mistral-API,"Here are the 10 most prominent concepts describing criteria for moral responsibility in Aristotle's *Nicomachean Ethics*, along with explanations of their significance and specific uses in the text:

1. **Voluntary Action (ἑκούσιον)**
   - **Reason for Selection**: Aristotle distinguishes between voluntary and involuntary actions to establish the foundation of moral responsibility. Voluntary actions are those performed with knowledge and choice, making the agent morally accountable.
   - **Specific Use**: ""Involuntary actions then are thought to be of two kinds, being done either on compulsion, or by reason of ignorance. An action is, properly speaking, compulsory, when the origination is external to the agent, being such that in it the agent (perhaps we may more properly say the patient) contributes nothing"" (Book III, Chapter 1).

2. **Moral Choice (προαίρεσις, Prohairesis)**
   - **Reason for Selection**: Moral choice is central to Aristotle's ethics as it represents the deliberate selection of actions aligned with virtue, distinguishing humans from animals.
   - **Specific Use**: ""Moral Choice is neither independent of intellect, i.e. intellectual operation, nor of a certain moral state: for right or wrong action cannot be, independently of operation of the Intellect, and moral character"" (Book III, Chapter 3).

3. **Virtue (ἀρετή, Arete)**
   - **Reason for Selection**: Virtue is the disposition to act in accordance with reason, forming the basis of moral responsibility. Aristotle defines it as a mean between excess and deficiency.
   - **Specific Use**: ""Virtue then is 'a state apt to exercise deliberate choice, being in the relative mean, determined by reason, and as the man of practical wisdom would determine'"" (Book II, Chapter 6).

4. **Practical Wisdom (φρόνησις, Phronesis)**
   - **Reason for Selection**: Practical wisdom guides moral choice, enabling individuals to discern the right course of action in specific circumstances.
   - **Specific Use**: ""Practical Wisdom and Excellence of the Moral character are very closely united; since the Principles of Practical Wisdom are in accordance with the Moral Virtues and these are right when they accord with Practical Wisdom"" (Book VI, Chapter 5).

5. **Habituation (ἔθος, Ethos)**
   - **Reason for Selection**: Habituation is the process by which virtues are cultivated through repeated actions, shaping moral character and responsibility.
   - **Specific Use**: ""By doing just actions we come to be just; by doing the actions of self-mastery we come to be perfected in self-mastery; and by doing brave actions brave"" (Book II, Chapter 1).

6. **Self-Control (ἐγκράτεια, Enkrateia)**
   - **Reason for Selection**: Self-control represents the ability to regulate impulses and desires in accordance with reason, a key criterion for moral responsibility.
   - **Specific Use**: ""The man utterly destitute of Self-Control, as was observed before, is not given to remorse: for it is part of his character that he abides by his moral choice"" (Book VII, Chapter 4).

7. **Incontinence (ἀκρασία, Akrasia)**
   - **Reason for Selection**: Incontinence (weakness of will) highlights the tension between knowledge of the good and the failure to act accordingly, challenging moral responsibility.
   - **Specific Use**: ""The man of Imperfect Self-Control is almost made up of remorse: and so the case is not as we determined it before, but the former is incurable and the latter may be cured"" (Book VII, Chapter 4).

8. **Justice (δικαιοσύνη, Dikaiosyne)**
   - **Reason for Selection**: Justice is the moral virtue that ensures fairness and equity in social interactions, a fundamental criterion for moral responsibility in communal life.
   - **Specific Use**: ""Justice is the moral state in virtue of which the just man is said to have the aptitude for practising the Just in the way of moral choice"" (Book V, Chapter 1).

9. **Deliberation (βουλή, Boule)**
   - **Reason for Selection**: Deliberation is the rational process of weighing options to determine the best course of action, essential for moral responsibility.
   - **Specific Use**: ""Deliberation has for its object whatever may be done through one’s own instrumentality, and the actions are with a view to other things; and so it is, not the End, but the Means to Ends on which Deliberation is employed"" (Book III, Chapter 3).

10. **Moral Principle (ἀρχή, Arche)**
   - **Reason for Selection**: The moral principle is the starting point of moral action, guiding choices and actions in alignment with virtue.
   - **Specific Use**: ""For the Principles of the matters of moral action are the final cause of them: now to the man who has been corrupted by reason of pleasure or pain the Principle immediately becomes obscured"" (Book VII, Chapter 1).

These concepts collectively form the framework for understanding moral responsibility in Aristotle's ethics, emphasizing the interplay between reason, virtue, and deliberate choice.",N/A,N/A,0,Query 1/5,0.00
0.5,0.32,50,0.6,🇪🇺 Mistral-API,"Here are the 10 most prominent concepts describing criteria for moral responsibility in Aristotle's *Nicomachean Ethics*, along with explanations for their selection and specific uses:

1. **Voluntary Action (ἑκούσιον)**
   - **Reason for Selection**: Aristotle distinguishes between voluntary and involuntary actions to establish the basis for moral responsibility. Voluntary actions are those performed with knowledge and deliberation, making the agent responsible.
   - **Specific Use**: ""Involuntary actions then are thought to be of two kinds, being done either on compulsion, or by reason of ignorance. An action is, properly speaking, compulsory, when the origination is external to the agent, being such that in it the agent (perhaps we may more properly say the patient) contributes nothing"" (Book III, Chapter 1).

2. **Moral Choice (προαίρεσις, Prohairesis)**
   - **Reason for Selection**: Moral choice is central to Aristotle's ethics as it represents the deliberate selection of actions based on reason and character, making it a key criterion for moral responsibility.
   - **Specific Use**: ""Now Moral Choice is plainly voluntary, but the two are not co-extensive, voluntary being the more comprehensive term; for first, children and all other animals share in voluntary action but not in Moral Choice"" (Book III, Chapter 2).

3. **Virtue (ἀρετή, Arete)**
   - **Reason for Selection**: Virtue is the disposition to act in accordance with reason and moral principles, making it essential for moral responsibility.
   - **Specific Use**: ""Virtue then is a state apt to exercise deliberate choice, being in the relative mean, determined by reason, and as the man of practical wisdom would determine"" (Book II, Chapter 6).

4. **Practical Wisdom (φρόνησις, Phronesis)**
   - **Reason for Selection**: Practical wisdom is the intellectual virtue that guides moral choice, ensuring that actions are performed with knowledge and deliberation.
   - **Specific Use**: ""Practical Wisdom is concerned with human affairs, and these are variable and indefinite, so that it is the mark of the man of practical wisdom to be able to deliberate well about what is good and expedient for himself, not in the abstract, but in the particular circumstances in which he is placed"" (Book VI, Chapter 5).

5. **Deliberation (βούλησις, Boulesis)**
   - **Reason for Selection**: Deliberation is the process by which agents consider the means to achieve their ends, making it a necessary condition for moral responsibility.
   - **Specific Use**: ""Deliberation is a process of inquiry, and inquiry is for the sake of discovering something which is unknown, and which is possible either to be or not to be, and whose end is something which is good either for the agent himself or for some one else whose good is his care"" (Book III, Chapter 3).

6. **Responsibility (ἐγκλημα, Enklēma)**
   - **Reason for Selection**: Responsibility is tied to the agent's ability to act voluntarily and with moral choice, making it a criterion for moral accountability.
   - **Specific Use**: ""For it is not every kind of Notion which the pleasant and the painful corrupt and pervert, as, for instance, that 'the three angles of every rectilineal triangle are equal to two right angles,' but only those bearing on moral action"" (Book I, Chapter 13).

7. **Ignorance (ἀγνοία, Agnoia)**
   - **Reason for Selection**: Ignorance is a key factor in determining moral responsibility, as actions performed out of ignorance may be excused.
   - **Specific Use**: ""Again, every bad man is ignorant what he ought to do and what to leave undone, and by reason of such error men become unjust and wholly evil"" (Book III, Chapter 1).

8. **Self-Control (ἐγκράτεια, Enkrateia)**
   - **Reason for Selection**: Self-control is the ability to regulate one's desires and actions in accordance with reason, making it a criterion for moral responsibility.
   - **Specific Use**: ""The man of Self-Control is identical with the man who is apt to abide by his resolution, and the man of Imperfect Self-Control with him who is not apt to abide by his resolution"" (Book VII, Chapter 1).

9. **Vice (κακία, Kakia)**
   - **Reason for Selection**: Vice represents the failure to act in accordance with moral principles, making it a criterion for moral responsibility.
   - **Specific Use**: ""Vice is all this with respect to the Unjust: and since the Unjust is excess or defect of what is good or hurtful respectively, in violation of the proportionate, therefore Injustice is both excess and defect"" (Book V, Chapter 10).

10. **Justice (δικαιοσύνη, Dikaiosynē)**
    - **Reason for Selection**: Justice is the moral virtue that ensures fairness and equality in actions, making it a central criterion for moral responsibility.
    - **Specific Use**: ""Justice is the moral state in virtue of which the just man is said to have the aptitude for practising the Just in the way of moral choice, and for making division between, himself and another, or between two other men, not so as to give to himself the greater and to his neighbour the less share of what is choice-worthy and contrariwise of what is hurtful, but what is proportionably equal"" (Book V, Chapter 10).

These concepts are central to Aristotle's theory of moral responsibility, as they define the conditions under which agents are held accountable for their actions.",N/A,N/A,0,Query 2/5,0.00
0.5,0.55,50,0.6,🇪🇺 Mistral-API,"Here is a list of the 10 most prominent concepts describing criteria for moral responsibility in the provided document, along with explanations for their selection and specific uses:

1. **Voluntary Action (ἑκούσιον)**
   - **Reason for Selection**: Aristotle emphasizes that moral responsibility hinges on voluntary actions, distinguishing them from involuntary actions (e.g., those compelled by force or ignorance). This concept is central to his ethical framework.
   - **Specific Use**: ""Now since Virtue is concerned with the regulation of feelings and actions, and praise and blame arise upon such as are voluntary, while for the involuntary allowance is made, and sometimes compassion is excited, it is perhaps a necessary task for those who are investigating the nature of Virtue to draw out the distinction between what is voluntary and what involuntary.""

2. **Involuntary Action (ἀκούσιον)**
   - **Reason for Selection**: Involuntary actions are those done under compulsion or ignorance, and Aristotle argues that these do not warrant moral blame.
   - **Specific Use**: ""Involuntary actions then are thought to be of two kinds, being done either on compulsion, or by reason of ignorance.""

3. **Moral Choice (προαίρεσις, Prohairesis)**
   - **Reason for Selection**: Moral choice is the deliberate selection of actions based on reason and character, a key criterion for moral responsibility.
   - **Specific Use**: ""Moral Choice is neither independent of intellect, i.e. intellectual operation, nor of a certain moral state: for right or wrong action cannot be, independently of operation of the Intellect, and moral character.""

4. **Self-Control (ἐγκράτεια, Enkrateia)**
   - **Reason for Selection**: Self-control is a moral virtue that enables individuals to resist temptations and act according to reason, making it crucial for moral responsibility.
   - **Specific Use**: ""Self-Control is a good state and the Imperfection of it a bad one.""

5. **Imperfect Self-Control (ἀκρασία, Akrasia)**
   - **Reason for Selection**: Imperfect self-control describes a state where individuals act against their better judgment due to passion or weakness, affecting their moral responsibility.
   - **Specific Use**: ""The man utterly destitute of Self-Control, as was observed before, is not given to remorse: for it is part of his character that he abides by his moral choice: but the man of Imperfect Self-Control is almost made up of remorse.""

6. **Virtue (ἀρετή, Arete)**
   - **Reason for Selection**: Virtue is a habitual disposition to act in accordance with reason and moral principles, forming the basis of moral responsibility.
   - **Specific Use**: ""Virtue then is a mean state between two faulty ones, in the way of excess on one side and of defect on the other.""

7. **Vice (κακία, Kakia)**
   - **Reason for Selection**: Vice represents a habitual disposition to act against moral principles, making individuals morally responsible for their actions.
   - **Specific Use**: ""Vice is all this with respect to the Unjust: and since the Unjust is excess or defect of what is good or hurtful respectively, in violation of the proportionate.""

8. **Deliberation (βουλή, Boule)**
   - **Reason for Selection**: Deliberation is the process of reasoning about means to achieve ends, essential for moral decision-making and responsibility.
   - **Specific Use**: ""Deliberation has for its object whatever may be done through one’s own instrumentality, and the actions are with a view to other things.""

9. **Practical Wisdom (φρόνησις, Phronesis)**
   - **Reason for Selection**: Practical wisdom is the ability to apply moral principles to specific situations, crucial for moral responsibility.
   - **Specific Use**: ""Practical Wisdom is a state conjoined with reason, true, having human good for its object, and apt to do.""

10. **Justice (δικαιοσύνη, Dikaiosyne)**
    - **Reason for Selection**: Justice is a moral virtue that ensures fairness and equality in actions, making it a fundamental criterion for moral responsibility.
    - **Specific Use**: ""Justice is the moral state in virtue of which the just man is said to have the aptitude for practising the Just in the way of moral choice.""

These concepts are central to Aristotle's ethical theory and provide a framework for understanding moral responsibility in his philosophy.",N/A,N/A,0,Query 3/5,0.00
0.5,0.77,50,0.6,🇪🇺 Mistral-API,"Here are the 10 most prominent concepts describing criteria for moral responsibility in Aristotle's *Nicomachean Ethics*, along with explanations of their significance and specific uses:

1. **Voluntary Action (ἑκούσιον)**
   - **Reason for Selection**: Aristotle distinguishes between voluntary and involuntary actions to establish the basis for moral responsibility. Voluntary actions are those where the agent has control and deliberation, making them the focus of moral evaluation.
   - **Specific Use**: ""Involuntary actions then are thought to be of two kinds, being done either on compulsion, or by reason of ignorance. An action is, properly speaking, compulsory, when the origination is external to the agent, being such that in it the agent (perhaps we may more properly say the patient) contributes nothing"" (Book III, Chapter 1).

2. **Moral Choice (προαίρεσις, Prohairesis)**
   - **Reason for Selection**: Moral choice is central to Aristotle's ethics as it represents the deliberate selection of actions aligned with virtue, distinguishing humans from animals.
   - **Specific Use**: ""Now Moral Choice is plainly voluntary, but not all voluntary actions are Moral Choice; for children and all other animals share in voluntary action but not in Moral Choice"" (Book III, Chapter 2).

3. **Deliberation (βούλησις, Boulesis)**
   - **Reason for Selection**: Deliberation is the rational process that precedes moral choice, ensuring that actions are not impulsive but reasoned.
   - **Specific Use**: ""Moral Choice is neither independent of intellect, i.e. intellectual operation, nor of a certain moral state: for right or wrong action cannot be, independently of operation of the Intellect, and moral character"" (Book III, Chapter 3).

4. **Virtue (ἀρετή, Arete)**
   - **Reason for Selection**: Virtue is the disposition to act in accordance with reason, making it the foundation of moral responsibility.
   - **Specific Use**: ""Virtue then is a state apt to exercise deliberate choice, being in the relative mean, determined by reason, and as the man of practical wisdom would determine"" (Book II, Chapter 6).

5. **Practical Wisdom (φρόνησις, Phronesis)**
   - **Reason for Selection**: Practical wisdom guides moral choice by applying general principles to specific situations, ensuring actions are both virtuous and effective.
   - **Specific Use**: ""Practical Wisdom is concerned with human affairs and matters subject to change"" (Book VI, Chapter 5).

6. **Self-Control (ἐγκράτεια, Enkrateia)**
   - **Reason for Selection**: Self-control is the ability to resist temptations, demonstrating moral responsibility in the face of conflicting desires.
   - **Specific Use**: ""Self-Control is more choice-worthy than Endurance. Again, he who fails when exposed to those temptations against which the common run of men hold out, and are well able to do so, is Soft and Luxurious"" (Book VII, Chapter 1).

7. **Incontinence (ἀκρασία, Akrasia)**
   - **Reason for Selection**: Incontinence represents the failure to act according to moral knowledge, raising questions about moral responsibility when reason is overridden by passion.
   - **Specific Use**: ""The man utterly destitute of Self-Control, as was observed before, is not given to remorse: for it is part of his character that he abides by his moral choice"" (Book VII, Chapter 6).

8. **Justice (δικαιοσύνη, Dikaiosyne)**
   - **Reason for Selection**: Justice is the virtue that ensures fairness in interactions, making it essential for moral responsibility in social contexts.
   - **Specific Use**: ""Justice is the moral state in virtue of which the just man is said to have the aptitude for practising the Just in the way of moral choice"" (Book V, Chapter 1).

9. **Injustice (ἀδικία, Adikia)**
   - **Reason for Selection**: Injustice is the failure to act justly, serving as a counterpoint to justice and highlighting the criteria for moral responsibility.
   - **Specific Use**: ""Injustice is all this with respect to the Unjust: and since the Unjust is excess or defect of what is good or hurtful respectively, in violation of the proportionate"" (Book V, Chapter 1).

10. **Equity (ἐπιείκεια, Epieikeia)**
    - **Reason for Selection**: Equity represents the flexible application of justice, showing that moral responsibility involves not just adherence to rules but also contextual judgment.
    - **Specific Use**: ""The Equitable is Just but better than one form of Just: and hence it appears too who the Equitable man is: he is one who has a tendency to choose and carry out these principles"" (Book V, Chapter 14).

These concepts collectively form the framework for Aristotle's understanding of moral responsibility, emphasizing the role of reason, virtue, and deliberate choice in ethical conduct.",N/A,N/A,0,Query 4/5,0.00
0.5,0.99,50,0.6,🇪🇺 Mistral-API,"Here are the 10 most prominent concepts describing criteria for moral responsibility in Aristotle's *Nicomachean Ethics*, along with explanations of their significance and specific uses in the text:

1. **Voluntary Action (ἑκούσιον)**
   - **Reason for Selection**: Aristotle distinguishes between voluntary and involuntary actions to establish the basis for moral responsibility. Voluntary actions are those performed with knowledge and deliberation, making the agent responsible.
   - **Specific Use**: ""Involuntary actions then are thought to be of two kinds, being done either on compulsion, or by reason of ignorance. An action is, properly speaking, compulsory, when the origination is external to the agent, being such that in it the agent (perhaps we may more properly say the patient) contributes nothing"" (Book III, Chapter 1).

2. **Moral Choice (προαίρεσις, Prohairesis)**
   - **Reason for Selection**: Moral choice is central to Aristotle's ethics as it represents the deliberate selection of actions based on reason and character, making the agent morally responsible.
   - **Specific Use**: ""Moral Choice is neither independent of intellect, i.e. intellectual operation, nor of a certain moral state: for right or wrong action cannot be, independently of operation of the Intellect, and moral character"" (Book III, Chapter 3).

3. **Deliberation (βουλή, Boule)**
   - **Reason for Selection**: Deliberation is the process by which agents consider means to achieve their ends, linking moral choice to practical reasoning and responsibility.
   - **Specific Use**: ""Deliberation has for its object whatever may be done through one’s own instrumentality, and the actions are with a view to other things; and so it is, not the End, but the Means to Ends on which Deliberation is employed"" (Book III, Chapter 3).

4. **Virtue (ἀρετή, Arete)**
   - **Reason for Selection**: Virtue is the disposition to act in accordance with reason, making the agent morally responsible for their actions.
   - **Specific Use**: ""Virtue then is a state apt to exercise deliberate choice, being in the relative mean, determined by reason, and as the man of practical wisdom would determine"" (Book II, Chapter 6).

5. **Practical Wisdom (φρόνησις, Phronesis)**
   - **Reason for Selection**: Practical wisdom is the intellectual virtue that guides moral choice, ensuring that actions are performed with knowledge and deliberation.
   - **Specific Use**: ""Practical Wisdom is a true and reasoned state of capacity to act with regard to human goods"" (Book VI, Chapter 5).

6. **Self-Control (ἐγκράτεια, Enkrateia)**
   - **Reason for Selection**: Self-control is the ability to regulate one's desires and actions in accordance with reason, making the agent responsible for their self-mastery.
   - **Specific Use**: ""Self-Control is a good state and the Imperfection of it a bad one"" (Book VII, Chapter 8).

7. **Involuntary Action (ἀκούσιον, Akousion)**
   - **Reason for Selection**: Involuntary actions are those performed under compulsion or ignorance, exempting the agent from moral responsibility.
   - **Specific Use**: ""Involuntary actions then are thought to be of two kinds, being done either on compulsion, or by reason of ignorance"" (Book III, Chapter 1).

8. **Ignorance (ἀγνοία, Agnōia)**
   - **Reason for Selection**: Ignorance of relevant circumstances or moral principles can mitigate or negate moral responsibility.
   - **Specific Use**: ""Again, every bad man is ignorant what he ought to do and what to leave undone, and by reason of such error men become unjust and wholly evil"" (Book III, Chapter 5).

9. **Passion (πάθος, Pathos)**
   - **Reason for Selection**: Passions like anger or lust can influence actions, but Aristotle argues that moral responsibility lies in the agent's ability to regulate them through virtue.
   - **Specific Use**: ""Again, in right of the Feelings we are said to be moved, but in right of the virtues and vices not to be moved, but disposed, in a certain way"" (Book II, Chapter 5).

10. **Moral Character (ἦθος, Ethos)**
    - **Reason for Selection**: Moral character is the habitual disposition to act in certain ways, making the agent responsible for their consistent behavior.
    - **Specific Use**: ""The ‘moral virtues and vices’ make up what we call character, and the important questions arise: (1) What is character? and (2) How is it formed?"" (Book II, Chapter 1).

These concepts are central to Aristotle's theory of moral responsibility, as they define the criteria by which agents are held accountable for their actions. The text emphasizes the role of reason, deliberation, and virtue in moral agency, while acknowledging the mitigating factors of ignorance and compulsion.",N/A,N/A,0,Query 5/5,0.00
