Temperature,Top-p,Top-k,BM25 Weight,Model,Main Answer,Input Tokens,Output Tokens,Conversation History,Progress,Elapsed Time (s)
0.5,0.95,1,0.6,🇪🇺 Mistral-API,"Here are the 10 most prominent concepts describing criteria for moral responsibility in Aristotle's *Nicomachean Ethics*, along with explanations of their significance and specific uses:

1. **Voluntary Action (ἑκούσιον, hekousion)**
   - **Reason for Selection**: Aristotle distinguishes between voluntary and involuntary actions to establish the foundation of moral responsibility. Voluntary actions are those performed with knowledge and deliberation, making the agent responsible.
   - **Specific Use**: ""Involuntary actions then are thought to be of two kinds, being done either on compulsion, or by reason of ignorance"" (Book III, Chapter 1).

2. **Moral Choice (προαίρεσις, prohairesis)**
   - **Reason for Selection**: Moral choice is central to Aristotle's ethics as it represents the deliberate selection of actions based on reason and character. It is the bridge between intellect and action.
   - **Specific Use**: ""Moral Choice is neither independent of intellect, i.e. intellectual operation, nor of a certain moral state"" (Book III, Chapter 3).

3. **Deliberation (βούλησις, boulesis)**
   - **Reason for Selection**: Deliberation is the process by which an agent considers means to achieve an end, essential for moral responsibility as it involves rational reflection.
   - **Specific Use**: ""Deliberation has for its object whatever may be done through one’s own instrumentality, and the actions are with a view to other things"" (Book III, Chapter 3).

4. **Habituation (ἔθος, ethos)**
   - **Reason for Selection**: Habituation is the process by which virtues are formed through repeated actions, making it crucial for moral development and responsibility.
   - **Specific Use**: ""By doing just actions we come to be just; by doing the actions of self-mastery we come to be perfected in self-mastery"" (Book II, Chapter 1).

5. **Virtue (ἀρετή, arete)**
   - **Reason for Selection**: Virtue is the disposition to act in accordance with reason, making it the cornerstone of moral responsibility. Aristotle defines it as a mean between excess and deficiency.
   - **Specific Use**: ""Virtue then is a state apt to exercise deliberate choice, being in the relative mean, determined by reason"" (Book II, Chapter 6).

6. **Self-Control (ἐγκράτεια, enkrateia)**
   - **Reason for Selection**: Self-control is the ability to regulate one's desires and actions in accordance with reason, a key criterion for moral responsibility.
   - **Specific Use**: ""Self-Control is more choice-worthy than Endurance"" (Book VII, Chapter 1).

7. **Incontinence (ἀκρασία, akrasia)**
   - **Reason for Selection**: Incontinence represents the failure to act according to reason despite knowing the right course, highlighting the struggle between reason and desire in moral responsibility.
   - **Specific Use**: ""The man utterly destitute of Self-Control, as was observed before, is not given to remorse"" (Book VII, Chapter 4).

8. **Practical Wisdom (φρόνησις, phronesis)**
   - **Reason for Selection**: Practical wisdom is the intellectual virtue that guides moral choice, making it essential for responsible action.
   - **Specific Use**: ""Practical Wisdom is a state conjoined with reason, true, having human good for its object, and apt to do"" (Book VI, Chapter 5).

9. **Justice (δικαιοσύνη, dikaiosyne)**
   - **Reason for Selection**: Justice is the moral virtue that ensures fairness in actions and distributions, a fundamental criterion for moral responsibility in social contexts.
   - **Specific Use**: ""Justice is the moral state in virtue of which the just man is said to have the aptitude for practising the Just"" (Book V, Chapter 1).

10. **Equity (ἐπιείκεια, epieikeia)**
    - **Reason for Selection**: Equity is the ability to apply justice flexibly in specific cases, recognizing the limitations of universal rules and thus enhancing moral responsibility.
    - **Specific Use**: ""The Equitable is Just but better than one form of Just"" (Book V, Chapter 10).

These concepts are pivotal in Aristotle's framework for moral responsibility, as they delineate the conditions under which an agent can be held accountable for their actions. They emphasize the interplay between reason, character, and action, forming the bedrock of Aristotelian ethics.",N/A,N/A,0,Query 1/5,0.00
0.5,0.95,25,0.6,🇪🇺 Mistral-API,"Here are the 10 most prominent concepts describing criteria for moral responsibility in Aristotle's *Nicomachean Ethics*, along with explanations for their selection and specific uses in the text:

1. **Voluntary Action (ἑκούσιον)**
   - **Reason for Selection**: Aristotle distinguishes between voluntary and involuntary actions to establish the basis for moral responsibility. Voluntary actions are those performed with knowledge and deliberate choice, making the agent morally accountable.
   - **Specific Use**: ""Now since Virtue is concerned with the regulation of feelings and actions, and praise and blame arise upon such as are voluntary, while for the involuntary allowance is made, and sometimes compassion is excited, it is perhaps a necessary task for those who are investigating the nature of Virtue to draw out the distinction between what is voluntary and what involuntary"" (Book III, Chapter I).

2. **Involuntary Action (ἀκούσιον)**
   - **Reason for Selection**: Involuntary actions are those performed under compulsion or ignorance, exempting the agent from moral blame. This concept is crucial for understanding the limits of moral responsibility.
   - **Specific Use**: ""Involuntary actions then are thought to be of two kinds, being done either on compulsion, or by reason of ignorance"" (Book III, Chapter I).

3. **Moral Choice (προαίρεσις, prohairesis)**
   - **Reason for Selection**: Moral choice is the deliberate selection of actions based on reason and character, central to Aristotle's account of moral responsibility.
   - **Specific Use**: ""Moral Choice is neither independent of intellect, i.e. intellectual operation, nor of a certain moral state: for right or wrong action cannot be, independently of operation of the Intellect, and moral character"" (Book III, Chapter III).

4. **Deliberation (βουλή, boule)**
   - **Reason for Selection**: Deliberation is the process of reasoning about means to achieve ends, essential for making morally responsible choices.
   - **Specific Use**: ""Deliberation is a process of inquiry, and inquiry is an investigation of things which are not known, and which are sought after as being capable of being brought about"" (Book III, Chapter III).

5. **Practical Wisdom (φρόνησις, phronēsis)**
   - **Reason for Selection**: Practical wisdom is the intellectual virtue that enables individuals to make correct moral choices, guiding them toward the good life.
   - **Specific Use**: ""Practical Wisdom is a state grasping the truth in the sphere of action, and concerned with things that are variable"" (Book VI, Chapter V).

6. **Virtue (ἀρετή, aretē)**
   - **Reason for Selection**: Virtue is a disposition to act in accordance with reason, forming the basis of moral character and responsibility.
   - **Specific Use**: ""Virtue is a state apt to exercise deliberate choice, being in the relative mean, determined by reason, and as the man of practical wisdom would determine"" (Book II, Chapter VI).

7. **Vice (κακία, kakia)**
   - **Reason for Selection**: Vice is the opposite of virtue, representing a disposition to act contrary to reason, leading to moral blame.
   - **Specific Use**: ""Vice is a state apt to exercise deliberate choice, being in the relative excess or defect, determined by passion, and as the man of passion would determine"" (Book II, Chapter VI).

8. **Self-Control (ἐγκράτεια, enkrateia)**
   - **Reason for Selection**: Self-control is the ability to regulate one's actions and passions in accordance with reason, a key aspect of moral responsibility.
   - **Specific Use**: ""Self-Control is a state apt to exercise deliberate choice, being in the relative mean, determined by reason, and as the man of practical wisdom would determine"" (Book VII, Chapter I).

9. **Incontinence (ἀκρασία, akrasia)**
   - **Reason for Selection**: Incontinence represents the failure to act in accordance with reason due to the influence of passions, highlighting the struggle for moral responsibility.
   - **Specific Use**: ""Incontinence is a state apt to exercise deliberate choice, being in the relative excess or defect, determined by passion, and as the man of passion would determine"" (Book VII, Chapter I).

10. **Justice (δικαιοσύνη, dikaiosynē)**
    - **Reason for Selection**: Justice is the moral virtue that ensures fairness and equity in social interactions, a fundamental criterion for moral responsibility in communal life.
    - **Specific Use**: ""Justice is the moral state in virtue of which the just man is said to have the aptitude for practising the Just in the way of moral choice, and for making division between himself and another"" (Book V, Chapter I).

These concepts are central to Aristotle's ethical theory, as they delineate the conditions under which individuals are morally responsible for their actions. The specific uses cited illustrate how Aristotle employs these terms to analyze the nature of moral agency, choice, and character.",N/A,N/A,0,Query 2/5,0.00
0.5,0.95,50,0.6,🇪🇺 Mistral-API,"Here is a list of the 10 most prominent concepts describing criteria for moral responsibility in Aristotle's *Nicomachean Ethics*, along with explanations of their significance and specific uses in the text:

1. **Voluntary Action (ἑκούσιον)**
   - **Reason for Selection**: Aristotle distinguishes between voluntary and involuntary actions to establish the foundation of moral responsibility. Voluntary actions are those performed with knowledge and deliberation, making the agent responsible.
   - **Specific Use**: ""Involuntary actions then are thought to be of two kinds, being done either on compulsion, or by reason of ignorance. An action is, properly speaking, compulsory, when the origination is external to the agent, being such that in it the agent (perhaps we may more properly say the patient) contributes nothing"" (Book III, Chapter 1).

2. **Moral Choice (προαίρεσις, Prohairesis)**
   - **Reason for Selection**: Moral choice is central to Aristotle's ethics as it represents the deliberate selection of actions aligned with virtue, making it a key criterion for moral responsibility.
   - **Specific Use**: ""Moral Choice is neither independent of intellect, i.e. intellectual operation, nor of a certain moral state: for right or wrong action cannot be, independently of operation of the Intellect, and moral character"" (Book III, Chapter 3).

3. **Deliberation (βούλησις, Boulesis)**
   - **Reason for Selection**: Deliberation is the process by which agents weigh options and choose actions, making it essential for moral responsibility.
   - **Specific Use**: ""Deliberation is about things which are in our power and can be done; and therefore actions are voluntary, but not all voluntary actions are deliberate"" (Book III, Chapter 3).

4. **Intellect (νοῦς, Nous)**
   - **Reason for Selection**: The intellect is responsible for reasoning and judgment, guiding moral choice and action, thus making it a critical component of moral responsibility.
   - **Specific Use**: ""The Intellect is the faculty which apprehends the universal, and the particular is the object of perception; but the universal is in the particular, and the particular is in the universal"" (Book VI, Chapter 8).

5. **Virtue (ἀρετή, Arete)**
   - **Reason for Selection**: Virtue is the disposition to act in accordance with reason and moral principles, making it foundational for moral responsibility.
   - **Specific Use**: ""Virtue is a state apt to exercise deliberate choice, being in the relative mean, determined by reason, and as the man of practical wisdom would determine"" (Book II, Chapter 6).

6. **Practical Wisdom (φρόνησις, Phronesis)**
   - **Reason for Selection**: Practical wisdom is the ability to apply general moral principles to specific situations, making it essential for moral responsibility.
   - **Specific Use**: ""Practical Wisdom is concerned with action, and its end is the good for man"" (Book VI, Chapter 5).

7. **Habituation (ἔθος, Ethos)**
   - **Reason for Selection**: Habituation is the process by which virtues are cultivated through repeated actions, making it a key criterion for moral responsibility.
   - **Specific Use**: ""By doing just actions we come to be just; by doing actions of self-mastery we come to be perfected in self-mastery"" (Book II, Chapter 1).

8. **Self-Control (ἐγκράτεια, Enkrateia)**
   - **Reason for Selection**: Self-control is the ability to regulate one's actions in accordance with reason, making it a crucial aspect of moral responsibility.
   - **Specific Use**: ""The man of Self-Control is identical with the man who is apt to abide by his resolution, and the man of Imperfect Self-Control with him who is not"" (Book VII, Chapter 1).

9. **Involuntary Action (ἀκούσιον, Akousion)**
   - **Reason for Selection**: Involuntary actions are those performed under compulsion or ignorance, exempting the agent from moral responsibility.
   - **Specific Use**: ""Involuntary actions then are thought to be of two kinds, being done either on compulsion, or by reason of ignorance"" (Book III, Chapter 1).

10. **Moral Character (ἦθος, Ethos)**
    - **Reason for Selection**: Moral character is the stable disposition to act in accordance with virtue, making it a fundamental criterion for moral responsibility.
    - **Specific Use**: ""The virtues are states of character, and the vices are states of character, and the virtues are states of character which are praised, and the vices are states of character which are blamed"" (Book II, Chapter 1).

These concepts are central to Aristotle's framework for moral responsibility, as they delineate the conditions under which agents are held accountable for their actions.",N/A,N/A,0,Query 3/5,0.00
0.5,0.95,75,0.6,🇪🇺 Mistral-API,"Here are the 10 most prominent concepts describing criteria for moral responsibility in Aristotle's *Nicomachean Ethics*, along with explanations for their selection and specific uses:

1. **Voluntary Action (ἑκούσιον)**
   - **Reason for Selection**: Aristotle distinguishes between voluntary and involuntary actions to establish the foundation of moral responsibility. Voluntary actions are those performed with knowledge and deliberation, making the agent morally responsible.
   - **Specific Use**: ""Involuntary actions then are thought to be of two kinds, being done either on compulsion, or by reason of ignorance. An action is, properly speaking, compulsory, when the origination is external to the agent, being such that in it the agent... contributes nothing"" (Book III, Chapter 1).

2. **Moral Choice (προαίρεσις, Prohairesis)**
   - **Reason for Selection**: Moral choice is central to Aristotle's ethics, as it represents the deliberate selection of actions based on reason and character, making it a key criterion for moral responsibility.
   - **Specific Use**: ""Moral Choice is neither independent of intellect... nor of a certain moral state: for right or wrong action cannot be, independently of operation of the Intellect, and moral character"" (Book III, Chapter 3).

3. **Deliberation (βουλή, Boule)**
   - **Reason for Selection**: Deliberation is the process by which agents weigh options and choose actions, making it essential for moral responsibility.
   - **Specific Use**: ""Deliberation has for its object whatever may be done through one’s own instrumentality, and the actions are with a view to other things; and so it is, not the End, but the Means to Ends on which Deliberation is employed"" (Book III, Chapter 3).

4. **Practical Wisdom (φρόνησις, Phronesis)**
   - **Reason for Selection**: Practical wisdom guides moral choice by determining the right means to achieve virtuous ends, making it a criterion for responsible action.
   - **Specific Use**: ""Practical Wisdom must be ‘a state conjoined with reason, true, having human good for its object, and apt to do’"" (Book VI, Chapter 5).

5. **Virtue (ἀρετή, Arete)**
   - **Reason for Selection**: Virtue is the disposition to act in accordance with reason, making it a criterion for morally responsible behavior.
   - **Specific Use**: ""Virtue is a state apt to exercise deliberate choice, being in the relative mean, determined by reason, and as the man of practical wisdom would determine"" (Book II, Chapter 6).

6. **Habituation (ἔθος, Ethos)**
   - **Reason for Selection**: Habituation is the process by which virtues are formed through repeated actions, making it a criterion for moral responsibility.
   - **Specific Use**: ""By doing just actions we come to be just; by doing the actions of self-mastery we come to be perfected in self-mastery"" (Book II, Chapter 1).

7. **Self-Control (ἐγκράτεια, Enkrateia)**
   - **Reason for Selection**: Self-control is the ability to resist impulses, making it a criterion for moral responsibility in resisting vice.
   - **Specific Use**: ""The man of Self-Control is identical with the man who is apt to abide by his resolution, and the man of Imperfect Self-Control with him who is not"" (Book VII, Chapter 1).

8. **Incontinence (ἀκρασία, Akrasia)**
   - **Reason for Selection**: Incontinence represents the failure to act on moral knowledge, making it a criterion for moral responsibility in cases of weakness of will.
   - **Specific Use**: ""The man utterly destitute of Self-Control, as was observed before, is not given to remorse: for it is part of his character that he abides by his moral choice"" (Book VII, Chapter 6).

9. **Ignorance (ἀγνοία, Agnoia)**
   - **Reason for Selection**: Ignorance excuses moral responsibility when it prevents the agent from acting knowingly.
   - **Specific Use**: ""Ignorance which affects moral choice constitutes depravity but not involuntariness"" (Book III, Chapter 5).

10. **Moral Principle (ἀρχή, Arche)**
   - **Reason for Selection**: The moral principle is the starting point of moral action, making it a criterion for moral responsibility.
   - **Specific Use**: ""The Principles of the matters of moral action are the final cause of them"" (Book VII, Chapter 1).

These concepts are central to Aristotle's theory of moral responsibility, as they define the conditions under which agents are held accountable for their actions.",N/A,N/A,0,Query 4/5,0.00
0.5,0.95,100,0.6,🇪🇺 Mistral-API,"Here are the 10 most prominent concepts describing criteria for moral responsibility in Aristotle's *Nicomachean Ethics*, along with explanations for their selection and specific uses in the text:

1. **Voluntary Action (ἑκούσιον)**
   - **Reason for Selection**: Aristotle distinguishes between voluntary and involuntary actions to establish the basis for moral responsibility. Voluntary actions are those where the agent has control and understanding, making them the focus of moral evaluation.
   - **Specific Use**: ""Involuntary actions then are thought to be of two kinds, being done either on compulsion, or by reason of ignorance"" (Book III, Chapter 1). This distinction is crucial for assigning moral responsibility.

2. **Moral Choice (προαίρεσις, Prohairesis)**
   - **Reason for Selection**: Moral choice is central to Aristotle's ethics as it represents the deliberate selection of actions aligned with virtue, making it a key criterion for moral responsibility.
   - **Specific Use**: ""Moral Choice is neither independent of intellect, i.e. intellectual operation, nor of a certain moral state"" (Book III, Chapter 3). It emphasizes the role of reason and character in moral agency.

3. **Virtue (ἀρετή, Arete)**
   - **Reason for Selection**: Virtue is the state of character that enables individuals to act morally responsibly. It is the habitual disposition to choose the mean in actions and feelings.
   - **Specific Use**: ""Virtue then is a state apt to exercise deliberate choice, being in the relative mean, determined by reason"" (Book II, Chapter 6). Virtue is the foundation of moral responsibility.

4. **Intellect (νοῦς, Nous)**
   - **Reason for Selection**: Intellect is the faculty that guides moral choice by determining the right mean in actions and feelings, making it essential for moral responsibility.
   - **Specific Use**: ""The Reason must be true and the Will right, to constitute good Moral Choice"" (Book III, Chapter 3). Intellect ensures that moral choices are rational and virtuous.

5. **Will (βούλησις, Boulesis)**
   - **Reason for Selection**: The will is the faculty that executes moral choices, making it a necessary component of moral responsibility.
   - **Specific Use**: ""What the Reason affirms the Will must pursue"" (Book III, Chapter 3). The will acts on the judgments of intellect to perform virtuous actions.

6. **Habituation (ἔθος, Ethos)**
   - **Reason for Selection**: Habituation is the process by which virtues are formed through repeated actions, making it a critical criterion for moral responsibility.
   - **Specific Use**: ""By doing just actions we come to be just; by doing the actions of self-mastery we come to be perfected in self-mastery"" (Book II, Chapter 1). Habituation shapes moral character.

7. **Self-Control (ἐγκράτεια, Enkrateia)**
   - **Reason for Selection**: Self-control is the ability to regulate one's actions according to reason, making it a key criterion for moral responsibility.
   - **Specific Use**: ""The man of Self-Control is identical with the man who is apt to abide by his resolution"" (Book VII, Chapter 1). Self-control ensures that actions align with moral principles.

8. **Incontinence (ἀκρασία, Akrasia)**
   - **Reason for Selection**: Incontinence represents the failure to act according to reason despite knowing the right course, making it a critical concept for understanding moral responsibility.
   - **Specific Use**: ""The man utterly destitute of Self-Control, as was observed before, is not given to remorse"" (Book VII, Chapter 4). Incontinence highlights the gap between knowledge and action.

9. **Justice (δικαιοσύνη, Dikaiosyne)**
   - **Reason for Selection**: Justice is the virtue that ensures fairness in actions and relationships, making it a fundamental criterion for moral responsibility.
   - **Specific Use**: ""Justice is the moral state in virtue of which the just man is said to have the aptitude for practising the Just"" (Book V, Chapter 1). Justice is the foundation of moral conduct.

10. **Practical Wisdom (φρόνησις, Phronesis)**
    - **Reason for Selection**: Practical wisdom is the intellectual virtue that enables individuals to apply general moral principles to specific situations, making it essential for moral responsibility.
    - **Specific Use**: ""Practical Wisdom and Excellence of the Moral character are very closely united"" (Book VI, Chapter 13). Practical wisdom guides moral action.

These concepts are central to Aristotle's framework of moral responsibility, as they define the criteria for evaluating moral agency, the formation of character, and the execution of virtuous actions.",N/A,N/A,0,Query 5/5,0.00
