Temperature,Top-p,Top-k,BM25 Weight,Model,Main Answer,Input Tokens,Output Tokens,Conversation History,Progress,Elapsed Time (s)
0.5,0.95,50,0.0,🇪🇺 Mistral-API,"Here is a list of the 10 most prominent concepts describing criteria for moral responsibility in the uploaded document, along with explanations for their selection and specific uses:

1. **Voluntary vs. Involuntary Action**
   - **Reason for Selection**: Aristotle distinguishes between voluntary and involuntary actions to determine moral responsibility. Voluntary actions are those where the agent has control and intention, while involuntary actions are compelled by external forces or ignorance.
   - **Specific Use**: ""Involuntary actions then are thought to be of two kinds, being done either on compulsion, or by reason of ignorance. An action is, properly speaking, compulsory, when the origination is external to the agent, being such that in it the agent (perhaps we may more properly say the patient) contributes nothing.""

2. **Moral Choice (Prohairesis)**
   - **Reason for Selection**: Moral choice is central to Aristotle's ethics as it represents the agent's deliberate selection of actions, which is a key criterion for moral responsibility.
   - **Specific Use**: ""Moral Choice is neither independent of intellect, i.e. intellectual operation, nor of a certain moral state: for right or wrong action cannot be, independently of operation of the Intellect, and moral character.""

3. **Intellect (Reason)**
   - **Reason for Selection**: The intellect is crucial for moral responsibility as it guides the agent's actions and decisions. Aristotle emphasizes the role of reason in determining right action.
   - **Specific Use**: ""The Intellect must be true and the Will right, to constitute good Moral Choice, and what the Reason affirms the Will must pursue.""

4. **Will (Boulēsis)**
   - **Reason for Selection**: The will is the faculty that executes moral choices, making it essential for understanding moral responsibility.
   - **Specific Use**: ""And so, since Moral Virtue is a State apt to exercise Moral Choice and Moral Choice is Will consequent on deliberation, the Reason must be true and the Will right, to constitute good Moral Choice.""

5. **Deliberation (Boulēsis)**
   - **Reason for Selection**: Deliberation is the process by which agents consider their actions, which is fundamental to moral responsibility.
   - **Specific Use**: ""Deliberation has for its object whatever may be done through one’s own instrumentality, and the actions are with a view to other things; and so it is, not the End, but the Means to Ends on which Deliberation is employed.""

6. **Virtue (Arētē)**
   - **Reason for Selection**: Virtue is the disposition that enables agents to act responsibly and morally. It is a key criterion for moral responsibility.
   - **Specific Use**: ""Virtue then is a mean state between two faulty ones, in the way of excess on one side and of defect on the other: and it is so moreover, because the faulty states on one side fall short of, and those on the other exceed, what is right.""

7. **Vice (Kakia)**
   - **Reason for Selection**: Vice represents the failure to act responsibly, making it a crucial concept for understanding moral responsibility.
   - **Specific Use**: ""Vice is all this with respect to the Unjust: and since the Unjust is excess or defect of what is good or hurtful respectively, in violation of the proportionate, therefore Injustice is both excess and defect because it aims at producing excess and defect.""

8. **Self-Control (Enkrateia)**
   - **Reason for Selection**: Self-control is the ability to regulate one's actions according to reason, which is essential for moral responsibility.
   - **Specific Use**: ""Self-Control is more choice-worthy than Endurance. Again, he who fails when exposed to those temptations against which the common run of men hold out, and are well able to do so, is Soft and Luxurious.""

9. **Incontinence (Akrasia)**
   - **Reason for Selection**: Incontinence represents the failure to act according to reason, which is a key concept for understanding moral responsibility.
   - **Specific Use**: ""The man utterly destitute of Self-Control, as was observed before, is not given to remorse: for it is part of his character that he abides by his moral choice: but the man of Imperfect Self-Control is almost made up of remorse.""

10. **Justice (Dikaiosynē)**
    - **Reason for Selection**: Justice is the moral virtue that ensures fair treatment and responsibility in social interactions, making it a central concept for moral responsibility.
    - **Specific Use**: ""Justice is the moral state in virtue of which the just man is said to have the aptitude for practising the Just in the way of moral choice, and for making division between, himself and another, or between two other men, not so as to give to himself the greater and to his neighbour the less share of what is choice-worthy and contrariwise of what is hurtful, but what is proportionably equal.""

These concepts are fundamental to Aristotle's theory of moral responsibility, as they delineate the criteria for determining when an agent is morally responsible for their actions.",N/A,N/A,0,Query 1/5,0.00
0.5,0.95,50,0.25,🇪🇺 Mistral-API,"Here is a list of the 10 most prominent concepts describing criteria for moral responsibility in the uploaded document, along with explanations for their selection and specific uses:

1. **Voluntary Action**
   - **Reason for Selection**: Aristotle emphasizes that moral responsibility is tied to voluntary actions, distinguishing them from involuntary actions (e.g., those compelled by external forces or ignorance).
   - **Specific Use**: ""Involuntary actions then are thought to be of two kinds, being done either on compulsion, or by reason of ignorance"" (Book III, Chapter I).

2. **Moral Choice (Prohairesis)**
   - **Reason for Selection**: Moral choice is central to Aristotle’s ethics, as it represents the deliberate selection of actions aligned with virtue.
   - **Specific Use**: ""Moral Choice is neither independent of intellect, i.e. intellectual operation, nor of a certain moral state"" (Book III, Chapter III).

3. **Self-Control (Enkrateia) and Incontinence (Akrasia)**
   - **Reason for Selection**: These concepts explore the tension between reason and desire, crucial for understanding moral responsibility when desires override rational judgment.
   - **Specific Use**: ""The man utterly destitute of Self-Control, as was observed before, is not given to remorse"" (Book VII, Chapter VI).

4. **Virtue (Arete)**
   - **Reason for Selection**: Virtue is the foundation of moral responsibility, as it guides actions toward the mean, avoiding excess or deficiency.
   - **Specific Use**: ""Virtue is a state apt to exercise deliberate choice, being in the relative mean, determined by reason"" (Book II, Chapter VI).

5. **Reason (Logos)**
   - **Reason for Selection**: Reason is the faculty that directs moral choice, making it essential for responsible action.
   - **Specific Use**: ""The Reason must be true and the Will right, to constitute good Moral Choice"" (Book III, Chapter III).

6. **Habituation (Ethos)**
   - **Reason for Selection**: Aristotle argues that moral responsibility is shaped by habit, as repeated actions form character.
   - **Specific Use**: ""By doing just actions we come to be just; by doing the actions of self-mastery we come to be perfected in self-mastery"" (Book II, Chapter I).

7. **Deliberation (Boulēsis)**
   - **Reason for Selection**: Deliberation is the process by which individuals weigh options and choose actions, a key aspect of moral responsibility.
   - **Specific Use**: ""Deliberation has for its object whatever may be done through one’s own instrumentality"" (Book III, Chapter III).

8. **Pleasure and Pain**
   - **Reason for Selection**: These emotions influence moral choice, and their regulation is essential for responsible action.
   - **Specific Use**: ""Virtue has for its object-matter pleasures and pains"" (Book II, Chapter III).

9. **Justice (Dikaiosynē)**
   - **Reason for Selection**: Justice is a moral virtue that ensures fairness in actions, making it critical for moral responsibility.
   - **Specific Use**: ""Justice is the moral state in virtue of which the just man is said to have the aptitude for practising the Just"" (Book V, Chapter I).

10. **Equity (Epikeia)**
    - **Reason for Selection**: Equity refines justice by allowing flexibility in applying moral principles, reflecting nuanced moral responsibility.
    - **Specific Use**: ""The Equitable is Just but better than one form of Just"" (Book V, Chapter X).

These concepts are central to Aristotle’s framework for moral responsibility, as they address the interplay between reason, habit, choice, and emotion in ethical conduct.",N/A,N/A,0,Query 2/5,0.00
0.5,0.95,50,0.5,🇪🇺 Mistral-API,"Here is a list of the 10 most prominent concepts describing criteria for moral responsibility in Aristotle's *Nicomachean Ethics*, along with explanations for their selection and specific uses:

1. **Voluntary Action (ἑκούσιον)**
   - *Reason for Selection*: Aristotle distinguishes between voluntary and involuntary actions to establish the basis for moral responsibility. Voluntary actions are those performed with knowledge and deliberation, making the agent responsible.
   - *Specific Use*: ""Involuntary actions then are thought to be of two kinds, being done either on compulsion, or by reason of ignorance. An action is, properly speaking, compulsory, when the origination is external to the agent, being such that in it the agent (perhaps we may more properly say the patient) contributes nothing"" (Book III, Chapter 1).

2. **Moral Choice (προαίρεσις, Prohairesis)**
   - *Reason for Selection*: Moral choice is central to Aristotle's ethics, as it represents the deliberate selection of actions based on reason and character.
   - *Specific Use*: ""Moral Choice is neither independent of intellect, i.e. intellectual operation, nor of a certain moral state: for right or wrong action cannot be, independently of operation of the Intellect, and moral character"" (Book III, Chapter 3).

3. **Deliberation (βουλή, Boule)**
   - *Reason for Selection*: Deliberation is the process by which agents weigh options and choose actions, linking reason to moral responsibility.
   - *Specific Use*: ""Deliberation has for its object whatever may be done through one’s own instrumentality, and the actions are with a view to other things; and so it is, not the End, but the Means to Ends on which Deliberation is employed"" (Book III, Chapter 3).

4. **Habituation (ἔθος, Ethos)**
   - *Reason for Selection*: Habituation explains how moral character is formed through repeated actions, making individuals responsible for their virtues or vices.
   - *Specific Use*: ""By doing just actions we come to be just; by doing the actions of self-mastery we come to be perfected in self-mastery; and by doing brave actions brave"" (Book II, Chapter 1).

5. **Virtue (ἀρετή, Arete)**
   - *Reason for Selection*: Virtue is the disposition to act in accordance with reason, making agents morally responsible for their actions.
   - *Specific Use*: ""Virtue then is a state apt to exercise deliberate choice, being in the relative mean, determined by reason, and as the man of practical wisdom would determine"" (Book II, Chapter 6).

6. **Practical Wisdom (φρόνησις, Phronesis)**
   - *Reason for Selection*: Practical wisdom guides moral choice, ensuring that actions align with reason and virtue.
   - *Specific Use*: ""Practical Wisdom must be a state conjoined with reason, true, having human good for its object, and apt to do"" (Book VI, Chapter 5).

7. **Self-Control (ἐγκράτεια, Enkrateia)**
   - *Reason for Selection*: Self-control demonstrates the agent's ability to regulate desires in accordance with reason, a key criterion for moral responsibility.
   - *Specific Use*: ""The man of Self-Control is identical with the man who is apt to abide by his resolution, and the man of Imperfect Self-Control with him who does not"" (Book VII, Chapter 1).

8. **Incontinence (ἀκρασία, Akrasia)**
   - *Reason for Selection*: Incontinence highlights the failure to act according to reason despite knowing the right course, raising questions about moral responsibility.
   - *Specific Use*: ""The man utterly destitute of Self-Control, as was observed before, is not given to remorse: for it is part of his character that he abides by his moral choice"" (Book VII, Chapter 6).

9. **Justice (δικαιοσύνη, Dikaiosyne)**
   - *Reason for Selection*: Justice is the virtue that ensures fair treatment of others, making agents responsible for their interactions in society.
   - *Specific Use*: ""Justice is the moral state in virtue of which the just man is said to have the aptitude for practising the Just in the way of moral choice"" (Book V, Chapter 1).

10. **Equity (ἐπιείκεια, Epieikeia)**
    - *Reason for Selection*: Equity allows for flexibility in applying justice, showing how moral responsibility involves not just strict rules but also fairness.
    - *Specific Use*: ""The Equitable is Just but better than one form of Just: and hence it appears too who the Equitable man is: he is one who has a tendency to choose and carry out these principles"" (Book V, Chapter 10).

These concepts are central to Aristotle's framework for moral responsibility, as they address the role of reason, character, and action in determining moral accountability.",N/A,N/A,0,Query 3/5,0.00
0.5,0.95,50,0.75,🇪🇺 Mistral-API,"Here are the 10 most prominent concepts describing criteria for moral responsibility in Aristotle's *Nicomachean Ethics*, along with explanations of their significance and specific uses:

1. **Voluntary Action (ἑκούσιον)**
   - **Reason for Selection**: Aristotle distinguishes between voluntary and involuntary actions to establish the basis for moral responsibility. Voluntary actions are those performed with knowledge and deliberation, making the agent morally responsible.
   - **Specific Use**: ""Involuntary actions then are thought to be of two kinds, being done either on compulsion, or by reason of ignorance. An action is, properly speaking, compulsory, when the origination is external to the agent, being such that in it the agent (perhaps we may more properly say the patient) contributes nothing"" (Book III, Chapter 1).

2. **Moral Choice (προαίρεσις, Prohairesis)**
   - **Reason for Selection**: Moral choice is central to Aristotle's ethics as it represents the deliberate selection of actions based on reason and character. It is the bridge between virtue and action.
   - **Specific Use**: ""Moral Choice is neither independent of intellect, i.e. intellectual operation, nor of a certain moral state: for right or wrong action cannot be, independently of operation of the Intellect, and moral character"" (Book III, Chapter 3).

3. **Virtue (ἀρετή, Arete)**
   - **Reason for Selection**: Virtue is the disposition that enables individuals to act in accordance with reason and moral principles, making them morally responsible for their actions.
   - **Specific Use**: ""Virtue then is a state apt to exercise deliberate choice, being in the relative mean, determined by reason, and as the man of practical wisdom would determine"" (Book II, Chapter 6).

4. **Practical Wisdom (φρόνησις, Phronesis)**
   - **Reason for Selection**: Practical wisdom is the intellectual virtue that guides moral choice and action, ensuring that individuals act in accordance with moral principles.
   - **Specific Use**: ""Practical Wisdom is a state apt to command action, concerning things good and bad for man; for this end is human good"" (Book VI, Chapter 5).

5. **Deliberation (βούλησις, Boulesis)**
   - **Reason for Selection**: Deliberation is the process by which individuals weigh options and make decisions, which is essential for moral responsibility.
   - **Specific Use**: ""Deliberation is a process of inquiry and reasoning, and time is required for inquiry"" (Book III, Chapter 3).

6. **Ignorance (ἀγνοία, Agnoia)**
   - **Reason for Selection**: Ignorance is a key factor in determining moral responsibility, as actions performed in ignorance may not be fully voluntary.
   - **Specific Use**: ""Again, every bad man is ignorant what he ought to do and what to leave undone, and by reason of such error men become unjust and wholly evil"" (Book III, Chapter 5).

7. **Passion (πάθος, Pathos)**
   - **Reason for Selection**: Passions, such as anger or desire, can influence actions and are relevant to moral responsibility, especially in cases of weakness of will.
   - **Specific Use**: ""Again, in right of the Feelings we are said to be moved, but in right of the virtues and vices not to be moved, but disposed, in a certain way"" (Book II, Chapter 5).

8. **Self-Control (ἐγκράτεια, Enkrateia)**
   - **Reason for Selection**: Self-control is the ability to regulate one's passions and actions in accordance with reason, which is crucial for moral responsibility.
   - **Specific Use**: ""Again, the man utterly destitute of Self-Control, as was observed before, is not given to remorse: for it is part of his character that he abides by his moral choice"" (Book VII, Chapter 8).

9. **Incontinence (ἀκρασία, Akrasia)**
   - **Reason for Selection**: Incontinence refers to the failure to control one's passions, which is a key concept in Aristotle's discussion of moral responsibility and weakness of will.
   - **Specific Use**: ""The man of Imperfect Self-Control is almost made up of remorse: and so the case is not as we determined it before, but the former is incurable and the latter may be cured"" (Book VII, Chapter 8).

10. **Justice (δικαιοσύνη, Dikaiosyne)**
    - **Reason for Selection**: Justice is the moral virtue that ensures fairness and equity in actions, making it a fundamental criterion for moral responsibility.
    - **Specific Use**: ""Justice is the moral state in virtue of which the just man is said to have the aptitude for practising the Just in the way of moral choice, and for making division between, himself and another"" (Book V, Chapter 1).

These concepts are central to Aristotle's framework for understanding moral responsibility, as they address the conditions under which individuals are held accountable for their actions.",N/A,N/A,0,Query 4/5,0.00
0.5,0.95,50,1.0,🇪🇺 Mistral-API,"Here are the 10 most prominent concepts describing criteria for moral responsibility in Aristotle's *Nicomachean Ethics*, along with explanations for their selection and specific uses:

1. **Voluntary Action (ἑκούσιον)**
   - **Reason for Selection**: Aristotle distinguishes between voluntary and involuntary actions to establish the foundation of moral responsibility. Voluntary actions are those performed with knowledge and deliberation, making the agent morally responsible.
   - **Specific Use**: ""Involuntary actions then are thought to be of two kinds, being done either on compulsion, or by reason of ignorance. An action is, properly speaking, compulsory, when the origination is external to the agent, being such that in it the agent (perhaps we may more properly say the patient) contributes nothing"" (Book III, Chapter 1).

2. **Moral Choice (προαίρεσις, *prohairesis*)**
   - **Reason for Selection**: Moral choice is central to Aristotle's ethics as it represents the agent's deliberate selection of actions, which is a key criterion for moral responsibility.
   - **Specific Use**: ""Moral Choice is neither independent of intellect, i.e. intellectual operation, nor of a certain moral state: for right or wrong action cannot be, independently of operation of the Intellect, and moral character"" (Book III, Chapter 3).

3. **Deliberation (βουλή, *boule*)**
   - **Reason for Selection**: Deliberation is the process by which agents weigh options and choose actions, making it essential for moral responsibility.
   - **Specific Use**: ""Deliberation is a process of inquiry, and inquiry is about things that are in themselves uncertain and obscure"" (Book III, Chapter 3).

4. **Intellect (νοῦς, *nous*)**
   - **Reason for Selection**: Intellect is the faculty that guides moral choice, ensuring that actions are rational and deliberate, thus fulfilling a criterion for moral responsibility.
   - **Specific Use**: ""The Intellect must be true and the Will right, to constitute good Moral Choice"" (Book III, Chapter 3).

5. **Habituation (ἔθος, *ethos*)**
   - **Reason for Selection**: Habituation is the process by which moral virtues are formed through repeated actions, making agents morally responsible for their character.
   - **Specific Use**: ""By doing just actions we come to be just; by doing the actions of self-mastery we come to be perfected in self-mastery"" (Book II, Chapter 1).

6. **Self-Control (ἐγκράτεια, *enkrateia*)**
   - **Reason for Selection**: Self-control is a virtue that demonstrates the agent's ability to regulate their desires and actions, a key aspect of moral responsibility.
   - **Specific Use**: ""The man of Self-Control is identical with the man who is apt to abide by his resolution"" (Book VII, Chapter 1).

7. **Incontinence (ἀκρασία, *akrasia*)**
   - **Reason for Selection**: Incontinence (weakness of will) is the failure to act according to one's moral knowledge, highlighting the tension between knowledge and action in moral responsibility.
   - **Specific Use**: ""The man of Imperfect Self-Control is not given to remorse: for it is part of his character that he abides by his moral choice"" (Book VII, Chapter 4).

8. **Virtue (ἀρετή, *aretē*)**
   - **Reason for Selection**: Virtue is the disposition to act in accordance with reason, making the agent morally responsible for their actions.
   - **Specific Use**: ""Virtue is a state apt to exercise deliberate choice, being in the relative mean, determined by reason"" (Book II, Chapter 6).

9. **Vice (κακία, *kakia*)**
   - **Reason for Selection**: Vice is the opposite of virtue, representing the failure to act morally, thus making the agent morally responsible for their character.
   - **Specific Use**: ""Vice is all this with respect to the Unjust: and since the Unjust is excess or defect of what is good or hurtful respectively, in violation of the proportionate"" (Book V, Chapter 4).

10. **Justice (δικαιοσύνη, *dikaiosynē*)**
    - **Reason for Selection**: Justice is the moral virtue that ensures fairness in actions and distributions, making it a critical criterion for moral responsibility.
    - **Specific Use**: ""Justice is the moral state in virtue of which the just man is said to have the aptitude for practising the Just in the way of moral choice"" (Book V, Chapter 1).

These concepts are central to Aristotle's framework for moral responsibility, as they define the conditions under which agents are held accountable for their actions and character.",N/A,N/A,0,Query 5/5,0.00
