Temperature,Top-p,Top-k,BM25 Weight,Model,Main Answer,Input Tokens,Output Tokens,Conversation History,Progress,Elapsed Time (s)
0.5,0.95,50,0.0,🇪🇺 Mistral-API,"Here are the 10 most prominent concepts describing criteria for moral responsibility in Aristotle's *Nicomachean Ethics*, along with explanations of their significance and specific uses in the text:

1. **Voluntary Action (ἑκούσιον)**
   - **Reason for Selection**: Aristotle distinguishes between voluntary and involuntary actions to establish the basis for moral responsibility. Voluntary actions are those performed with knowledge and choice, making the agent morally responsible.
   - **Specific Use**: ""Involuntary actions then are thought to be of two kinds, being done either on compulsion, or by reason of ignorance. An action is, properly speaking, compulsory, when the origination is external to the agent, being such that in it the agent (perhaps we may more properly say the patient) contributes nothing"" (Book III, Chapter 1).

2. **Moral Choice (προαίρεσις, Prohairesis)**
   - **Reason for Selection**: Moral choice is central to Aristotle's theory of moral responsibility, as it represents the deliberate selection of actions aligned with reason and virtue.
   - **Specific Use**: ""Moral Choice is neither independent of intellect, i.e. intellectual operation, nor of a certain moral state: for right or wrong action cannot be, independently of operation of the Intellect, and moral character"" (Book III, Chapter 3).

3. **Deliberation (βουλή, Boule)**
   - **Reason for Selection**: Deliberation is the process by which agents consider means to achieve their ends, linking practical reasoning to moral responsibility.
   - **Specific Use**: ""Deliberation is a process of inquiry, and inquiry is about what is unknown, and what is unknown is what is not true or false, but capable of being either true or false"" (Book III, Chapter 3).

4. **Virtue (ἀρετή, Arete)**
   - **Reason for Selection**: Virtue is the disposition to act in accordance with reason, making it essential for moral responsibility.
   - **Specific Use**: ""Virtue is a state apt to exercise deliberate choice, being in the relative mean, determined by reason, and as the man of practical wisdom would determine"" (Book II, Chapter 6).

5. **Practical Wisdom (φρόνησις, Phronesis)**
   - **Reason for Selection**: Practical wisdom guides moral choice by enabling agents to discern the right course of action in specific circumstances.
   - **Specific Use**: ""Practical Wisdom is a true and reasoned state of capacity to act with regard to human goods"" (Book VI, Chapter 5).

6. **Habituation (ἔθος, Ethos)**
   - **Reason for Selection**: Habituation is the process by which virtues are cultivated, making it foundational for moral responsibility.
   - **Specific Use**: ""Virtues are formed in us neither by nature nor contrary to nature, but by habit, and by an exercise of our own proper activities"" (Book II, Chapter 1).

7. **Self-Control (ἐγκράτεια, Enkrateia)**
   - **Reason for Selection**: Self-control is the ability to regulate desires and actions in accordance with reason, a key aspect of moral responsibility.
   - **Specific Use**: ""Self-Control is a kind of mixed state: however, all about this shall be set forth in a future Book"" (Book III, Chapter 12).

8. **Incontinence (ἀκρασία, Akrasia)**
   - **Reason for Selection**: Incontinence represents the failure to act according to reason despite knowing the right course, challenging the criteria for moral responsibility.
   - **Specific Use**: ""Incontinence is a state of weakness in which the agent knows the right course but fails to act accordingly due to passion"" (Book VII, Chapter 1).

9. **Justice (δικαιοσύνη, Dikaiosyne)**
   - **Reason for Selection**: Justice is the virtue that ensures fairness in actions and distributions, making it crucial for moral responsibility in social contexts.
   - **Specific Use**: ""Justice is the moral state in virtue of which the just man is said to have the aptitude for practising the Just in the way of moral choice"" (Book V, Chapter 1).

10. **Equity (ἐπιείκεια, Epieikeia)**
    - **Reason for Selection**: Equity allows for flexibility in applying justice, reflecting the nuanced criteria for moral responsibility in complex situations.
    - **Specific Use**: ""The Equitable is Just but better than one form of Just: and hence it appears too who the Equitable man is: he is one who has a tendency to choose and carry out these principles"" (Book V, Chapter 10).

These concepts collectively form the framework for Aristotle's theory of moral responsibility, emphasizing the role of reason, choice, and virtue in determining moral accountability.",N/A,N/A,0,Query 1/5,0.00
0.5,0.95,50,0.25,🇪🇺 Mistral-API,"Here is a list of the 10 most prominent concepts describing criteria for moral responsibility in the uploaded document, along with explanations for their selection and specific uses:

1. **Moral Virtue**
   - **Reason for Selection**: Aristotle frequently discusses moral virtue as a state of character that enables individuals to act rightly in accordance with reason. It is central to his ethical framework and is tied to the concept of moral responsibility.
   - **Specific Use**: ""Virtue is a state apt to exercise deliberate choice, being in the relative mean, determined by reason, and as the man of practical wisdom would determine.""

2. **Deliberate Choice (Prohairesis)**
   - **Reason for Selection**: Deliberate choice is a key concept in Aristotle's ethics, representing the voluntary actions that form the basis of moral responsibility.
   - **Specific Use**: ""Moral Choice is neither independent of intellect, i.e. intellectual operation, nor of a certain moral state: for right or wrong action cannot be, independently of operation of the Intellect, and moral character.""

3. **Voluntary Action**
   - **Reason for Selection**: Aristotle distinguishes between voluntary and involuntary actions, with voluntary actions being those for which individuals are morally responsible.
   - **Specific Use**: ""Involuntary actions then are thought to be of two kinds, being done neither on compulsion, or by reason of ignorance.""

4. **Practical Wisdom (Phronesis)**
   - **Reason for Selection**: Practical wisdom is the intellectual virtue that guides moral choice and action, making it essential for moral responsibility.
   - **Specific Use**: ""Practical Wisdom must be 'a state conjoined with reason, true, having human good for its object, and apt to do.'""

5. **Habituation (Ethos)**
   - **Reason for Selection**: Habituation is the process by which moral virtues are formed through repeated actions, shaping moral character and responsibility.
   - **Specific Use**: ""By doing just actions we come to be just; by doing the actions of self-mastery we come to be perfected in self-mastery; and by doing brave actions brave.""

6. **Self-Control (Enkrateia)**
   - **Reason for Selection**: Self-control is a moral state that involves the regulation of desires and emotions, crucial for moral responsibility.
   - **Specific Use**: ""Self-Control is more choice-worthy than Endurance. Again, he who fails when exposed to those temptations against which the common run of men hold out, and are well able to do so, is Soft and Luxurious.""

7. **Incontinence (Akrasia)**
   - **Reason for Selection**: Incontinence represents the lack of self-control, highlighting the struggle between reason and desire, which is relevant to moral responsibility.
   - **Specific Use**: ""The man utterly destitute of Self-Control, as was observed before, is not given to remorse: for it is part of his character that he abides by his moral choice.""

8. **Justice (Dikaiosyne)**
   - **Reason for Selection**: Justice is a moral virtue that involves fairness and equity, essential for moral responsibility in social interactions.
   - **Specific Use**: ""Justice is the moral state in virtue of which the just man is said to have the aptitude for practising the Just in the way of moral choice, and for making division between, himself and another.""

9. **Equity (Epikeia)**
   - **Reason for Selection**: Equity is the application of justice in a flexible and fair manner, considering individual circumstances, which is important for moral responsibility.
   - **Specific Use**: ""The Equitable is Just but better than one form of Just: and hence it appears too who the Equitable man is: he is one who has a tendency to choose and carry out these principles.""

10. **Moral Responsibility (Aitia)**
    - **Reason for Selection**: Moral responsibility is the overarching concept that ties together the other criteria, emphasizing the role of voluntary actions and character in ethical judgment.
    - **Specific Use**: ""But operation of the Intellect by itself moves nothing, only when directed to a certain result, i.e. exercised in Moral Action: (I say nothing of its being exercised in production, because this function is originated by the former: for every one who makes makes with a view to somewhat further; and that which is or may be made, is not an End in itself, but only relatively to somewhat else, and belonging to some one: whereas that which is or may be done is an End in itself, because acting well is an End in itself, and this is the object of the Will,) and so Moral Choice is either Intellect put in a position of Will-ing, or Appetition subjected to an Intellectual Process.""

These concepts are central to Aristotle's discussion of moral responsibility, as they outline the criteria for voluntary actions, moral character, and the role of reason and habit in ethical conduct.",N/A,N/A,0,Query 2/5,0.00
0.5,0.95,50,0.5,🇪🇺 Mistral-API,"Error generating response: API error occurred: Status 429
{""object"":""error"",""message"":""Service tier capacity exceeded for this model."",""type"":""service_tier_capacity_exceeded"",""param"":null,""code"":""3505""}",N/A,N/A,0,Query 3/5,0.00
0.5,0.95,50,0.75,🇪🇺 Mistral-API,"Here are the 10 most prominent concepts describing criteria for moral responsibility in Aristotle's *Nicomachean Ethics*, along with explanations for their selection based on specific uses in the text:

1. **Voluntary Action (ἑκούσιον)**
   - **Reason for Selection**: Aristotle distinguishes between voluntary and involuntary actions, emphasizing that moral responsibility hinges on voluntary acts. He defines voluntary actions as those where the agent contributes to the action's origination (e.g., ""an action is, properly speaking, compulsory, when the origination is external to the agent, being such that in it the agent... contributes nothing"" [Book III, Chapter 1]). This criterion is central to his theory of moral responsibility.

2. **Moral Choice (προαίρεσις, prohairesis)**
   - **Reason for Selection**: Moral choice is a deliberate decision that aligns with reason and virtue. Aristotle argues that moral responsibility requires not just action but the agent's deliberate choice, which is ""Will consequent on deliberation"" (Book III, Chapter 3). This concept is pivotal because it links action to the agent's rational and moral character.

3. **Deliberation (βούλησις, boulesis)**
   - **Reason for Selection**: Deliberation is the process by which agents choose actions based on reason. Aristotle states that moral choice involves deliberation, and without it, actions lack moral significance (Book III, Chapter 3). This concept is crucial because it underscores the role of reason in moral responsibility.

4. **Virtue (ἀρετή, arete)**
   - **Reason for Selection**: Virtue is the disposition to act in accordance with reason and moral principles. Aristotle defines moral responsibility as tied to the cultivation of virtues, which are habits formed through practice (Book II, Chapter 1). Virtue is essential because it shapes the agent's character and actions.

5. **Vice (κακία, kakia)**
   - **Reason for Selection**: Vice is the opposite of virtue and represents moral failings. Aristotle contrasts virtue and vice to illustrate how moral responsibility involves both positive and negative moral states (Book II, Chapter 6). Vice is significant because it highlights the consequences of moral failure.

6. **Self-Control (ἐγκράτεια, enkrateia) and Incontinence (ἀκρασία, akrasia)**
   - **Reason for Selection**: Self-control and incontinence are states where agents either resist or succumb to desires. Aristotle discusses these to explain how moral responsibility can be compromised by emotional or irrational influences (Book VII, Chapter 1). These concepts are key because they address the tension between reason and desire.

7. **Practical Wisdom (φρόνησις, phronesis)**
   - **Reason for Selection**: Practical wisdom is the ability to apply reason to moral decisions. Aristotle argues that moral responsibility requires practical wisdom to discern the right actions in specific situations (Book VI, Chapter 5). This concept is central because it bridges reason and moral action.

8. **Justice (δικαιοσύνη, dikaiosyne)**
   - **Reason for Selection**: Justice is the moral virtue that ensures fairness in actions and distributions. Aristotle defines justice as a mean state that aligns with reason and virtue (Book V, Chapter 1). Justice is crucial because it is the foundation of moral responsibility in social contexts.

9. **Injustice (ἀδικία, adikia)**
   - **Reason for Selection**: Injustice is the moral failing that disrupts fairness. Aristotle contrasts justice and injustice to show how moral responsibility involves both right and wrong actions (Book V, Chapter 1). Injustice is significant because it highlights the consequences of moral failure.

10. **Moral Responsibility (ἐγκλημα, enklēma)**
    - **Reason for Selection**: Aristotle implicitly discusses moral responsibility through concepts like voluntary action, moral choice, and virtue. While he does not use the exact term ""moral responsibility,"" the text repeatedly emphasizes that agents are responsible for their voluntary actions, choices, and character. This concept is central because it ties together the other criteria into a coherent theory of moral accountability.

These concepts are selected because they are repeatedly emphasized in the text and form the backbone of Aristotle's theory of moral responsibility. They illustrate how moral responsibility is grounded in voluntary action, deliberate choice, virtue, and practical wisdom, while also addressing the challenges posed by vice, injustice, and emotional influences.",N/A,N/A,0,Query 4/5,0.00
0.5,0.95,50,1.0,🇪🇺 Mistral-API,"Here are the 10 most prominent concepts describing criteria for moral responsibility in Aristotle's *Nicomachean Ethics*, along with explanations for their selection based on specific uses in the text:

1. **Voluntary Action (ἑκούσιον)**
   - **Reason for Selection**: Aristotle explicitly distinguishes between voluntary and involuntary actions, emphasizing that moral responsibility is tied to voluntary acts. He states, ""praise and blame arise upon such as are voluntary"" (Book III, Chapter 1), and elaborates on the conditions under which actions are considered voluntary, such as knowledge of the circumstances and absence of compulsion.

2. **Involuntary Action (ἀκούσιον)**
   - **Reason for Selection**: Aristotle contrasts involuntary actions with voluntary ones, noting that involuntary actions (e.g., those done under compulsion or ignorance) do not incur moral blame. He defines involuntary actions as those done ""by reason of ignorance"" or ""on compulsion"" (Book III, Chapter 1), thereby excluding them from moral responsibility.

3. **Moral Choice (προαίρεσις, Prohairesis)**
   - **Reason for Selection**: Moral choice is central to Aristotle's theory of moral responsibility. He argues that moral choice is ""voluntary"" and involves deliberation, making it a key criterion for moral responsibility. He states, ""Moral Choice is neither independent of intellect... nor of a certain moral state"" (Book III, Chapter 3), linking it directly to virtuous character.

4. **Deliberation (βουλή, Boule)**
   - **Reason for Selection**: Deliberation is a necessary condition for moral choice and, by extension, moral responsibility. Aristotle explains that moral choice ""is either intellect put in a position of willing, or appetition subjected to an intellectual process"" (Book III, Chapter 3), highlighting the role of deliberation in determining responsible action.

5. **Virtue (ἀρετή, Arete)**
   - **Reason for Selection**: Virtue is the disposition to act in accordance with reason and moral principles, making it a foundational concept for moral responsibility. Aristotle defines virtue as ""a state apt to exercise deliberate choice, being in the relative mean, determined by reason"" (Book II, Chapter 6), tying it directly to responsible moral action.

6. **Vice (κακία, Kakia)**
   - **Reason for Selection**: Vice is the opposite of virtue and represents the failure to act responsibly. Aristotle contrasts virtue and vice, stating that ""virtue is a mean state, and vice is an excess or defect"" (Book II, Chapter 6), thereby framing moral responsibility in terms of the absence of vice.

7. **Self-Control (ἐγκράτεια, Enkrateia)**
   - **Reason for Selection**: Self-control is a moral state that involves resisting base desires, making it a criterion for moral responsibility. Aristotle discusses self-control in contrast to incontinence (lack of self-control), noting that the self-controlled person ""abides by his resolutions"" (Book VII, Chapter 1), thereby acting responsibly.

8. **Incontinence (ἀκρασία, Akrasia)**
   - **Reason for Selection**: Incontinence represents the failure to act responsibly by yielding to base desires. Aristotle contrasts the incontinent person, who ""does not abide by his resolutions"" (Book VII, Chapter 1), with the continent person, thereby highlighting the importance of self-control for moral responsibility.

9. **Practical Wisdom (φρόνησις, Phronesis)**
   - **Reason for Selection**: Practical wisdom is the intellectual virtue that guides moral choice and action, making it essential for moral responsibility. Aristotle states that ""Practical Wisdom is a state conjoined with reason, true, having human good for its object, and apt to do"" (Book VI, Chapter 5), linking it to responsible decision-making.

10. **Justice (δικαιοσύνη, Dikaiosyne)**
    - **Reason for Selection**: Justice is a moral virtue that involves treating others fairly, making it a key criterion for moral responsibility. Aristotle defines justice as ""a mean state in virtue of which the just man is said to have the aptitude for practising the Just"" (Book V, Chapter 1), emphasizing its role in responsible social conduct.

These concepts are central to Aristotle's theory of moral responsibility, as they define the conditions under which individuals are held accountable for their actions. The text repeatedly references these terms to explain how moral responsibility is determined by voluntary action, deliberation, virtue, and practical wisdom.",N/A,N/A,0,Query 5/5,0.00
