Temperature,Top P,Top K,BM25 Weight,Extracted Concepts
0.1,0.95,50,0.6,"Virtue (aretē) [#D2691E], Practical Wisdom (phronēsis) [#006400], Choice (prohairesis) [#800000], Voluntary vs Involuntary Action [#20B2AA], Habit (ethos) [#2E8B57], Justice (dikaiosynē) [#B22222], Incontinence (akrasia) and Continence (enkrateia) [#556B2F], Pleasure and Pain [#6A5ACD], Equity (epieikeia) [#228B22], Friendship (philia) [#A0522D]"
0.33,0.95,50,0.6,"Virtue (aretē) [#D2691E], Practical Wisdom (phronēsis) [#006400], Choice (prohairesis) [#800000], Voluntary vs Involuntary Actions [#20B2AA], Moral Virtues (ethikē aretē) [#D2691E], Justice (dikaiosynē) [#B22222], Incontinence (akrasia) and Continence (enkrateia) [#556B2F], Habituation (ethos) [#2E8B57], Pleasure and Pain [#6A5ACD], Equity (epieikeia) [#228B22]"
0.55,0.95,50,0.6,"Voluntary Action (Voluntary vs Involuntary) [#20B2AA], Choice (Prohairesis) [#800000], Practical Wisdom (Phronesis) [#006400], Virtue (Arete) [#D2691E], Habituation (Ethos) [#2E8B57], Justice (Dikaiosyne) [#B22222], Incontinence (Akrasia) and Continence (Enkrateia) [#556B2F], Pleasure and Pain (Hedone and Lupe) [#6A5ACD], Equity (Epikeia) [#228B22], Friendship (Philia) [#A0522D]"
0.78,0.95,50,0.6,"Voluntary Action (Voluntary vs Involuntary) [#20B2AA], Choice (Prohairesis) [#800000], Practical Wisdom (Phronesis) [#006400], Moral Virtue (Arete Ethike) [#D2691E], Habituation (Ethos) [#2E8B57], Justice (Dikaiosyne) [#B22222], Incontinence (Akrasia) and Continence (Enkrateia) [#556B2F], Pleasure and Pain (Hedone and Lupe) [#6A5ACD], Equity (Epiekeia) [#228B22], Friendship (Philia) [#A0522D]"
1.0,0.95,50,0.6,"Virtue (aretē) [#D2691E], Practical Wisdom (phronēsis) [#006400], Choice (prohairesis) [#800000], Voluntary vs Involuntary Actions (hekousion vs akousion) [#20B2AA], Moral Virtues (ēthikai aretai) [#D2691E], Justice (dikaiosynē) [#B22222], Incontinence (akrasia) and Continence (enkrateia) [#556B2F], Habituation (ethos) [#2E8B57], Pleasure and Pain (hēdonē and lypē) [#6A5ACD], Eudaimonia (Happiness/Fulfillment) [#8B008B]"
0.5,0.1,50,0.6,"Voluntary Action (Voluntary vs Involuntary) [#20B2AA], Choice (Prohairesis) [#800000], Virtue (Arete) and Vice (Kakia) [#6A5ACD], Practical Wisdom (Phronesis) [#006400], Moral Character (Ethos) [#2E8B57], Intentionality (Boulēsis) [#8B4513], Knowledge (Epistēmē) and Ignorance (Agnoia) [#FFD700], Habituation (Ethismos) [#9932CC], Justice (Dikaiosynē) and Injustice (Adikia) [#C71585], Self-Control (Enkrateia) and Incontinence (Akrasia) [#556B2F]"
0.5,0.32,50,0.6,"Virtue (aretē) [#D2691E], Practical Wisdom (phronēsis) [#006400], Choice (prohairesis) [#800000], Voluntary vs Involuntary Action [#20B2AA], Justice (dikaiosynē) [#B22222], Incontinence (akrasia) and Continence (enkrateia) [#556B2F], Moral Virtue vs Natural Virtue [#D2691E], Pleasure and Pain [#6A5ACD], Habituation (ethos) [#2E8B57], Equity (epieikeia) [#228B22]"
0.5,0.55,50,0.6,"Voluntary Action (Voluntary vs Involuntary) [#20B2AA], Choice (Prohairesis) [#800000], Practical Wisdom (Phronesis) [#006400], Virtue (Arete) [#D2691E], Habituation (Ethos) [#2E8B57], Moral Virtue as a Mean (Mesotes) [#6A5ACD], Justice (Dikaiosyne) [#B22222], Incontinence (Akrasia) and Continence (Enkrateia) [#556B2F], Pleasure and Pain [#6A5ACD], Equity (Epikeia) [#228B22]"
0.5,0.77,50,0.6,"Virtue (ἀρετή, aretē) [#D2691E], Habit (ἔθος, ethos) [#2E8B57], Choice (προαίρεσις, prohairesis) [#800000], Pleasure and Pain (ἡδονή, hēdonē; λύπη, lupē) [#6A5ACD], Practical Wisdom (φρόνησις, phronēsis) [#006400], Incontinence (ἀκρασία, akrasia) [#556B2F], Justice (δικαιοσύνη, dikaiosynē) [#B22222], Voluntary and Involuntary (ἑκούσιον, hekousion; ἀκούσιον, akousion) [#20B2AA], Equity (ἐπιείκεια, epieikeia) [#228B22], Friendship (φιλία, philia) [#A0522D]"
0.5,0.99,50,0.6,"Voluntary Action (Voluntary vs Involuntary) [#20B2AA], Choice (Prohairesis) [#800000], Virtue (Arete) [#D2691E], Practical Wisdom (Phronesis) [#006400], Moral Virtue (Ethike Arete) [#D2691E], Incontinence (Akrasia) [#556B2F], Justice (Dikaiosyne) [#B22222], Law (Nomos) [#FF4500], Habituation (Ethos) [#2E8B57], Pleasure and Pain (Hedone and Lupe) [#6A5ACD]"
0.5,0.95,1,0.6,"Voluntary Action (Voluntary vs Involuntary) [#20B2AA], Choice (Prohairesis) [#800000], Practical Wisdom (Phronesis) [#006400], Virtue (Arete) [#D2691E], Habituation (Ethos) [#2E8B57], Justice (Dikaiosyne) [#B22222], Incontinence (Akrasia) [#556B2F], Pleasure and Pain (Hedone and Lupe) [#6A5ACD], Law (Nomos) [#FF4500], Friendship (Philia) [#A0522D]"
0.5,0.95,25,0.6,"Voluntary Action (Voluntary vs Involuntary) [#20B2AA], Choice (Prohairesis) [#800000], Practical Wisdom (Phronesis) [#006400], Virtue (Arete) [#D2691E], Habituation (Ethos) [#2E8B57], Justice (Dikaiosyne) [#B22222], Incontinence (Akrasia) [#556B2F], Moral Virtues (Ethikai Aretai) [#D2691E], Pleasure and Pain (Hedone and Lupe) [#6A5ACD], Equity (Epikeia) [#228B22]"
0.5,0.95,50,0.6,"Voluntary Action (Voluntary vs Involuntary) [#20B2AA], Choice (Prohairesis) [#800000], Knowledge (Episteme) and Ignorance (Agnoia) [#FFD700], Practical Wisdom (Phronesis) [#006400], Virtue (Arete) and Vice (Kakia) [#6A5ACD], Moral Character (Ethos) [#2E8B57], Pleasure and Pain (Hedone and Lupe) [#6A5ACD], Justice (Dikaiosyne) and Injustice (Adikia) [#C71585], Equity (Epikeia) [#228B22], Reciprocity (Antipeponthos) [#708090]"
0.5,0.95,75,0.6,"Voluntary Action (Voluntary vs Involuntary) [#20B2AA], Choice (Prohairesis) [#800000], Practical Wisdom (Phronesis) [#006400], Moral Virtue (Arete) [#D2691E], Habituation (Ethos) [#2E8B57], Justice (Dikaiosyne) [#B22222], Incontinence (Akrasia) [#556B2F], Pleasure and Pain [#6A5ACD], Self-Control (Enkrateia) [#FF6347], Equity (Epikeia) [#228B22]"
0.5,0.95,100,0.6,"Virtue (aretē) [#D2691E], Practical Wisdom (phronēsis) [#006400], Choice (prohairesis) [#800000], Habituation (ethos) [#2E8B57], Voluntary Action (hekousion) [#20B2AA], Involuntary Action (akousion) [#20B2AA], Moral Virtue (ethikē aretē) [#D2691E], Justice (dikaiosynē) [#B22222], Injustice (adikia) [#C71585], Equity (epieikeia) [#228B22]"
0.5,0.95,50,0.0,"Virtue (aretē) [#D2691E], Practical Wisdom (phronēsis) [#006400], Choice (prohairesis) [#800000], Habituation (ethos) [#2E8B57], Justice (dikaiosynē) [#B22222], Incontinence (akrasia) and Continence (enkrateia) [#556B2F], Voluntary (hekousion) and Involuntary (akousion) [#20B2AA], Mean (mesotēs) and Excess/Defect (hyperbolē/elleipsis) [#6A5ACD], Pleasure (hēdonē) and Pain (lupē) [#6A5ACD], Equity (epieikeia) [#228B22]"
0.5,0.95,50,0.25,"Voluntary Action (Voluntary vs Involuntary) [#20B2AA], Choice (Prohairesis) [#800000], Practical Wisdom (Phronesis) [#006400], Moral Virtue (Arete) [#D2691E], Habituation (Ethos) [#2E8B57], Intentionality (Boulēsis) [#8B4513], Ignorance (Agnoia) [#FFD700], Compulsion (Bia) [#FF8C00], Pleasure and Pain (Hedonē and Lupe) [#6A5ACD], Equity (Epikeia) [#228B22]"
0.5,0.95,50,0.5,"Voluntary Action (ἑκούσιον) [#20B2AA], Choice (προαίρεσις, prohairesis) [#800000], Practical Wisdom (φρόνησις, phronēsis) [#006400], Virtue (ἀρετή, aretē) [#D2691E], Habit (ἔθος, ethos) [#2E8B57], Justice (δικαιοσύνη, dikaiosynē) [#B22222], Incontinence (ἀκρασία, akrasia) [#556B2F], Equity (ἐπιείκεια, epieikeia) [#228B22], Pleasure and Pain (ἡδονή, hēdonē; λύπη, lypē) [#6A5ACD], Friendship (φιλία, philia) [#A0522D]"
0.5,0.95,50,0.75,"Virtue (aretē) [#D2691E], Practical Wisdom (phronēsis) [#006400], Voluntary Action (hekousion) [#20B2AA], Choice (prohairesis) [#800000], Justice (dikaiosynē) [#B22222], Incontinence (akrasia) [#556B2F], Habituation (ethismos) [#9932CC], Pleasure and Pain (hēdonē and lypē) [#6A5ACD], Equity (epieikeia) [#228B22], Friendship (philia) [#A0522D]"
0.5,0.95,50,1.0,"Virtue (ἀρετή) [#D2691E], Practical Wisdom (φρόνησις) [#006400], Choice (προαίρεσις) [#800000], Incontinence (ἀκρασία) and Continence (ἐγκράτεια) [#556B2F], Justice (δικαιοσύνη) [#B22222], Moral Virtue (ἠθική ἀρετή) [#D2691E], Voluntary Action (ἑκούσιον) [#20B2AA], Habituation (ἔθος) [#9932CC], Pleasure and Pain (ἡδονή and λύπη) [#6A5ACD], Equity (ἐπιείκεια) [#228B22]"
