Temperature,Top P,Top K,BM25 Weight,Extracted Concepts
0.1,0.95,50,0.6,"Voluntary Actions [#9932CC], Involuntary Actions [#9932CC], Rational Choice (Prohairesis) [#6A5ACD], Ignorance (Agnoia) [#556B2F], Virtue (Arete) [#006400], Vice (Kakia) [#D2691E], Pleasure and Pain [#C71585], Habituation (Ethos) [#800000], Forced Actions (Bia) [#2E8B57], Moral Luck (Tyche) [#B22222]"
0.33,0.95,50,0.6,"Voluntary Actions [#9932CC], Involuntary Actions [#9932CC], Ignorance [#556B2F], Rational Choice [#6A5ACD], Virtue and Vice [#C71585], Pleasure and Pain [#C71585], Forced Actions [#9932CC], Moral Character [#800000], Habituation [#FFD700], Justice and Injustice [#C71585]"
0.55,0.95,50,0.6,"Voluntary Actions [#9932CC], Involuntary Actions [#9932CC], Rational Choice [#6A5ACD], Ignorance [#556B2F], Pleasure and Pain [#C71585], Habituation [#FFD700], First Principle [#A0522D], Virtue and Vice [#C71585], Punishment and Reward [#C71585], Self-Control and Incontinence [#C71585]"
0.78,0.95,50,0.6,"Voluntary Actions [#9932CC], Involuntary Actions [#9932CC], Rational Choice [#6A5ACD], Ignorance [#556B2F], Pleasure and Pain [#C71585], Habituation [#FFD700], Virtue and Vice [#C71585], Justice and Injustice [#C71585], Self-Control and Incontinence [#C71585], Moral Luck [#B22222]"
1.0,0.95,50,0.6,"Voluntary Actions [#9932CC], Involuntary Actions [#9932CC], Rational Choice [#6A5ACD], Ignorance [#556B2F], Compulsion [#FF8C00], Pleasure and Pain [#C71585], Character (Virtue and Vice) [#800000], First Principle [#A0522D], Punishment and Praise [#C71585], Habituation [#FFD700]"
0.5,0.1,50,0.6,"Voluntary Actions [#9932CC], Involuntary Actions [#9932CC], Ignorance [#556B2F], Rational Choice [#6A5ACD], Virtue and Vice [#C71585], Pleasure and Pain [#C71585], Forced Actions [#9932CC], Self-Control and Incontinence [#C71585], Justice and Injustice [#C71585], Habituation [#FFD700]"
0.5,0.32,50,0.6,"Voluntary Actions [#9932CC], Involuntary Actions [#9932CC], Rational Choice (Prohairesis) [#6A5ACD], Ignorance (Agnoia) [#556B2F], Pleasure and Pain [#C71585], Character (Hexis) [#800000], Habituation (Ethismos) [#FFD700], Mean (Mesotes) [#20B2AA], Justice (Dikaiosyne) [#8B4513], Incontinence (Akrasia) and Self-Control (Enkrateia) [#C71585]"
0.5,0.55,50,0.6,"Voluntary Actions (ἑκούσια) [#9932CC], Involuntary Actions (ἀκούσια) [#9932CC], Forced Actions (βιαζόμενα) [#9932CC], Ignorance (ἀγνοία) [#556B2F], Rational Choice (προαίρεσις) [#6A5ACD], Virtue (ἀρετή) [#006400], Vice (κακία) [#D2691E], Pleasure and Pain (ἡδονή και λύπη) [#C71585], Habituation (ἔθος) [#FFD700], Moral Luck (τυχή) [#B22222]"
0.5,0.77,50,0.6,"Voluntary Actions [#9932CC], Involuntary Actions [#9932CC], Ignorance [#556B2F], Rational Choice [#6A5ACD], Character (Virtue/Vice) [#800000], Pleasure and Pain [#C71585], Forced Actions [#9932CC], Habituation [#FFD700], Law and Justice [#C71585], Self-Control and Incontinence [#C71585]"
0.5,0.99,50,0.6,"Voluntary Actions [#9932CC], Involuntary Actions [#9932CC], Forced Actions [#9932CC], Ignorance [#556B2F], Rational Choice [#6A5ACD], Pleasure and Pain [#C71585], Habituation [#FFD700], Justice and Injustice [#C71585], Virtue and Vice [#C71585], Punishment and Reward [#C71585]"
0.5,0.95,1,0.6,"Voluntary Actions [#9932CC], Involuntary Actions [#9932CC], Rational Choice [#6A5ACD], Ignorance [#556B2F], Pleasure and Pain [#C71585], Virtue and Vice [#C71585], Habituation [#FFD700], Justice and Injustice [#C71585], Self-Control and Incontinence [#C71585], Punishment and Reward [#C71585]"
0.5,0.95,25,0.6,"Voluntary Actions [#9932CC], Involuntary Actions [#9932CC], Rational Choice (Prohairesis) [#6A5ACD], Ignorance (Agnoia) [#556B2F], Force (Bia) [#2E8B57], Character (Ethos) [#800000], Pleasure and Pain [#C71585], Habituation (Ethismos) [#FFD700], Justice and Injustice [#C71585], Practical Wisdom (Phronesis) [#FF4500]"
0.5,0.95,50,0.6,"Voluntary Actions [#9932CC], Involuntary Actions [#9932CC], Rational Choice [#6A5ACD], Ignorance of Particulars [#556B2F], Pleasure and Pain [#C71585], First Principle [#A0522D], Character (State of Character) [#800000], Justice and Injustice [#C71585], Punishment and Blame [#C71585], Habituation [#FFD700]"
0.5,0.95,75,0.6,"Voluntary Actions [#9932CC], Involuntary Actions [#9932CC], Ignorance [#556B2F], Rational Choice [#6A5ACD], Virtue and Vice [#C71585], Pleasure and Pain [#C71585], Forced Actions [#9932CC], Habituation [#FFD700], Self-Control and Incontinence [#C71585], Justice and Injustice [#C71585]"
0.5,0.95,100,0.6,"Voluntary Actions [#9932CC], Involuntary Actions [#9932CC], Rational Choice (Prohairesis) [#6A5ACD], Ignorance (Agnoia) [#556B2F], Pleasure and Pain [#C71585], Habituation (Ethos) [#800000], First Principle (Arche) [#A0522D], Virtue (Arete) [#006400], Vice (Kakia) [#D2691E], Moral Luck (Tyche) [#B22222]"
0.5,0.95,50,0.0,"Voluntary Actions [#9932CC], Involuntary Actions [#9932CC], Rational Choice [#6A5ACD], Ignorance [#556B2F], Compulsion [#FF8C00], Pleasure and Pain [#C71585], Virtue and Vice [#C71585], Habituation [#FFD700], Justice and Injustice [#C71585], Self-Control and Incontinence [#C71585]"
0.5,0.95,50,0.25,"Voluntary Actions [#9932CC], Involuntary Actions [#9932CC], Rational Choice [#6A5ACD], Ignorance [#556B2F], Pleasure and Pain [#C71585], Character (State of Character) [#800000], Forced Actions [#9932CC], Habituation [#FFD700], Punishment and Praise [#C71585], Ends (Telos) [#228B22]"
0.5,0.95,50,0.5,"Voluntary Actions [#9932CC], Involuntary Actions [#9932CC], Rational Choice [#6A5ACD], Character (State of Character) [#800000], Virtue and Vice [#C71585], Pleasure and Pain [#C71585], Ignorance [#556B2F], First Principle (Cause of Action) [#A0522D], Habituation [#FFD700], Punishment and Praise [#C71585]"
0.5,0.95,50,0.75,"Voluntary Actions (ἑκούσια) [#9932CC], Involuntary Actions (ἀκούσια) [#9932CC], Ignorance (ἀγνοία) [#556B2F], Rational Choice (προαίρεσις) [#6A5ACD], First Principle (ἀρχή) [#A0522D], Pleasure and Pain (ἡδονή, λύπη) [#C71585], Virtue (ἀρετή) and Vice (κακία) [#C71585], Habituation (ἔθος) [#FFD700], Justice (δικαιοσύνη) and Injustice (ἀδικία) [#C71585], Equity (ἐπιείκεια) [#8B008B]"
0.5,0.95,50,1.0,"Voluntary Actions [#9932CC], Involuntary Actions [#9932CC], Rational Choice [#6A5ACD], Ignorance [#556B2F], First Principle [#A0522D], Pleasure and Pain [#C71585], Habituation [#FFD700], Justice and Injustice [#C71585], Virtue and Vice [#C71585], Punishment and Correction [#C71585]"
