Temperature,Top-p,Top-k,BM25 Weight,Model,Main Answer,Input Tokens,Output Tokens,Conversation History,Progress,Elapsed Time (s)
0.1,0.95,50,0.6,🇪🇺 Mistral-API,"Here are the 10 most prominent concepts related to moral responsibility in the provided context, along with explanations of their significance and specific uses:

1. **Virtue (aretē)**
   - *Reason for selection*: Virtue is central to Aristotle's ethics, defining moral character and responsibility. It is repeatedly described as a ""mean"" between excess and deficiency (e.g., ""moral virtue is a mean, and in what sense it is so, and that it is a mean between two vices, the one involving excess, the other deficiency"").
   - *Key passage*: ""Virtue, then, being of two kinds, intellectual and moral, intellectual virtue in the main owes both its birth and its growth to teaching... while moral virtue comes about as a result of habit.""

2. **Practical Wisdom (phronēsis)**
   - *Reason for selection*: Practical wisdom is essential for moral action, distinguishing virtuous behavior from mere habit. It is linked to moral virtue and responsible decision-making.
   - *Key passage*: ""Practical wisdom is a right rule about such matters... Socrates thought the virtues were rules or rational principles, while we think they involve a rational principle.""

3. **Choice (prohairesis)**
   - *Reason for selection*: Choice is the origin of voluntary action, a key criterion for moral responsibility. Aristotle emphasizes that actions must be voluntary to be morally evaluated.
   - *Key passage*: ""The origin of action—its efficient, not its final cause—is choice, and that of choice is desire and reasoning with a view to an end.""

4. **Voluntary vs. Involuntary Action**
   - *Reason for selection*: Aristotle distinguishes between voluntary and involuntary actions to determine moral responsibility. Involuntary actions (e.g., those under compulsion or ignorance) are not blameworthy.
   - *Key passage*: ""Those things, then, are thought involuntary, which take place under compulsion or owing to ignorance; and that is compulsory of which the moving principle is outside.""

5. **Habit (ethos)**
   - *Reason for selection*: Habit is the foundation of moral character. Aristotle argues that virtues are formed through repeated actions, making habit a criterion for moral responsibility.
   - *Key passage*: ""Moral virtue comes about as a result of habit, whence also its name (ethike) is one that is formed by a slight variation from the word ethos (habit).""

6. **Justice (dikaiosynē)**
   - *Reason for selection*: Justice is a moral virtue that governs interactions with others, making it crucial for moral responsibility in social contexts.
   - *Key passage*: ""Justice is a kind of mean, but not in the same way as the other virtues, but because it relates to an intermediate amount, while injustice relates to the extremes.""

7. **Incontinence (akrasia) and Continence (enkrateia)**
   - *Reason for selection*: These concepts explore the tension between knowledge and action, raising questions about moral responsibility when one acts against better judgment.
   - *Key passage*: ""The incontinent man is like a city which passes all the right decrees and has good laws, but makes no use of them.""

8. **Pleasure and Pain**
   - *Reason for selection*: Aristotle ties moral responsibility to the regulation of pleasures and pains, as virtues involve moderation in these experiences.
   - *Key passage*: ""Moral excellence is concerned with pleasures and pains; it is on account of the pleasure that we do bad things, and on account of the pain that we abstain from noble ones.""

9. **Equity (epieikeia)**
   - *Reason for selection*: Equity represents the application of justice in specific cases, showing how moral responsibility adapts to particular circumstances.
   - *Key passage*: ""Equity is a correction of law where it is defective owing to its universality.""

10. **Friendship (philia)**
    - *Reason for selection*: Friendship is a moral relationship that reflects mutual responsibility and virtue, demonstrating how moral responsibility extends beyond individual action.
    - *Key passage*: ""Friendship is a virtue or implies virtue, and is besides most necessary with a view to living.""

These concepts collectively form the framework for Aristotle's theory of moral responsibility, emphasizing character, choice, and the cultivation of virtue through habit.",N/A,N/A,0,Query 1/5,0.00
0.33,0.95,50,0.6,🇪🇺 Mistral-API,"Here are the 10 most prominent concepts related to moral responsibility in the provided context, along with explanations for their selection:

1. **Virtue (aretē)**
   - *Reason for selection*: Aristotle repeatedly emphasizes that moral responsibility is tied to the cultivation of virtue, which is a state of character that enables individuals to act in accordance with reason and moral principles. Virtue is not innate but developed through habit and practice (e.g., ""moral virtue comes about as a result of habit"").
   - *Key passage*: ""Virtue, then, being of two kinds, intellectual and moral, intellectual virtue in the main owes both its birth and its growth to teaching... while moral virtue comes about as a result of habit.""

2. **Practical Wisdom (phronēsis)**
   - *Reason for selection*: Practical wisdom is essential for moral responsibility because it enables individuals to deliberate and act in accordance with moral virtues. It is distinct from theoretical wisdom and is necessary for making ethical judgments.
   - *Key passage*: ""Practical wisdom is a right rule about such matters. Socrates, then, thought the virtues were rules or rational principles... while we think they involve a rational principle.""

3. **Choice (prohairesis)**
   - *Reason for selection*: Moral responsibility is tied to the capacity for choice, which is the deliberate selection of actions based on reason and character. Aristotle distinguishes between voluntary and involuntary actions, with choice being a key factor in determining moral responsibility.
   - *Key passage*: ""The origin of action—its efficient, not its final cause—is choice, and that of choice is desire and reasoning with a view to an end.""

4. **Voluntary vs. Involuntary Actions**
   - *Reason for selection*: Aristotle distinguishes between voluntary and involuntary actions to determine moral responsibility. Voluntary actions are those performed with knowledge and choice, while involuntary actions are compelled by external forces or ignorance.
   - *Key passage*: ""Those things, then, are thought involuntary, which take place under compulsion or owing to ignorance; and that is compulsory of which the moving principle is outside, being a principle in which nothing is contributed by the person who is acting.""

5. **Moral Virtues (ethikē aretē)**
   - *Reason for selection*: Moral virtues, such as justice, courage, and temperance, are central to Aristotle's ethics and are necessary for moral responsibility. They are cultivated through habit and practice.
   - *Key passage*: ""Moral virtue is a mean, then, and in what sense it is so, and that it is a mean between two vices, the one involving excess, the other deficiency.""

6. **Justice (dikaiosynē)**
   - *Reason for selection*: Justice is a key moral virtue that governs interactions between individuals and is essential for moral responsibility. Aristotle distinguishes between distributive and corrective justice.
   - *Key passage*: ""Justice is a kind of mean, but not in the same way as the other virtues, but because it relates to an intermediate amount, while injustice relates to the extremes.""

7. **Incontinence (akrasia) and Continence (enkrateia)**
   - *Reason for selection*: These concepts address the tension between knowledge and action, which is crucial for understanding moral responsibility. Incontinence refers to acting against one's better judgment, while continence is the ability to resist such impulses.
   - *Key passage*: ""Incontinence and continence are concerned with that which is in excess of the state characteristic of most men; for the continent man abides by his resolutions more and the incontinent man less than most men can.""

8. **Habituation (ethos)**
   - *Reason for selection*: Habituation is the process by which moral virtues are cultivated, making it a foundational concept for moral responsibility. Aristotle argues that moral character is formed through repeated actions.
   - *Key passage*: ""By doing the acts that we do in our transactions with other men we become just or unjust, and by doing the acts that we do in the presence of danger, and being habituated to feel fear or confidence, we become brave or cowardly.""

9. **Pleasure and Pain**
   - *Reason for selection*: Aristotle argues that moral responsibility involves the regulation of pleasures and pains, as these influence actions and character. Virtue is a mean between excess and deficiency in passions.
   - *Key passage*: ""Moral virtue is concerned with pleasures and pains; it is on account of the pleasure that we do bad things, and on account of the pain that we abstain from noble ones.""

10. **Equity (epieikeia)**
    - *Reason for selection*: Equity is a corrective to strict justice, allowing for flexibility in moral judgments. It is essential for moral responsibility because it accounts for the complexities of human interactions.
    - *Key passage*: ""Equity is a correction of law where it is defective owing to its universality.""

These concepts are central to Aristotle's ethical framework and provide a robust foundation for understanding moral responsibility in his philosophy.",N/A,N/A,0,Query 2/5,0.00
0.55,0.95,50,0.6,🇪🇺 Mistral-API,"Here is a list of the 10 most prominent concepts describing criteria for moral responsibility in the provided text, along with explanations for their selection based on specific uses:

1. **Voluntary Action (Voluntary vs. Involuntary)**
   - *Reason for Selection*: Aristotle repeatedly distinguishes between voluntary and involuntary actions as foundational to moral responsibility. For example, he states that ""those things, then, are thought involuntary, which take place under compulsion or owing to ignorance"" (Book III, 1). This distinction is crucial for assigning praise, blame, or pardon.

2. **Choice (Prohairesis)**
   - *Reason for Selection*: Choice is central to moral responsibility, as Aristotle argues that ""the origin of action—its efficient, not its final cause—is choice, and that of choice is desire and reasoning with a view to an end"" (Book VI, 2). Choice involves deliberation and intention, making it a key criterion for moral responsibility.

3. **Practical Wisdom (Phronesis)**
   - *Reason for Selection*: Practical wisdom is essential for moral responsibility because it guides action toward the good. Aristotle states that ""practical wisdom is a right rule about such matters"" (Book VI, 5), meaning it helps individuals act in accordance with virtue.

4. **Virtue (Arete)**
   - *Reason for Selection*: Virtue is the disposition to act rightly, and Aristotle emphasizes that ""virtue is a state of character concerned with choice"" (Book VI, 13). Moral responsibility hinges on the cultivation and exercise of virtue.

5. **Habituation (Ethos)**
   - *Reason for Selection*: Aristotle argues that moral responsibility is shaped by habituation, stating that ""by doing the acts that we do in our transactions with other men we become just or unjust"" (Book II, 1). This means that repeated actions form character, influencing moral responsibility.

6. **Justice (Dikaiosyne)**
   - *Reason for Selection*: Justice is a key virtue in moral responsibility, as Aristotle defines it as ""a kind of mean"" (Book V, 1) and distinguishes between distributive and corrective justice. Moral responsibility involves acting justly in social and legal contexts.

7. **Incontinence (Akrasia) and Continence (Enkrateia)**
   - *Reason for Selection*: Aristotle discusses incontinence (acting against one’s better judgment) and continence (restraining oneself) as conditions affecting moral responsibility. He notes that ""the incontinent man is like a city which passes all the right decrees and has good laws, but makes no use of them"" (Book VII, 10), highlighting the tension between knowledge and action.

8. **Pleasure and Pain (Hedone and Lupe)**
   - *Reason for Selection*: Moral responsibility involves regulating pleasure and pain, as Aristotle states that ""moral virtue is concerned with pleasures and pains"" (Book II, 3). Virtuous action requires moderation in response to these feelings.

9. **Equity (Epikeia)**
   - *Reason for Selection*: Equity is a corrective to strict justice, and Aristotle argues that ""the equitable is a correction of law where it is defective owing to its universality"" (Book V, 10). Moral responsibility sometimes requires flexible judgment beyond rigid rules.

10. **Friendship (Philia)**
    - *Reason for Selection*: Aristotle links moral responsibility to friendship, stating that ""friendship is a virtue or implies virtue"" (Book VIII, 1). Moral responsibility extends to how one treats others, and friendship is a key context for ethical behavior.

These concepts are central to Aristotle’s framework of moral responsibility, as they address the conditions under which individuals are held accountable for their actions.",N/A,N/A,0,Query 3/5,0.00
0.78,0.95,50,0.6,🇪🇺 Mistral-API,"Here are the 10 most prominent concepts describing criteria for moral responsibility in the uploaded document, along with their specific uses and reasons for selection:

1. **Voluntary Action (Voluntary vs. Involuntary)**
   - *Reason for Selection*: Aristotle repeatedly distinguishes between voluntary and involuntary actions as foundational to moral responsibility. For example, he states, ""those things that are thought involuntary... take place under compulsion or owing to ignorance"" (Book III, 1), emphasizing that only voluntary actions are subject to praise or blame.
   - *Key Passage*: ""Those things, then, are thought involuntary, which take place under compulsion or owing to ignorance; and that is compulsory of which the moving principle is outside, being a principle in which nothing is contributed by the person who is acting or is feeling the passion"" (Book III, 1).

2. **Choice (Prohairesis)**
   - *Reason for Selection*: Choice is central to Aristotle’s ethics, as it bridges intention and action. He defines choice as ""desiderative reason"" (Book VI, 2), meaning it involves both rational deliberation and desire. Moral responsibility hinges on the agent’s ability to choose actions in accordance with virtue.
   - *Key Passage*: ""Choice cannot exist either without reason and intellect or without a moral state; for good action and its opposite cannot exist without a combination of intellect and character"" (Book VI, 2).

3. **Practical Wisdom (Phronesis)**
   - *Reason for Selection*: Practical wisdom is the intellectual virtue that enables individuals to deliberate and act in accordance with moral virtue. Aristotle argues that without practical wisdom, moral virtue is ineffective, as it lacks the ability to apply virtue in specific situations.
   - *Key Passage*: ""It is clear, then, from what has been said, that it is not possible to be good in the strict sense without practical wisdom, nor practically wise without moral virtue"" (Book VI, 13).

4. **Moral Virtue (Arete Ethike)**
   - *Reason for Selection*: Moral virtue is the habitual disposition to act in accordance with reason, cultivated through practice. Aristotle defines it as a mean between excess and deficiency, emphasizing that moral responsibility requires the cultivation of virtuous habits.
   - *Key Passage*: ""Moral virtue is a mean, then, and in what sense it is so, and that it is a mean between two vices, the one involving excess, the other deficiency"" (Book II, 6).

5. **Habituation (Ethos)**
   - *Reason for Selection*: Aristotle argues that moral responsibility is shaped by habituation, as virtues are formed through repeated actions. This concept is crucial because it explains how individuals become morally responsible agents over time.
   - *Key Passage*: ""By doing the acts that we do in our transactions with other men we become just or unjust, and by doing the acts that we do in the presence of danger, and being habituated to feel fear or confidence, we become brave or cowardly"" (Book II, 1).

6. **Justice (Dikaiosyne)**
   - *Reason for Selection*: Justice is a key moral virtue that governs interactions between individuals. Aristotle distinguishes between distributive and corrective justice, both of which are essential for moral responsibility in social contexts.
   - *Key Passage*: ""Justice is a kind of mean, but not in the same way as the other virtues, but because it relates to an intermediate amount, while injustice relates to the extremes"" (Book V, 5).

7. **Incontinence (Akrasia) and Continence (Enkrateia)**
   - *Reason for Selection*: These concepts explore the tension between reason and desire, highlighting the conditions under which individuals may act against their better judgment. Aristotle uses them to analyze moral responsibility in cases of weakness of will.
   - *Key Passage*: ""The incontinent man is like a city which passes all the right decrees and has good laws, but makes no use of them"" (Book VII, 3).

8. **Pleasure and Pain (Hedone and Lupe)**
   - *Reason for Selection*: Aristotle argues that moral virtue is concerned with the regulation of pleasures and pains, as these influence action. The ability to experience pleasure and pain appropriately is a mark of moral responsibility.
   - *Key Passage*: ""Moral excellence is concerned with pleasures and pains; it is on account of the pleasure that we do bad things, and on account of the pain that we abstain from noble ones"" (Book III, 10).

9. **Equity (Epiekeia)**
   - *Reason for Selection*: Equity is a corrective to strict justice, allowing for flexibility in moral judgment. It reflects the moral responsibility to consider individual circumstances beyond rigid rules.
   - *Key Passage*: ""The equitable is a correction of law where it is defective owing to its universality"" (Book V, 10).

10. **Friendship (Philia)**
    - *Reason for Selection*: Friendship is a moral relationship that fosters mutual responsibility. Aristotle argues that true friendship requires virtue, as it involves mutual care and accountability.
    - *Key Passage*: ""Friendship is a virtue, or implies virtue, and is besides most necessary with a view to living"" (Book VIII, 1).

These concepts collectively form the framework for Aristotle’s understanding of moral responsibility, emphasizing the interplay between habit, reason, and social context.",N/A,N/A,0,Query 4/5,0.00
1.0,0.95,50,0.6,🇪🇺 Mistral-API,"Here are the 10 most prominent concepts related to moral responsibility in the provided context, along with their significance and specific uses:

1. **Virtue (aretē)**
   - *Reason for selection*: Virtue is central to Aristotle's ethics, serving as the foundation for moral responsibility. It is described as a ""state of character"" that enables individuals to act in accordance with reason and the mean (Nicomachean Ethics, Book II).
   - *Specific use*: ""Virtue is a kind of mean, since, as we say, it aims at what is intermediate in passions and in actions"" (Nicomachean Ethics, Book II).

2. **Practical Wisdom (phronēsis)**
   - *Reason for selection*: Practical wisdom is essential for moral responsibility because it guides action toward the good. It is distinct from theoretical wisdom and is necessary for virtuous decision-making.
   - *Specific use*: ""Practical wisdom is a right rule about such matters. Socrates, then, thought the virtues were rules or rational principles"" (Nicomachean Ethics, Book VI).

3. **Choice (prohairesis)**
   - *Reason for selection*: Choice is the voluntary act that connects intention to action, making it a key criterion for moral responsibility. Aristotle emphasizes that actions must be chosen to be morally significant.
   - *Specific use*: ""The origin of action—its efficient, not its final cause—is choice, and that of choice is desire and reasoning with a view to an end"" (Nicomachean Ethics, Book III).

4. **Voluntary vs. Involuntary Actions (hekousion vs. akousion)**
   - *Reason for selection*: Distinguishing between voluntary and involuntary actions is crucial for moral responsibility, as only voluntary acts are subject to praise or blame.
   - *Specific use*: ""Those things, then, are thought involuntary, which take place under compulsion or owing to ignorance"" (Nicomachean Ethics, Book III).

5. **Moral Virtues (ēthikai aretai)**
   - *Reason for selection*: Moral virtues (e.g., courage, temperance, justice) are habits that enable individuals to act responsibly by moderating passions and actions.
   - *Specific use*: ""Moral virtue is a disposition, lying in a mean that is relative to us and determined by a rational principle"" (Nicomachean Ethics, Book II).

6. **Justice (dikaiosynē)**
   - *Reason for selection*: Justice is a key virtue in moral responsibility, ensuring fairness in actions and relationships. Aristotle distinguishes between distributive and corrective justice.
   - *Specific use*: ""Justice is a kind of mean, but not in the same way as the other virtues, but because it relates to an intermediate amount"" (Nicomachean Ethics, Book V).

7. **Incontinence (akrasia) and Continence (enkrateia)**
   - *Reason for selection*: These concepts explore the tension between reason and desire, highlighting the conditions under which moral responsibility is compromised or upheld.
   - *Specific use*: ""Incontinence and continence are concerned with that which is in excess of the state characteristic of most men"" (Nicomachean Ethics, Book VII).

8. **Habituation (ethos)**
   - *Reason for selection*: Aristotle argues that moral responsibility is shaped by habit, as repeated actions form character. This underscores the role of upbringing and practice in moral development.
   - *Specific use*: ""Moral virtue comes about as a result of habit, whence also its name (ethike) is one that is formed by a slight variation from the word ethos (habit)"" (Nicomachean Ethics, Book II).

9. **Pleasure and Pain (hēdonē and lypē)**
   - *Reason for selection*: Moral responsibility involves the regulation of pleasure and pain, as virtues are defined by the proper response to these emotions.
   - *Specific use*: ""Moral excellence is concerned with pleasures and pains; it is on account of the pleasure that we do bad things"" (Nicomachean Ethics, Book III).

10. **Eudaimonia (Happiness/Fulfillment)**
    - *Reason for selection*: Eudaimonia is the ultimate goal of moral responsibility, representing a life lived in accordance with virtue and reason.
    - *Specific use*: ""Happiness is a virtuous activity of soul, of a certain kind"" (Nicomachean Ethics, Book I).

These concepts collectively form the framework for Aristotle's theory of moral responsibility, emphasizing the role of reason, habit, and virtuous action in ethical life.",N/A,N/A,0,Query 5/5,0.00
