Temperature,Top-p,Top-k,BM25 Weight,Model,Main Answer,Input Tokens,Output Tokens,Conversation History,Progress,Elapsed Time (s)
0.5,0.1,50,0.6,🇪🇺 Mistral-API,"Here are the 10 most prominent concepts describing criteria for moral responsibility in the uploaded document, along with their specific uses and significance:

1. **Voluntary Action (Voluntary vs. Involuntary)**
   - *Use*: Aristotle distinguishes between voluntary and involuntary actions, emphasizing that moral responsibility is tied to voluntary acts. Involuntary actions (e.g., those compelled by external forces or ignorance) are not blameworthy.
   - *Significance*: This criterion is foundational for assigning moral responsibility, as it separates actions over which an agent has control from those they do not.

2. **Choice (Prohairesis)**
   - *Use*: Aristotle defines moral responsibility in terms of *prohairesis* (choice), which involves deliberate decision-making. Virtue and vice are tied to the agent’s ability to choose actions in accordance with reason and character.
   - *Significance*: Choice is central to moral agency, as it reflects the agent’s rational capacity to act in accordance with virtue.

3. **Virtue (Arete) and Vice (Kakia)**
   - *Use*: Moral responsibility is linked to the cultivation of virtues (e.g., courage, justice, temperance) and the avoidance of vices (e.g., cowardice, injustice, intemperance). Virtues are habits formed through practice.
   - *Significance*: Virtues and vices shape an agent’s character, determining their moral responsibility for actions.

4. **Practical Wisdom (Phronesis)**
   - *Use*: Practical wisdom is the rational capacity to deliberate about actions in accordance with virtue. It is necessary for moral responsibility because it guides the agent toward virtuous choices.
   - *Significance*: Without practical wisdom, an agent cannot act morally, as they lack the ability to discern the right course of action.

5. **Moral Character (Ethos)**
   - *Use*: Aristotle argues that moral responsibility is tied to an agent’s character, which is formed through habit and practice. A virtuous character leads to morally responsible actions.
   - *Significance*: Character is the foundation of moral agency, as it determines how an agent acts in different situations.

6. **Intentionality (Boulēsis)**
   - *Use*: Moral responsibility requires that actions be performed with a certain intention. For example, an act of injustice is blameworthy only if it is done intentionally, not accidentally.
   - *Significance*: Intentionality distinguishes morally significant actions from mere accidents or mistakes.

7. **Knowledge (Epistēmē) and Ignorance (Agnoia)**
   - *Use*: Aristotle distinguishes between actions done in ignorance (which may reduce moral responsibility) and those done with knowledge. Ignorance can mitigate blame, but only if it is involuntary.
   - *Significance*: Knowledge is a key factor in determining moral responsibility, as it reflects the agent’s awareness of their actions.

8. **Habituation (Ethismos)**
   - *Use*: Moral responsibility is shaped by habituation—the process of forming virtuous or vicious habits through repeated actions. Aristotle argues that moral education is essential for cultivating responsible behavior.
   - *Significance*: Habituation explains how moral responsibility develops over time through practice and upbringing.

9. **Justice (Dikaiosynē) and Injustice (Adikia)**
   - *Use*: Justice is a key virtue that determines moral responsibility in social interactions. Injustice, whether intentional or negligent, is a failure of moral responsibility.
   - *Significance*: Justice is the foundation of moral responsibility in relationships, ensuring fairness and accountability.

10. **Self-Control (Enkrateia) and Incontinence (Akrasia)**
   - *Use*: Aristotle discusses self-control (the ability to act in accordance with reason despite desires) and incontinence (weakness of will, where an agent acts against their better judgment). Moral responsibility is affected by whether an agent can control their actions.
   - *Significance*: Self-control and incontinence highlight the tension between reason and desire in moral agency, influencing how responsibility is assigned.

These concepts collectively form the framework for Aristotle’s theory of moral responsibility, emphasizing the role of reason, character, and intentionality in determining moral agency.",N/A,N/A,0,Query 1/5,0.00
0.5,0.32,50,0.6,🇪🇺 Mistral-API,"Here are the 10 most prominent concepts related to moral responsibility in the provided context, along with their significance and specific uses:

1. **Virtue (aretē)**
   - *Reason for selection*: Virtue is central to Aristotle’s ethics, defining moral character and responsibility. It is described as a mean between excess and deficiency (e.g., courage as the mean between cowardice and rashness).
   - *Specific use*: ""Moral virtue is a mean... between two vices, the one involving excess, the other deficiency"" (Book II).

2. **Practical Wisdom (phronēsis)**
   - *Reason for selection*: Practical wisdom is essential for moral action, as it guides virtuous behavior. It is distinct from theoretical wisdom and involves deliberation about particular actions.
   - *Specific use*: ""Practical wisdom is a right rule about such matters... Socrates thought the virtues were rules or rational principles"" (Book VI).

3. **Choice (prohairesis)**
   - *Reason for selection*: Choice is the origin of voluntary action, linking moral responsibility to deliberate decisions. Aristotle distinguishes between voluntary and involuntary actions.
   - *Specific use*: ""The origin of action is choice, and that of choice is desire and reasoning with a view to an end"" (Book III).

4. **Voluntary vs. Involuntary Action**
   - *Reason for selection*: Moral responsibility hinges on whether an action is voluntary (done with knowledge and choice) or involuntary (compelled or ignorant).
   - *Specific use*: ""Those things... are thought involuntary, which take place under compulsion or owing to ignorance"" (Book III).

5. **Justice (dikaiosynē)**
   - *Reason for selection*: Justice is a key moral virtue, ensuring fairness in actions and relationships. It is divided into distributive and corrective justice.
   - *Specific use*: ""Justice is a kind of mean... between excess and defect, contrary to proportion"" (Book V).

6. **Incontinence (akrasia) and Continence (enkrateia)**
   - *Reason for selection*: These concepts explore the tension between knowledge and action, raising questions about moral responsibility when one acts against better judgment.
   - *Specific use*: ""The incontinent man is like a city which passes all the right decrees and has good laws, but makes no use of them"" (Book VII).

7. **Moral Virtue vs. Natural Virtue**
   - *Reason for selection*: Aristotle distinguishes between natural dispositions (e.g., bravery in children) and fully developed moral virtues, which require reason and habit.
   - *Specific use*: ""Natural virtue to virtue in the strict sense... the latter involves practical wisdom"" (Book II).

8. **Pleasure and Pain**
   - *Reason for selection*: Moral responsibility involves moderating pleasures and pains, as excess or deficiency in these affects virtuous behavior.
   - *Specific use*: ""Moral excellence is concerned with pleasures and pains... it is on account of the pleasure that we do bad things"" (Book II).

9. **Habituation (ethos)**
   - *Reason for selection*: Aristotle argues that moral responsibility is shaped by habituation, as virtues are formed through repeated actions.
   - *Specific use*: ""By doing the acts that we do in our transactions with other men we become just or unjust"" (Book II).

10. **Equity (epieikeia)**
    - *Reason for selection*: Equity refines justice by allowing flexibility in moral judgments, balancing strict rules with fairness in particular cases.
    - *Specific use*: ""Equity is a correction of law where it is defective owing to its universality"" (Book V).

These concepts collectively form the foundation of Aristotle’s theory of moral responsibility, emphasizing the role of reason, habit, and virtuous character in ethical action.",N/A,N/A,0,Query 2/5,0.00
0.5,0.55,50,0.6,🇪🇺 Mistral-API,"Here are the 10 most prominent concepts describing criteria for moral responsibility in the provided text, along with explanations of their significance and specific uses:

1. **Voluntary Action (Voluntary vs. Involuntary)**
   - *Reason for Selection*: Aristotle repeatedly distinguishes between voluntary and involuntary actions as foundational to moral responsibility. He argues that praise and blame are assigned based on voluntary actions, while involuntary actions (e.g., those compelled by force or ignorance) are excused.
   - *Specific Use*: ""Those things, then, are thought involuntary, which take place under compulsion or owing to ignorance; and that is compulsory of which the moving principle is outside, being a principle in which nothing is contributed by the person who is acting or is feeling the passion"" (Book III, 1).

2. **Choice (Prohairesis)**
   - *Reason for Selection*: Choice is central to Aristotle’s ethics, as it bridges intention and action. Moral responsibility hinges on whether an action is chosen deliberately.
   - *Specific Use*: ""The origin of action—its efficient, not its final cause—is choice, and that of choice is desire and reasoning with a view to an end"" (Book VI, 2).

3. **Practical Wisdom (Phronesis)**
   - *Reason for Selection*: Practical wisdom is the intellectual virtue that enables individuals to deliberate well and act in accordance with moral principles, making it essential for moral responsibility.
   - *Specific Use*: ""Practical wisdom is linked to virtue of character, and this to practical wisdom, since the principles of practical wisdom are in accordance with the moral virtues"" (Book I, 8).

4. **Virtue (Arete)**
   - *Reason for Selection*: Virtue is the disposition that enables individuals to act morally, and Aristotle defines moral responsibility in terms of virtuous or vicious character.
   - *Specific Use*: ""Virtue, then, being of two kinds, intellectual and moral, intellectual virtue in the main owes both its birth and its growth to teaching... while moral virtue comes about as a result of habit"" (Book II, 1).

5. **Habituation (Ethos)**
   - *Reason for Selection*: Aristotle emphasizes that moral character is formed through habituation, making moral responsibility dependent on upbringing and practice.
   - *Specific Use*: ""By doing the acts that we do in our transactions with other men we become just or unjust, and by doing the acts that we do in the presence of danger, and being habituated to feel fear or confidence, we become brave or cowardly"" (Book II, 1).

6. **Moral Virtue as a Mean (Mesotes)**
   - *Reason for Selection*: Aristotle’s doctrine of the mean suggests that moral responsibility involves acting in moderation, avoiding excess and deficiency.
   - *Specific Use*: ""Moral virtue is a mean, then, and in what sense it is so, and that it is a mean between two vices, the one involving excess, the other deficiency"" (Book II, 9).

7. **Justice (Dikaiosyne)**
   - *Reason for Selection*: Justice is a key virtue that governs moral responsibility in social and political contexts, ensuring fairness in actions.
   - *Specific Use*: ""Justice is a kind of mean, but not in the same way as the other virtues, but because it relates to an intermediate amount, while injustice relates to the extremes"" (Book V, 5).

8. **Incontinence (Akrasia) and Continence (Enkrateia)**
   - *Reason for Selection*: These concepts explore the tension between knowledge and action, raising questions about moral responsibility when individuals act against their better judgment.
   - *Specific Use*: ""The incontinent man is like the people who get drunk quickly and on little wine, i.e., on less than most people"" (Book VII, 8).

9. **Pleasure and Pain**
   - *Reason for Selection*: Aristotle links moral responsibility to the regulation of pleasures and pains, as these influence actions and character.
   - *Specific Use*: ""Moral excellence is concerned with pleasures and pains; it is on account of the pleasure that we do bad things, and on account of the pain that we abstain from noble ones"" (Book III, 3).

10. **Equity (Epikeia)**
    - *Reason for Selection*: Equity allows for flexibility in moral judgment, recognizing that strict adherence to rules may not always align with justice.
    - *Specific Use*: ""The equitable is a correction of law where it is defective owing to its universality"" (Book V, 10).

These concepts collectively form the framework for Aristotle’s understanding of moral responsibility, emphasizing the role of choice, habit, virtue, and practical wisdom in determining moral accountability.",N/A,N/A,0,Query 3/5,0.00
0.5,0.77,50,0.6,🇪🇺 Mistral-API,"Here are the 10 most prominent concepts related to moral responsibility in the provided text, along with their significance and specific uses:

1. **Virtue (ἀρετή, aretē)**
   - *Reason for selection*: Virtue is central to Aristotle's ethics, defining moral responsibility as the cultivation of character traits (e.g., courage, temperance) that guide actions toward the good. The text repeatedly emphasizes that virtue is a mean between excess and deficiency (e.g., ""moral virtue is a mean, and in what sense it is so, and that it is a mean between two vices, the one involving excess, the other deficiency"").
   - *Key passage*: ""Virtue, then, being of two kinds, intellectual and moral, intellectual virtue in the main owes both its birth and its growth to teaching... while moral virtue comes about as a result of habit.""

2. **Habit (ἔθος, ethos)**
   - *Reason for selection*: Moral responsibility is tied to habituation, as virtues are formed through repeated actions. Aristotle argues that ""moral virtue comes about as a result of habit"" and that ""we become just by doing just acts, and temperate by doing temperate acts.""
   - *Key passage*: ""From this it is also plain that none of the moral virtues arises in us by nature; for nothing that exists by nature can form a habit contrary to its nature.""

3. **Choice (προαίρεσις, prohairesis)**
   - *Reason for selection*: Choice is the deliberate exercise of moral agency, distinguishing voluntary actions (and thus moral responsibility) from involuntary ones. The text states that ""virtue makes the choice right"" and that ""the origin of action—its efficient, not its final cause—is choice.""
   - *Key passage*: ""The origin of action—its efficient, not its final cause—is choice, and that of choice is desire and reasoning with a view to an end.""

4. **Pleasure and Pain (ἡδονή, hēdonē; λύπη, lupē)**
   - *Reason for selection*: Moral responsibility involves regulating passions, as virtues are concerned with moderating pleasure and pain. Aristotle argues that ""moral excellence is concerned with pleasures and pains"" and that ""the man who abstains from bodily pleasures and delights in this very fact is temperate.""
   - *Key passage*: ""Moral excellence is concerned with pleasures and pains; for the man who abstains from bodily pleasures and delights in this very fact is temperate, while the man who is annoyed at it is self-indulgent.""

5. **Practical Wisdom (φρόνησις, phronēsis)**
   - *Reason for selection*: Practical wisdom (phronēsis) is the rational faculty that guides virtuous action, making it essential for moral responsibility. The text states that ""practical wisdom is a right rule about such matters"" and that ""it is not possible to be good in the strict sense without practical wisdom.""
   - *Key passage*: ""Socrates, then, thought the virtues were rules or rational principles... while we think they involve a rational principle.""

6. **Incontinence (ἀκρασία, akrasia)**
   - *Reason for selection*: Incontinence (weakness of will) is a failure of moral responsibility, where one acts against one's better judgment. Aristotle distinguishes between the incontinent man (who knows the right rule but fails to follow it) and the self-indulgent man (who lacks proper habituation).
   - *Key passage*: ""The incontinent man is like a city which passes all the right decrees and has good laws, but makes no use of them.""

7. **Justice (δικαιοσύνη, dikaiosynē)**
   - *Reason for selection*: Justice is a key virtue governing moral responsibility in social interactions. Aristotle defines justice as ""a kind of mean"" and distinguishes between distributive and rectificatory justice.
   - *Key passage*: ""Justice is a kind of mean, but not in the same way as the other virtues, but because it relates to an intermediate amount, while injustice relates to the extremes.""

8. **Voluntary and Involuntary (ἑκούσιον, hekousion; ἀκούσιον, akousion)**
   - *Reason for selection*: Moral responsibility hinges on the distinction between voluntary (and thus blameworthy) and involuntary actions. Aristotle argues that ""those things are thought involuntary, which take place under compulsion or owing to ignorance.""
   - *Key passage*: ""Those things, then, are thought involuntary, which take place under compulsion or owing to ignorance; and that is compulsory of which the moving principle is outside.""

9. **Equity (ἐπιείκεια, epieikeia)**
   - *Reason for selection*: Equity is a corrective to strict justice, allowing for moral flexibility in judgment. Aristotle describes equity as ""a correction of law where it is defective owing to its universality.""
   - *Key passage*: ""Equity is a correction of law where it is defective owing to its universality.""

10. **Friendship (φιλία, philia)**
    - *Reason for selection*: Friendship is a moral relationship that fosters mutual responsibility. Aristotle argues that ""friendship is a virtue or implies virtue"" and that ""the virtuous man is related to his friend in the same way as he is related to himself.""
    - *Key passage*: ""Friendship is a virtue or implies virtue, and it is most necessary with a view to living.""

These concepts collectively form the framework for Aristotle's theory of moral responsibility, emphasizing character, habit, reason, and social virtue.",N/A,N/A,0,Query 4/5,0.00
0.5,0.99,50,0.6,🇪🇺 Mistral-API,"Here are the 10 most prominent concepts describing criteria for moral responsibility in the provided text, along with their significance and specific uses:

1. **Voluntary Action (Voluntary vs. Involuntary)**
   - *Reason for selection*: Aristotle repeatedly distinguishes between voluntary and involuntary actions as foundational to moral responsibility. He states that ""praise and blame are bestowed on voluntary actions"" (*Book III, 1*), while involuntary actions (e.g., those under compulsion or ignorance) are excused.
   - *Key passage*: ""Those things, then, are thought involuntary, which take place under compulsion or owing to ignorance"" (*Book III, 1*).

2. **Choice (Prohairesis)**
   - *Reason for selection*: Moral responsibility hinges on *choice*, which Aristotle defines as ""desire and reasoning with a view to an end"" (*Book III, 5*). Choice is voluntary and thus central to ethical judgment.
   - *Key passage*: ""The origin of action—its efficient, not its final cause—is choice, and that of choice is desire and reasoning with a view to an end"" (*Book III, 5*).

3. **Virtue (Arete)**
   - *Reason for selection*: Virtue is the disposition that enables individuals to act morally responsibly. Aristotle argues that virtues are habits formed through practice, making moral responsibility a product of cultivated character.
   - *Key passage*: ""By doing the acts that we do in our transactions with other men we become just or unjust"" (*Book II, 1*).

4. **Practical Wisdom (Phronesis)**
   - *Reason for selection*: Practical wisdom is the intellectual virtue that guides moral action. It ensures that choices align with virtue, making it essential for responsible agency.
   - *Key passage*: ""Practical wisdom is a right rule about such matters... It is clear... that it is not possible to be good in the strict sense without practical wisdom"" (*Book VI, 13*).

5. **Moral Virtue (Ethike Arete)**
   - *Reason for selection*: Moral virtue is the mean between excess and deficiency in passions and actions, ensuring that moral responsibility is exercised with moderation and deliberation.
   - *Key passage*: ""Virtue is a state of character concerned with choice, lying in a mean relative to us"" (*Book II, 6*).

6. **Incontinence (Akrasia)**
   - *Reason for selection*: Incontinence (acting against one’s better judgment) raises questions about moral responsibility. Aristotle distinguishes between the incontinent (who know the right action but fail to act on it) and the vicious (who lack moral knowledge).
   - *Key passage*: ""The incontinent man is like the people who get drunk quickly and on little wine"" (*Book VII, 8*).

7. **Justice (Dikaiosyne)**
   - *Reason for selection*: Justice is the virtue that ensures fair treatment of others, making it a cornerstone of moral responsibility in social contexts.
   - *Key passage*: ""Justice is a kind of mean, but not in the same way as the other virtues"" (*Book V, 1*).

8. **Law (Nomos)**
   - *Reason for selection*: Aristotle ties moral responsibility to legal and social norms, arguing that justice is ""complete virtue in relation to one’s neighbor"" (*Book V, 1*).
   - *Key passage*: ""The law bids us do both the acts of a brave man... and those of a temperate man"" (*Book V, 1*).

9. **Habituation (Ethos)**
   - *Reason for selection*: Moral responsibility is shaped by habituation, as virtues are formed through repeated actions. Aristotle emphasizes that ""we become just by doing just acts"" (*Book II, 1*).
   - *Key passage*: ""It is by doing just acts that the just man is produced"" (*Book II, 1*).

10. **Pleasure and Pain (Hedone and Lupe)**
    - *Reason for selection*: Moral responsibility involves regulating passions, as virtues are concerned with ""pleasures and pains"" (*Book II, 3*). Aristotle argues that the virtuous person feels pleasure in doing what is right.
    - *Key passage*: ""Moral excellence is concerned with pleasures and pains... it is on account of the pleasure that we do bad things"" (*Book II, 3*).

These concepts collectively form the framework for Aristotle’s theory of moral responsibility, emphasizing the interplay between choice, virtue, and social norms.",N/A,N/A,0,Query 5/5,0.00
