Temperature,Top-p,Top-k,BM25 Weight,Model,Main Answer,Input Tokens,Output Tokens,Conversation History,Progress,Elapsed Time (s)
0.5,0.95,1,0.6,🇪🇺 Mistral-API,"Here are the 10 most prominent concepts describing criteria for moral responsibility in the uploaded document, along with explanations of their significance and specific uses:

1. **Voluntary Action (Voluntary vs. Involuntary)**
   - *Reason for selection*: Aristotle repeatedly distinguishes between voluntary and involuntary actions as foundational to moral responsibility. He states, ""Since virtue is concerned with passions and actions, and on voluntary passions and actions praise and blame are bestowed, on those that are involuntary pardon, and sometimes also pity, to distinguish the voluntary and the involuntary is presumably necessary for those who are studying the nature of virtue"" (Book III, 1). This distinction is crucial for assigning moral responsibility.

2. **Choice (Prohairesis)**
   - *Reason for selection*: Choice is central to Aristotle’s ethics, as it bridges intention and action. He writes, ""The origin of action—its efficient, not its final cause—is choice, and that of choice is desire and reasoning with a view to an end"" (Book VI, 2). Moral responsibility hinges on the agent’s ability to choose actions in accordance with reason and virtue.

3. **Practical Wisdom (Phronesis)**
   - *Reason for selection*: Practical wisdom is the intellectual virtue that enables individuals to deliberate well and act in accordance with moral principles. Aristotle argues, ""Practical wisdom is a true and reasoned state of capacity to act with regard to human goods"" (Book VI, 5). It is essential for moral responsibility because it guides virtuous action.

4. **Virtue (Arete)**
   - *Reason for selection*: Virtue is the habitual disposition to act in accordance with reason and moral excellence. Aristotle states, ""Virtue, then, being of two kinds, intellectual and moral, intellectual virtue in the main owes both its birth and its growth to teaching... while moral virtue comes about as a result of habit"" (Book II, 1). Moral responsibility requires the cultivation of virtuous character.

5. **Habituation (Ethos)**
   - *Reason for selection*: Habituation is the process by which moral virtues are formed through repeated actions. Aristotle explains, ""By doing the acts that we do in our transactions with other men we become just or unjust, and by doing the acts that we do in the presence of danger, and being habituated to feel fear or confidence, we become brave or cowardly"" (Book II, 1). This underscores the role of practice in moral development.

6. **Justice (Dikaiosyne)**
   - *Reason for selection*: Justice is a key moral virtue that governs interactions between individuals. Aristotle defines it as ""a kind of mean, but not in the same way as the other virtues, but because it relates to an intermediate amount, while injustice relates to the extremes"" (Book V, 5). Moral responsibility involves acting justly in social and political contexts.

7. **Incontinence (Akrasia)**
   - *Reason for selection*: Incontinence refers to the failure to act in accordance with one’s knowledge of what is right, despite knowing the better course of action. Aristotle discusses it as a state where ""the incontinent man is like the people who get drunk quickly and on little wine"" (Book VII, 8). This concept highlights the tension between reason and desire in moral responsibility.

8. **Pleasure and Pain (Hedone and Lupe)**
   - *Reason for selection*: Aristotle emphasizes that moral virtue is concerned with the regulation of pleasures and pains. He states, ""The excellence of the reason is a thing apart; we must be content to say this much about it, for to describe it precisely is a task greater than our purpose requires. It would seem, however, also to need external equipment but little, or less than moral virtue does"" (Book I, 13). Moral responsibility involves moderating one’s responses to pleasure and pain.

9. **Law (Nomos)**
   - *Reason for selection*: Law serves as an external framework for moral responsibility. Aristotle argues, ""The law bids us do both the acts of a brave man... and those of a temperate man... and the rightly-framed law does this rightly, and the hastily conceived one less well"" (Book V, 1). Laws provide a standard for evaluating moral conduct.

10. **Friendship (Philia)**
    - *Reason for selection*: Friendship is a moral relationship that involves mutual responsibility and care. Aristotle states, ""Friendship seems to hold states together, and lawgivers to pay attention to friendship and try to promote it"" (Book VIII, 1). Moral responsibility extends to how one treats friends and contributes to communal well-being.

These concepts collectively form the framework for understanding moral responsibility in Aristotle’s *Nicomachean Ethics*, emphasizing the interplay between reason, habit, virtue, and social context in ethical conduct.",N/A,N/A,0,Query 1/5,0.00
0.5,0.95,25,0.6,🇪🇺 Mistral-API,"Here are the 10 most prominent concepts describing criteria for moral responsibility in the provided text, along with their significance and specific uses:

1. **Voluntary Action (Voluntary vs. Involuntary)**
   - *Significance*: Aristotle distinguishes between actions done voluntarily (with knowledge and choice) and involuntarily (under compulsion or ignorance), which is foundational for moral responsibility.
   - *Specific Use*: ""Those things, then, are thought involuntary, which take place under compulsion or owing to ignorance"" (Book III, 1).

2. **Choice (Prohairesis)**
   - *Significance*: Choice is the deliberate selection of actions based on reason and desire, central to moral agency.
   - *Specific Use*: ""The origin of action—its efficient, not its final cause—is choice, and that of choice is desire and reasoning with a view to an end"" (Book III, 5).

3. **Practical Wisdom (Phronesis)**
   - *Significance*: Practical wisdom enables individuals to deliberate and act in accordance with virtue, making it essential for moral responsibility.
   - *Specific Use*: ""Practical wisdom is a right rule about such matters... It is clear... that it is not possible to be good in the strict sense without practical wisdom"" (Book VI, 12).

4. **Virtue (Arete)**
   - *Significance*: Virtue is the disposition to act in accordance with moral principles, forming the basis of ethical conduct.
   - *Specific Use*: ""Virtue, then, being of two kinds, intellectual and moral, intellectual virtue in the main owes both its birth and its growth to teaching... while moral virtue comes about as a result of habit"" (Book II, 1).

5. **Habituation (Ethos)**
   - *Significance*: Moral character is shaped through repeated actions, making habituation crucial for moral responsibility.
   - *Specific Use*: ""By doing the acts that we do in our transactions with other men we become just or unjust"" (Book II, 1).

6. **Justice (Dikaiosyne)**
   - *Significance*: Justice is the moral principle ensuring fairness in actions and distributions, essential for social responsibility.
   - *Specific Use*: ""Justice is a kind of mean... in virtue of which the just man is said to be a doer, by choice, of that which is just"" (Book V, 1).

7. **Incontinence (Akrasia)**
   - *Significance*: Incontinence (weakness of will) challenges the idea of moral responsibility by showing how individuals may act against their better judgment.
   - *Specific Use*: ""The incontinent man is like the people who get drunk quickly and on little wine"" (Book VII, 8).

8. **Moral Virtues (Ethikai Aretai)**
   - *Significance*: Specific virtues (e.g., courage, temperance) define morally responsible behavior in different contexts.
   - *Specific Use*: ""The excellence of the eye makes both the eye and its work good; for it is by the excellence of the eye that we see well"" (Book II, 6).

9. **Pleasure and Pain (Hedone and Lupe)**
   - *Significance*: Moral responsibility involves regulating desires and emotions, as pleasure and pain influence action.
   - *Specific Use*: ""Moral excellence is concerned with pleasures and pains... it is on account of the pleasure that we do bad things"" (Book II, 3).

10. **Equity (Epikeia)**
    - *Significance*: Equity allows for flexible application of moral principles, ensuring fairness in complex situations.
    - *Specific Use*: ""Equity is a correction of law where it is defective owing to its universality"" (Book V, 10).

These concepts collectively form the framework for Aristotle’s understanding of moral responsibility, emphasizing the role of reason, habit, and virtue in ethical conduct.",N/A,N/A,0,Query 2/5,0.00
0.5,0.95,50,0.6,🇪🇺 Mistral-API,"Here are the 10 most prominent concepts describing criteria for moral responsibility in the provided text, along with explanations of their significance and specific uses:

1. **Voluntary Action (Voluntary vs. Involuntary)**
   - *Reason for selection*: Aristotle repeatedly distinguishes between voluntary and involuntary actions as foundational to moral responsibility. He states that ""praise and blame are bestowed on voluntary passions and actions"" (Book III, 1), while involuntary actions (e.g., those under compulsion or ignorance) are excused.
   - *Specific use*: ""Those things, then, are thought involuntary, which take place under compulsion or owing to ignorance"" (Book III, 1).

2. **Choice (Prohairesis)**
   - *Reason for selection*: Choice is central to moral responsibility, as it involves deliberate decision-making. Aristotle argues that ""virtue is concerned with passions and actions, and on voluntary passions and actions praise and blame are bestowed"" (Book III, 1).
   - *Specific use*: ""The origin of action—its efficient, not its final cause—is choice, and that of choice is desire and reasoning with a view to an end"" (Book III, 5).

3. **Knowledge (Episteme) and Ignorance (Agnoia)**
   - *Reason for selection*: Knowledge is a key criterion for moral responsibility. Aristotle distinguishes between actions done with or without knowledge, affecting blameworthiness.
   - *Specific use*: ""If a man in violation of the law harms another... he acts unjustly, and a voluntary agent is one who knows both the person he is affecting by his action and the instrument he is using"" (Book V, 8).

4. **Practical Wisdom (Phronesis)**
   - *Reason for selection*: Practical wisdom is necessary for moral responsibility, as it guides virtuous action. Aristotle states that ""practical wisdom is a right rule about such matters"" (Book VI, 12).
   - *Specific use*: ""Practical wisdom is not the faculty, but it does not exist without this faculty... it determines the end and makes us do the things that lead to the end"" (Book VI, 12).

5. **Virtue (Arete) and Vice (Kakia)**
   - *Reason for selection*: Virtue and vice are directly tied to moral responsibility, as they determine the moral character of actions. Aristotle defines virtue as ""a state of character concerned with choice, lying in a mean relative to us"" (Book II, 6).
   - *Specific use*: ""The excellence of the reason is a thing apart... the excellence of the soul is virtue"" (Book I, 13).

6. **Moral Character (Ethos)**
   - *Reason for selection*: Moral character shapes moral responsibility, as it influences how one acts. Aristotle argues that ""virtue is a state of character"" (Book II, 6).
   - *Specific use*: ""The man who does just acts is just, and the man who does temperate acts is temperate"" (Book II, 4).

7. **Pleasure and Pain (Hedone and Lupe)**
   - *Reason for selection*: Aristotle links moral responsibility to the regulation of pleasure and pain, as virtue involves moderation in these.
   - *Specific use*: ""Moral virtue is concerned with pleasures and pains; it is on account of the pleasure that we do bad things, and on account of the pain that we abstain from noble ones"" (Book III, 10).

8. **Justice (Dikaiosyne) and Injustice (Adikia)**
   - *Reason for selection*: Justice is a key criterion for moral responsibility, as it governs fair treatment and reciprocity.
   - *Specific use*: ""Justice is a kind of mean, but not in the same way as the other virtues, but because it relates to an intermediate amount"" (Book V, 5).

9. **Equity (Epikeia)**
   - *Reason for selection*: Equity is a criterion for moral responsibility, as it allows for flexibility in justice when strict rules are unjust.
   - *Specific use*: ""Equity is a correction of law where it is defective owing to its universality"" (Book V, 10).

10. **Reciprocity (Antipeponthos)**
    - *Reason for selection*: Reciprocity is a criterion for moral responsibility, as it ensures fairness in social interactions.
    - *Specific use*: ""Men seek to return either evil for evil—and if they cannot do so, think their position mere slavery—or good for good"" (Book V, 5).

These concepts are central to Aristotle's framework of moral responsibility, as they define the conditions under which individuals are held accountable for their actions.",N/A,N/A,0,Query 3/5,0.00
0.5,0.95,75,0.6,🇪🇺 Mistral-API,"Here are the 10 most prominent concepts describing criteria for moral responsibility in the provided text, along with explanations of their significance and specific uses:

1. **Voluntary Action (Voluntary vs. Involuntary)**
   - *Reason for Selection*: Aristotle repeatedly distinguishes between voluntary and involuntary actions as foundational to moral responsibility. He states that ""those things, then, are thought involuntary, which take place under compulsion or owing to ignorance"" (Book III, 1). This distinction is crucial because only voluntary actions are subject to praise or blame.
   - *Specific Use*: ""Those things, then, are thought involuntary, which take place under compulsion or owing to ignorance; and that is compulsory of which the moving principle is outside, being a principle in which nothing is contributed by the person who is acting or is feeling the passion"" (Book III, 1).

2. **Choice (Prohairesis)**
   - *Reason for Selection*: Choice is central to moral responsibility because it represents the deliberate exercise of reason in selecting actions. Aristotle argues that ""the origin of action—its efficient, not its final cause—is choice, and that of choice is desire and reasoning with a view to an end"" (Book VI, 2).
   - *Specific Use*: ""The origin of action—its efficient, not its final cause—is choice, and that of choice is desire and reasoning with a view to an end"" (Book VI, 2).

3. **Practical Wisdom (Phronesis)**
   - *Reason for Selection*: Practical wisdom is the intellectual virtue that guides moral action. Aristotle emphasizes that ""practical wisdom is a right rule about such matters"" (Book VI, 5), linking it directly to moral responsibility.
   - *Specific Use*: ""Practical wisdom is a right rule about such matters. Socrates, then, thought the virtues were rules or rational principles (for he thought they were, all of them, forms of scientific knowledge), while we think they involve a rational principle"" (Book VI, 5).

4. **Moral Virtue (Arete)**
   - *Reason for Selection*: Moral virtue is the disposition that enables individuals to act responsibly. Aristotle defines it as ""a state of character concerned with choice, lying in a mean relative to us, this being determined by reason and in the way in which the man of practical wisdom would determine it"" (Book II, 6).
   - *Specific Use*: ""Moral virtue is a mean, then, and in what sense it is so, and that it is a mean between two vices, the one involving excess, the other deficiency, and that it is such because its character is to aim at what is intermediate in passions and in actions"" (Book II, 6).

5. **Habituation (Ethos)**
   - *Reason for Selection*: Habituation is the process by which moral virtues are cultivated, making individuals morally responsible. Aristotle argues that ""by doing the acts that we do in our transactions with other men we become just or unjust"" (Book II, 1).
   - *Specific Use*: ""We become just by doing just acts, temperate by doing temperate acts, brave by doing brave acts"" (Book II, 1).

6. **Justice (Dikaiosyne)**
   - *Reason for Selection*: Justice is the virtue that ensures fairness in interactions, a key criterion for moral responsibility. Aristotle defines it as ""a kind of mean, but not in the same way as the other virtues, but because it relates to an intermediate amount"" (Book V, 5).
   - *Specific Use*: ""Justice is a kind of mean, but not in the same way as the other virtues, but because it relates to an intermediate amount, while injustice relates to the extremes"" (Book V, 5).

7. **Incontinence (Akrasia)**
   - *Reason for Selection*: Incontinence represents a failure of moral responsibility due to weakness of will. Aristotle discusses it as ""a state of character in which a man does not follow the best judgment but is led astray contrary to his own knowledge of the better course by passion"" (Book VII, 1).
   - *Specific Use*: ""Incontinence is a state of character in which a man does not follow the best judgment but is led astray contrary to his own knowledge of the better course by passion"" (Book VII, 1).

8. **Pleasure and Pain**
   - *Reason for Selection*: Aristotle links moral responsibility to the regulation of pleasures and pains, arguing that ""moral excellence is concerned with pleasures and pains"" (Book II, 3).
   - *Specific Use*: ""Moral excellence is concerned with pleasures and pains; it is on account of the pleasure that we do bad things, and on account of the pain that we abstain from noble ones"" (Book II, 3).

9. **Self-Control (Enkrateia)**
   - *Reason for Selection*: Self-control is the ability to resist temptations, a key aspect of moral responsibility. Aristotle contrasts it with incontinence, stating that ""the continent man is one who resists the passions and desires that conflict with reason"" (Book VII, 1).
   - *Specific Use*: ""The continent man is one who resists the passions and desires that conflict with reason"" (Book VII, 1).

10. **Equity (Epikeia)**
    - *Reason for Selection*: Equity is the ability to apply justice flexibly, a nuanced aspect of moral responsibility. Aristotle describes it as ""a correction of law where it is defective owing to its universality"" (Book V, 10).
    - *Specific Use*: ""Equity is a correction of law where it is defective owing to its universality"" (Book V, 10).

These concepts collectively form the framework for Aristotle's understanding of moral responsibility, emphasizing the role of reason, choice, and habituation in shaping morally responsible behavior.",N/A,N/A,0,Query 4/5,0.00
0.5,0.95,100,0.6,🇪🇺 Mistral-API,"Here is a list of the 10 most prominent concepts related to moral responsibility in the provided text, along with explanations for their selection and specific references to their use:

1. **Virtue (aretē)**
   - **Reason for selection**: Virtue is central to Aristotle’s ethics, defining moral character and responsibility. It is the foundation of ethical action and moral agency.
   - **Specific use**: ""Virtue, then, being of two kinds, intellectual and moral, intellectual virtue in the main owes both its birth and its growth to teaching... while moral virtue comes about as a result of habit"" (Book II, 1).

2. **Practical Wisdom (phronēsis)**
   - **Reason for selection**: Practical wisdom is essential for moral responsibility, as it guides virtuous action and deliberation.
   - **Specific use**: ""Practical wisdom is a right rule about such matters. Socrates, then, thought the virtues were rules or rational principles... while we think they involve a rational principle"" (Book VI, 13).

3. **Choice (prohairesis)**
   - **Reason for selection**: Choice is the voluntary act that connects moral responsibility to action, distinguishing it from mere impulse or compulsion.
   - **Specific use**: ""The origin of action—its efficient, not its final cause—is choice, and that of choice is desire and reasoning with a view to an end"" (Book III, 3).

4. **Habituation (ethos)**
   - **Reason for selection**: Habituation is the process by which moral character is formed, making individuals responsible for their actions through repeated practice.
   - **Specific use**: ""Moral virtue comes about as a result of habit, whence also its name (ethike) is one that is formed by a slight variation from the word ethos (habit)"" (Book II, 1).

5. **Voluntary Action (hekousion)**
   - **Reason for selection**: Voluntary action is a key criterion for moral responsibility, distinguishing it from involuntary or compelled behavior.
   - **Specific use**: ""Those things, then, are thought involuntary, which take place under compulsion or owing to ignorance; and that is compulsory of which the moving principle is outside"" (Book III, 1).

6. **Involuntary Action (akousion)**
   - **Reason for selection**: Involuntary actions are exempt from moral responsibility, as they are not under the agent’s control.
   - **Specific use**: ""Those things, then, are thought involuntary, which take place under compulsion or owing to ignorance"" (Book III, 1).

7. **Moral Virtue (ethikē aretē)**
   - **Reason for selection**: Moral virtue is the disposition that enables individuals to act responsibly and ethically.
   - **Specific use**: ""Moral virtue is a mean, and in what sense it is so, and that it is a mean between two vices, the one involving excess, the other deficiency"" (Book II, 9).

8. **Justice (dikaiosynē)**
   - **Reason for selection**: Justice is a moral virtue that governs fair treatment and responsibility in social interactions.
   - **Specific use**: ""Justice is a kind of mean, but not in the same way as the other virtues, but because it relates to an intermediate amount"" (Book V, 5).

9. **Injustice (adikia)**
   - **Reason for selection**: Injustice is the failure of moral responsibility, leading to harm or unfairness.
   - **Specific use**: ""Injustice on the other hand is similarly related to the unjust, which is excess and defect, contrary to proportion"" (Book V, 5).

10. **Equity (epieikeia)**
    - **Reason for selection**: Equity is a corrective to strict justice, ensuring fairness in moral responsibility.
    - **Specific use**: ""Equity is a correction of law where it is defective owing to its universality"" (Book V, 10).

These concepts are foundational to Aristotle’s framework of moral responsibility, emphasizing the role of character, choice, and action in ethical life.",N/A,N/A,0,Query 5/5,0.00
