Temperature,Top-p,Top-k,BM25 Weight,Model,Main Answer,Input Tokens,Output Tokens,Conversation History,Progress,Elapsed Time (s)
0.5,0.95,50,0.0,🇪🇺 Mistral-API,"Here are the 10 most prominent concepts related to moral responsibility in the uploaded document, along with explanations for their selection and specific uses:

1. **Virtue (aretē)**
   - **Reason for selection**: Virtue is central to Aristotle's ethics, and moral responsibility is tied to the cultivation of virtues like justice, courage, and temperance.
   - **Specific use**: ""Virtue, then, being of two kinds, intellectual and moral, intellectual virtue in the main owes both its birth and its growth to teaching... while moral virtue comes about as a result of habit"" (Book II, 1).

2. **Practical Wisdom (phronēsis)**
   - **Reason for selection**: Practical wisdom is essential for moral agency, as it enables individuals to deliberate and act in accordance with virtue.
   - **Specific use**: ""Practical wisdom is a right rule about such matters. Socrates, then, thought the virtues were rules or rational principles... while we think they involve a rational principle"" (Book VI, 13).

3. **Choice (prohairesis)**
   - **Reason for selection**: Moral responsibility requires voluntary action, and choice is the deliberate selection of actions aligned with virtue.
   - **Specific use**: ""The origin of action—its efficient, not its final cause—is choice, and that of choice is desire and reasoning with a view to an end"" (Book III, 3).

4. **Habituation (ethos)**
   - **Reason for selection**: Moral character is formed through repeated actions, making habituation a key criterion for moral responsibility.
   - **Specific use**: ""Moral virtue comes about as a result of habit, whence also its name (ethike) is one that is formed by a slight variation from the word ethos (habit)"" (Book II, 1).

5. **Justice (dikaiosynē)**
   - **Reason for selection**: Justice is a foundational virtue that governs interactions between individuals, making it critical for moral responsibility.
   - **Specific use**: ""Justice is a kind of mean, but not in the same way as the other virtues, but because it relates to an intermediate amount, while injustice relates to the extremes"" (Book V, 5).

6. **Incontinence (akrasia) and Continence (enkrateia)**
   - **Reason for selection**: These concepts explore the tension between knowledge and action, which is central to moral responsibility.
   - **Specific use**: ""The incontinent man is like the people who get drunk quickly and on little wine, i.e., on less than most people"" (Book VII, 8).

7. **Voluntary (hekousion) and Involuntary (akousion)**
   - **Reason for selection**: Moral responsibility depends on distinguishing between voluntary and involuntary actions.
   - **Specific use**: ""Those things, then, are thought involuntary, which take place under compulsion or owing to ignorance"" (Book III, 1).

8. **Mean (mesotēs) and Excess/Defect (hyperbolē/elleipsis)**
   - **Reason for selection**: The doctrine of the mean is central to Aristotle's ethics, shaping how moral responsibility is exercised.
   - **Specific use**: ""Moral virtue is a mean, then, and in what sense it is so, and that it is a mean between two vices, the one involving excess, the other deficiency"" (Book II, 9).

9. **Pleasure (hēdonē) and Pain (lupē)**
   - **Reason for selection**: Moral responsibility involves regulating desires, and pleasure/pain are key motivators.
   - **Specific use**: ""Virtue is concerned with pleasures and pains; and by the acts from which it arises it is both increased and, if they are done differently, destroyed"" (Book II, 4).

10. **Equity (epieikeia)**
    - **Reason for selection**: Equity refines justice, showing how moral responsibility adapts to particular circumstances.
    - **Specific use**: ""Equity is a correction of law where it is defective owing to its universality"" (Book V, 10).

These concepts are central to Aristotle's framework of moral responsibility, as they define the conditions under which individuals can be held accountable for their actions.",N/A,N/A,0,Query 1/5,0.00
0.5,0.95,50,0.25,🇪🇺 Mistral-API,"Here are the 10 most prominent concepts describing criteria for moral responsibility in the uploaded document, along with their specific uses and relevance:

1. **Voluntary Action (Voluntary vs. Involuntary)**
   - *Relevance*: Aristotle distinguishes between voluntary and involuntary actions to determine moral responsibility. Actions done ""voluntarily"" (with knowledge and choice) are morally significant, while involuntary actions (due to compulsion or ignorance) are not.
   - *Example*: ""Those things, then, are thought involuntary, which take place under compulsion or owing to ignorance"" (Book III, 1).

2. **Choice (Prohairesis)**
   - *Relevance*: Moral responsibility hinges on the agent's *choice*, which involves deliberation and intention. Choice is the bridge between reason and action.
   - *Example*: ""The origin of action—its efficient, not its final cause—is choice, and that of choice is desire and reasoning with a view to an end"" (Book VI, 2).

3. **Practical Wisdom (Phronesis)**
   - *Relevance*: Practical wisdom is the intellectual virtue that enables agents to deliberate well and act in accordance with moral virtue. It is essential for responsible moral action.
   - *Example*: ""Practical wisdom is a right rule about such matters... It is clear, then, from what has been said, that it is not possible to be good in the strict sense without practical wisdom"" (Book VI, 10).

4. **Moral Virtue (Arete)**
   - *Relevance*: Moral virtue (e.g., courage, temperance) is a disposition that enables agents to act rightly. Responsibility requires not just knowledge but also the cultivation of virtuous habits.
   - *Example*: ""Virtue is a state of character concerned with choice, lying in a mean relative to us, determined by reason"" (Book II, 6).

5. **Habituation (Ethos)**
   - *Relevance*: Moral responsibility is shaped by habituation—repeated actions that form character. Aristotle argues that virtue is developed through practice.
   - *Example*: ""We become just by doing just acts, temperate by doing temperate acts"" (Book II, 1).

6. **Intentionality (Boulēsis)**
   - *Relevance*: Moral responsibility requires that actions be done *for their own sake* (not merely out of habit or compulsion). Intentionality is key to distinguishing virtuous from merely correct actions.
   - *Example*: ""The man who does these things [just acts] for the sake of the acts themselves is a just man"" (Book II, 5).

7. **Ignorance (Agnoia)**
   - *Relevance*: Ignorance can mitigate or negate moral responsibility, depending on whether it is avoidable or invincible.
   - *Example*: ""If a man does something because of ignorance, and the kind of ignorance he is in is such as he is responsible for, he is open to correction"" (Book III, 5).

8. **Compulsion (Bia)**
   - *Relevance*: Actions done under compulsion (e.g., physical force) are not fully voluntary and thus may not be morally blameworthy.
   - *Example*: ""Actions done under compulsion are involuntary, and those done under ignorance are non-voluntary"" (Book III, 1).

9. **Pleasure and Pain (Hedonē and Lupe)**
   - *Relevance*: Moral responsibility involves regulating passions (pleasure/pain) through virtue. Self-indulgence (excessive pleasure-seeking) undermines responsibility.
   - *Example*: ""Moral excellence is concerned with pleasures and pains; it is on account of the pleasure that we do bad things"" (Book III, 10).

10. **Equity (Epikeia)**
   - *Relevance*: Equity allows for flexibility in moral judgment, recognizing that strict adherence to rules may not always align with justice. It reflects responsible moral reasoning.
   - *Example*: ""The equitable is a correction of law where it is defective owing to its universality"" (Book V, 10).

These concepts collectively form Aristotle’s framework for moral responsibility, emphasizing the interplay between reason, habit, and intentional action.",N/A,N/A,0,Query 2/5,0.00
0.5,0.95,50,0.5,🇪🇺 Mistral-API,"Here is a list of the 10 most prominent concepts describing criteria for moral responsibility in the provided text, along with explanations of their significance and specific uses:

1. **Voluntary Action (ἑκούσιον)**
   - **Reason for Selection**: Aristotle emphasizes that moral responsibility is tied to voluntary actions, as involuntary actions (e.g., those compelled by force or ignorance) do not warrant praise or blame.
   - **Specific Use**: ""Those things, then, are thought involuntary, which take place under compulsion or owing to ignorance; and that is compulsory of which the moving principle is outside, being a principle in which nothing is contributed by the person who is acting or is feeling the passion"" (*Nicomachean Ethics* 3.1).

2. **Choice (προαίρεσις, prohairesis)**
   - **Reason for Selection**: Choice is central to moral responsibility, as it involves deliberate decision-making aligned with one’s character.
   - **Specific Use**: ""The origin of action—its efficient, not its final cause—is choice, and that of choice is desire and reasoning with a view to an end"" (*Nicomachean Ethics* 3.3).

3. **Practical Wisdom (φρόνησις, phronēsis)**
   - **Reason for Selection**: Practical wisdom enables individuals to deliberate and act in accordance with virtue, making it essential for moral responsibility.
   - **Specific Use**: ""Practical wisdom is a right rule about such matters. Socrates, then, thought the virtues were rules or rational principles... while we think they involve a rational principle"" (*Nicomachean Ethics* 6.13).

4. **Virtue (ἀρετή, aretē)**
   - **Reason for Selection**: Virtue is the disposition that enables individuals to act morally, and its cultivation is necessary for responsible agency.
   - **Specific Use**: ""Virtue, then, being of two kinds, intellectual and moral, intellectual virtue in the main owes both its birth and its growth to teaching... while moral virtue comes about as a result of habit"" (*Nicomachean Ethics* 2.1).

5. **Habit (ἔθος, ethos)**
   - **Reason for Selection**: Habit formation is crucial for developing moral character, as repeated actions shape one’s disposition toward virtue or vice.
   - **Specific Use**: ""We have now stated what virtue is in respect of its genus. We must, however, not only describe virtue as a state of character, but also say what sort of state it is"" (*Nicomachean Ethics* 2.5).

6. **Justice (δικαιοσύνη, dikaiosynē)**
   - **Reason for Selection**: Justice is a key virtue that governs interactions between individuals, ensuring fairness and moral responsibility in social relations.
   - **Specific Use**: ""Justice is a kind of mean, but not in the same way as the other virtues, but because it relates to an intermediate amount, while injustice relates to the extremes"" (*Nicomachean Ethics* 5.5).

7. **Incontinence (ἀκρασία, akrasia)**
   - **Reason for Selection**: Incontinence highlights the tension between knowledge of the good and the inability to act accordingly, raising questions about moral responsibility.
   - **Specific Use**: ""The incontinent man is like a city which passes all the right decrees and has good laws, but makes no use of them"" (*Nicomachean Ethics* 7.10).

8. **Equity (ἐπιείκεια, epieikeia)**
   - **Reason for Selection**: Equity allows for flexible application of justice, ensuring that moral responsibility is not rigidly determined by strict rules.
   - **Specific Use**: ""Equity is a correction of law where it is defective owing to its universality"" (*Nicomachean Ethics* 5.10).

9. **Pleasure and Pain (ἡδονή, hēdonē; λύπη, lypē)**
   - **Reason for Selection**: Moral responsibility involves regulating one’s responses to pleasure and pain, as these influence virtuous or vicious actions.
   - **Specific Use**: ""Moral excellence is concerned with pleasures and pains; it is on account of the pleasure that we do bad things, and on account of the pain that we abstain from noble ones"" (*Nicomachean Ethics* 3.10).

10. **Friendship (φιλία, philia)**
    - **Reason for Selection**: Friendship fosters moral responsibility by encouraging mutual accountability and virtuous conduct.
    - **Specific Use**: ""Friendship is a virtue, or implies virtue, and it is most necessary with a view to living. For no one would choose to live without friends, even if he had all the other goods"" (*Nicomachean Ethics* 8.1).

These concepts are central to Aristotle’s account of moral responsibility, as they address the conditions under which individuals are held accountable for their actions, the role of character formation, and the social dimensions of ethical life.",N/A,N/A,0,Query 3/5,0.00
0.5,0.95,50,0.75,🇪🇺 Mistral-API,"Here are the 10 most prominent concepts related to moral responsibility in the provided context, along with explanations of their significance and specific uses:

1. **Virtue (aretē)**
   - *Reason for selection*: Virtue is central to Aristotle's ethics, serving as the foundation for moral responsibility. The text repeatedly emphasizes that virtue is a mean between excess and deficiency, shaping actions and character.
   - *Specific use*: ""Moral virtue is a mean... in passions and in actions"" (Book II, 6).

2. **Practical Wisdom (phronēsis)**
   - *Reason for selection*: Practical wisdom is essential for moral agency, as it guides virtuous action. It is distinct from theoretical wisdom and is necessary for making ethical decisions.
   - *Specific use*: ""Practical wisdom is a right rule about such matters... it involves a rational principle"" (Book VI, 5).

3. **Voluntary Action (hekousion)**
   - *Reason for selection*: Moral responsibility hinges on voluntary acts, as involuntary actions (e.g., those caused by ignorance or compulsion) do not incur blame.
   - *Specific use*: ""Those things... are thought involuntary, which take place under compulsion or owing to ignorance"" (Book III, 1).

4. **Choice (prohairesis)**
   - *Reason for selection*: Choice is the deliberate selection of actions, linking intention to responsibility. It is the origin of action and is shaped by virtue and practical wisdom.
   - *Specific use*: ""The origin of action... is choice, and that of choice is desire and reasoning with a view to an end"" (Book III, 3).

5. **Justice (dikaiosynē)**
   - *Reason for selection*: Justice is a key virtue that governs interactions between individuals, ensuring fairness and moral responsibility in social contexts.
   - *Specific use*: ""Justice is a kind of mean... in virtue of which the just man is said to be a doer, by choice, of that which is just"" (Book V, 5).

6. **Incontinence (akrasia)**
   - *Reason for selection*: Incontinence (weakness of will) challenges moral responsibility by showing how even knowing the good, one may fail to act accordingly.
   - *Specific use*: ""The incontinent man is like a city which passes all the right decrees and has good laws, but makes no use of them"" (Book VII, 3).

7. **Habituation (ethismos)**
   - *Reason for selection*: Moral responsibility is shaped by habituation, as repeated actions form character and determine future moral agency.
   - *Specific use*: ""By doing the acts that we do in our transactions with other men we become just or unjust"" (Book II, 1).

8. **Pleasure and Pain (hēdonē and lypē)**
   - *Reason for selection*: Moral responsibility involves regulating pleasure and pain, as virtues moderate these passions to guide ethical behavior.
   - *Specific use*: ""Moral excellence is concerned with pleasures and pains... it is on account of the pleasure that we do bad things"" (Book II, 3).

9. **Equity (epieikeia)**
   - *Reason for selection*: Equity refines justice, allowing for flexibility in moral judgment, which is crucial for responsible decision-making in complex cases.
   - *Specific use*: ""Equity is a correction of law where it is defective owing to its universality"" (Book V, 10).

10. **Friendship (philia)**
    - *Reason for selection*: Friendship is a moral relationship that fosters mutual responsibility, as it involves mutual care and accountability.
    - *Specific use*: ""Friendship is a virtue, or implies virtue, and is most necessary with a view to living"" (Book VIII, 1).

These concepts collectively form the framework for Aristotle's understanding of moral responsibility, emphasizing character, deliberation, and social context.",N/A,N/A,0,Query 4/5,0.00
0.5,0.95,50,1.0,🇪🇺 Mistral-API,"Here are the 10 most prominent concepts related to moral responsibility in the provided text, along with explanations of their significance and specific uses:

1. **Virtue (ἀρετή)**
   - **Reason for selection**: Aristotle repeatedly emphasizes that moral responsibility is tied to the cultivation of virtue, which is a state of character that enables individuals to act in accordance with reason and the mean. Virtue is not innate but developed through habit and practice (e.g., ""By doing just acts, the just man is produced"").
   - **Key passage**: ""Virtue is a state of character concerned with choice, lying in a mean relative to us, determined by reason and as the wise man would determine it"" (Book II, 6).

2. **Practical Wisdom (φρόνησις)**
   - **Reason for selection**: Practical wisdom is essential for moral responsibility because it guides action toward the good. It is distinct from theoretical wisdom and is necessary for making virtuous choices.
   - **Key passage**: ""Practical wisdom is concerned with things human and things that admit of variation, and not with things unchanging and divine"" (Book VI, 5).

3. **Choice (προαίρεσις)**
   - **Reason for selection**: Choice is the deliberate selection of actions, and moral responsibility requires that actions be voluntary. Aristotle distinguishes between actions done by choice and those done involuntarily.
   - **Key passage**: ""Choice is deliberate desire of things in our power which are good as attainable by action"" (Book III, 3).

4. **Incontinence (ἀκρασία) and Continence (ἐγκράτεια)**
   - **Reason for selection**: These concepts explore the tension between reason and desire, highlighting how moral responsibility can be compromised by passions. Incontinence involves acting against one's better judgment.
   - **Key passage**: ""Incontinence is a state of weakness in which a person acts against their knowledge of what is right"" (Book VII, 1).

5. **Justice (δικαιοσύνη)**
   - **Reason for selection**: Justice is a central virtue in moral responsibility, ensuring fairness in actions and distributions. Aristotle distinguishes between distributive and corrective justice.
   - **Key passage**: ""Justice is a state of character which makes people disposed to do what is just and makes them act justly and wish for what is just"" (Book V, 1).

6. **Moral Virtue (ἠθική ἀρετή)**
   - **Reason for selection**: Moral virtue is the disposition to act in accordance with reason and the mean, making it foundational for moral responsibility.
   - **Key passage**: ""Moral virtue is a mean between two vices, one of excess and the other of defect"" (Book II, 6).

7. **Voluntary Action (ἑκούσιον)**
   - **Reason for selection**: Moral responsibility requires that actions be voluntary, meaning they are performed with knowledge and without compulsion.
   - **Key passage**: ""Actions are voluntary if their moving principle is in the agent himself, who knows the particulars in which his action takes place"" (Book III, 1).

8. **Habituation (ἔθος)**
   - **Reason for selection**: Aristotle argues that moral responsibility is shaped by habituation, as virtues are formed through repeated actions.
   - **Key passage**: ""Virtues are formed in us neither by nature nor contrary to nature, but by habit"" (Book II, 1).

9. **Pleasure and Pain (ἡδονή and λύπη)**
   - **Reason for selection**: Moral responsibility involves regulating pleasures and pains, as virtues are concerned with moderating these passions.
   - **Key passage**: ""Virtue is concerned with pleasures and pains; it is pleasure that makes us do bad things and pain that makes us avoid noble ones"" (Book II, 3).

10. **Equity (ἐπιείκεια)**
    - **Reason for selection**: Equity is a corrective to strict justice, allowing for flexibility in moral judgment, which is crucial for moral responsibility in complex situations.
    - **Key passage**: ""Equity is a correction of law where it is defective owing to its universality"" (Book V, 10).

These concepts collectively form the framework for understanding moral responsibility in Aristotle’s *Nicomachean Ethics*, emphasizing the role of reason, habit, and virtue in ethical action.",N/A,N/A,0,Query 5/5,0.00
