Temperature,Top P,Top K,BM25 Weight,Extracted Concepts
0.1,0.95,50,0.6,"Voluntary Action (ἑκούσιον) [#FFD700], Involuntary Action (ἀκούσιον) [#FFD700], Moral Choice (προαίρεσις, Prohairesis) [#C71585], Deliberation (βουλή, Boule) [#800000], Practical Wisdom (φρόνησις, Phronesis) [#B22222], Virtue (ἀρετή, Arete) [#D2691E], Vice (κακία, Kakia) [#6A5ACD], Self-Control (ἐγκράτεια, Enkrateia) [#A0522D], Incontinence (ἀκρασία, Akrasia) [#A0522D], Justice (δικαιοσύνη, Dikaiosyne) [#556B2F]"
0.33,0.95,50,0.6,"Voluntary Action (ἑκούσιον) [#FFD700], Moral Choice (προαίρεσις, Prohairesis) [#C71585], Deliberation (βούλησις, Boulesis) [#800000], Virtue (ἀρετή, Arete) [#D2691E], Practical Wisdom (φρόνησις, Phronesis) [#B22222], Habituation (ἔθος, Ethos) [#228B22], Involuntary Action (ἀκούσιον, Akousion) [#FFD700], Self-Control (ἐγκράτεια, Enkrateia) [#A0522D], Ignorance (ἀγνοία, Agnōia) [#8B008B], Moral Responsibility (ἐγκλημα, Enklēma) [#C71585]"
0.55,0.95,50,0.6,"Voluntary Action (ἑκούσιον) [#FFD700], Moral Choice (προαίρεσις, prohairesis) [#C71585], Virtue (ἀρετή, arete) [#D2691E], Practical Wisdom (φρόνησις, phronesis) [#B22222], Deliberation (βούλησις, boulesis) [#800000], Habituation (ἔθος, ethos) [#228B22], Involuntary Action (ἀκούσιον, akousion) [#FFD700], Self-Control (ἐγκράτεια, enkrateia) [#A0522D], Incontinence (ἀκρασία, akrasia) [#A0522D], Justice (δικαιοσύνη, dikaiosyne) [#556B2F]"
0.78,0.95,50,0.6,"Voluntary Action (ἑκούσιον) [#FFD700], Moral Choice (προαίρεσις, Prohairesis) [#C71585], Deliberation (βουλή, Boule) [#800000], Intellect (νοῦς, Nous) and Reason (λόγος, Logos) [#9932CC], Virtue (ἀρετή, Arete) [#D2691E], Habituation (ἔθος, Ethos) [#228B22], Self-Control (ἐγκράτεια, Enkrateia) and Incontinence (ἀκρασία, Akrasia) [#A0522D], Pleasure and Pain (ἡδονή, Hedone and λύπη, Lupe) [#20B2AA], Justice (δικαιοσύνη, Dikaiosyne) [#556B2F], Equity (ἐπιείκεια, Epieikeia) [#FF8C00]"
1.0,0.95,50,0.6,"Voluntary Action [#FFD700], Moral Choice (Prohairesis) [#C71585], Deliberation [#800000], Knowledge and Ignorance [#8B008B], Pleasure and Pain [#20B2AA], Self-Control (Enkrateia) and Incontinence (Akrasia) [#A0522D], Habituation (Ethos) [#228B22], Practical Wisdom (Phronesis) [#B22222], Justice (Dikaiosyne) [#556B2F], Virtue (Arete) [#D2691E]"
0.5,0.1,50,0.6,"Voluntary Action (ἑκούσιον) [#FFD700], Moral Choice (προαίρεσις, Prohairesis) [#C71585], Virtue (ἀρετή, Arete) [#D2691E], Practical Wisdom (φρόνησις, Phronesis) [#B22222], Habituation (ἔθος, Ethos) [#228B22], Self-Control (ἐγκράτεια, Enkrateia) [#A0522D], Incontinence (ἀκρασία, Akrasia) [#A0522D], Justice (δικαιοσύνη, Dikaiosyne) [#556B2F], Deliberation (βουλή, Boule) [#800000], Moral Principle (ἀρχή, Arche) [#C71585]"
0.5,0.32,50,0.6,"Voluntary Action (ἑκούσιον) [#FFD700], Moral Choice (προαίρεσις, Prohairesis) [#C71585], Virtue (ἀρετή, Arete) [#D2691E], Practical Wisdom (φρόνησις, Phronesis) [#B22222], Deliberation (βούλησις, Boulesis) [#800000], Responsibility (ἐγκλημα, Enklēma) [#FF4500], Ignorance (ἀγνοία, Agnoia) [#8B008B], Self-Control (ἐγκράτεια, Enkrateia) [#A0522D], Vice (κακία, Kakia) [#6A5ACD], Justice (δικαιοσύνη, Dikaiosynē) [#556B2F]"
0.5,0.55,50,0.6,"Voluntary Action (ἑκούσιον) [#FFD700], Involuntary Action (ἀκούσιον) [#FFD700], Moral Choice (προαίρεσις, Prohairesis) [#C71585], Self-Control (ἐγκράτεια, Enkrateia) [#A0522D], Imperfect Self-Control (ἀκρασία, Akrasia) [#A0522D], Virtue (ἀρετή, Arete) [#D2691E], Vice (κακία, Kakia) [#6A5ACD], Deliberation (βουλή, Boule) [#800000], Practical Wisdom (φρόνησις, Phronesis) [#B22222], Justice (δικαιοσύνη, Dikaiosyne) [#556B2F]"
0.5,0.77,50,0.6,"Voluntary Action (ἑκούσιον) [#FFD700], Moral Choice (προαίρεσις, Prohairesis) [#C71585], Deliberation (βούλησις, Boulesis) [#800000], Virtue (ἀρετή, Arete) [#D2691E], Practical Wisdom (φρόνησις, Phronesis) [#B22222], Self-Control (ἐγκράτεια, Enkrateia) [#A0522D], Incontinence (ἀκρασία, Akrasia) [#A0522D], Justice (δικαιοσύνη, Dikaiosyne) [#556B2F], Injustice (ἀδικία, Adikia) [#2E8B57], Equity (ἐπιείκεια, Epieikeia) [#FF8C00]"
0.5,0.99,50,0.6,"Voluntary Action (ἑκούσιον) [#FFD700], Moral Choice (προαίρεσις, Prohairesis) [#C71585], Deliberation (βουλή, Boule) [#800000], Virtue (ἀρετή, Arete) [#D2691E], Practical Wisdom (φρόνησις, Phronesis) [#B22222], Self-Control (ἐγκράτεια, Enkrateia) [#A0522D], Involuntary Action (ἀκούσιον, Akousion) [#FFD700], Ignorance (ἀγνοία, Agnōia) [#8B008B], Passion (πάθος, Pathos) [#8B4513], Moral Character (ἦθος, Ethos) [#228B22]"
0.5,0.95,1,0.6,"Voluntary Action (ἑκούσιον, hekousion) [#FFD700], Moral Choice (προαίρεσις, prohairesis) [#C71585], Deliberation (βούλησις, boulesis) [#800000], Habituation (ἔθος, ethos) [#228B22], Virtue (ἀρετή, arete) [#D2691E], Self-Control (ἐγκράτεια, enkrateia) [#A0522D], Incontinence (ἀκρασία, akrasia) [#A0522D], Practical Wisdom (φρόνησις, phronesis) [#B22222], Justice (δικαιοσύνη, dikaiosyne) [#556B2F], Equity (ἐπιείκεια, epieikeia) [#FF8C00]"
0.5,0.95,25,0.6,"Voluntary Action (ἑκούσιον) [#FFD700], Involuntary Action (ἀκούσιον) [#FFD700], Moral Choice (προαίρεσις, prohairesis) [#C71585], Deliberation (βουλή, boule) [#800000], Practical Wisdom (φρόνησις, phronēsis) [#B22222], Virtue (ἀρετή, aretē) [#D2691E], Vice (κακία, kakia) [#6A5ACD], Self-Control (ἐγκράτεια, enkrateia) [#A0522D], Incontinence (ἀκρασία, akrasia) [#A0522D], Justice (δικαιοσύνη, dikaiosynē) [#556B2F]"
0.5,0.95,50,0.6,"Voluntary Action (ἑκούσιον) [#FFD700], Moral Choice (προαίρεσις, Prohairesis) [#C71585], Deliberation (βούλησις, Boulesis) [#800000], Intellect (νοῦς, Nous) [#9932CC], Virtue (ἀρετή, Arete) [#D2691E], Practical Wisdom (φρόνησις, Phronesis) [#B22222], Habituation (ἔθος, Ethos) [#228B22], Self-Control (ἐγκράτεια, Enkrateia) [#A0522D], Involuntary Action (ἀκούσιον, Akousion) [#FFD700], Moral Character (ἦθος, Ethos) [#228B22]"
0.5,0.95,75,0.6,"Voluntary Action (ἑκούσιον) [#FFD700], Moral Choice (προαίρεσις, Prohairesis) [#C71585], Deliberation (βουλή, Boule) [#800000], Practical Wisdom (φρόνησις, Phronesis) [#B22222], Virtue (ἀρετή, Arete) [#D2691E], Habituation (ἔθος, Ethos) [#228B22], Self-Control (ἐγκράτεια, Enkrateia) [#A0522D], Incontinence (ἀκρασία, Akrasia) [#A0522D], Ignorance (ἀγνοία, Agnoia) [#8B008B], Moral Principle (ἀρχή, Arche) [#C71585]"
0.5,0.95,100,0.6,"Voluntary Action (ἑκούσιον) [#FFD700], Moral Choice (προαίρεσις, Prohairesis) [#C71585], Virtue (ἀρετή, Arete) [#D2691E], Intellect (νοῦς, Nous) [#9932CC], Will (βούλησις, Boulesis) [#006400], Habituation (ἔθος, Ethos) [#228B22], Self-Control (ἐγκράτεια, Enkrateia) [#A0522D], Incontinence (ἀκρασία, Akrasia) [#A0522D], Justice (δικαιοσύνη, Dikaiosyne) [#556B2F], Practical Wisdom (φρόνησις, Phronesis) [#B22222]"
0.5,0.95,50,0.0,"Voluntary vs Involuntary Action [#FFD700], Moral Choice (Prohairesis) [#C71585], Intellect (Reason) [#9932CC], Will (Boulēsis) [#006400], Deliberation (Boulēsis) [#800000], Virtue (Arētē) [#D2691E], Vice (Kakia) [#6A5ACD], Self-Control (Enkrateia) [#A0522D], Incontinence (Akrasia) [#A0522D], Justice (Dikaiosynē) [#556B2F]"
0.5,0.95,50,0.25,"Voluntary Action [#FFD700], Moral Choice (Prohairesis) [#C71585], Self-Control (Enkrateia) and Incontinence (Akrasia) [#A0522D], Virtue (Arete) [#D2691E], Reason (Logos) [#9932CC], Habituation (Ethos) [#228B22], Deliberation (Boulēsis) [#800000], Pleasure and Pain [#20B2AA], Justice (Dikaiosynē) [#556B2F], Equity (Epikeia) [#FF8C00]"
0.5,0.95,50,0.5,"Voluntary Action (ἑκούσιον) [#FFD700], Moral Choice (προαίρεσις, Prohairesis) [#C71585], Deliberation (βουλή, Boule) [#800000], Habituation (ἔθος, Ethos) [#228B22], Virtue (ἀρετή, Arete) [#D2691E], Practical Wisdom (φρόνησις, Phronesis) [#B22222], Self-Control (ἐγκράτεια, Enkrateia) [#A0522D], Incontinence (ἀκρασία, Akrasia) [#A0522D], Justice (δικαιοσύνη, Dikaiosyne) [#556B2F], Equity (ἐπιείκεια, Epieikeia) [#FF8C00]"
0.5,0.95,50,0.75,"Voluntary Action (ἑκούσιον) [#FFD700], Moral Choice (προαίρεσις, Prohairesis) [#C71585], Virtue (ἀρετή, Arete) [#D2691E], Practical Wisdom (φρόνησις, Phronesis) [#B22222], Deliberation (βούλησις, Boulesis) [#800000], Ignorance (ἀγνοία, Agnoia) [#8B008B], Passion (πάθος, Pathos) [#8B4513], Self-Control (ἐγκράτεια, Enkrateia) [#A0522D], Incontinence (ἀκρασία, Akrasia) [#A0522D], Justice (δικαιοσύνη, Dikaiosyne) [#556B2F]"
0.5,0.95,50,1.0,"Voluntary Action (ἑκούσιον) [#FFD700], Moral Choice (προαίρεσις, *prohairesis*) [#C71585], Deliberation (βουλή, *boule*) [#800000], Intellect (νοῦς, *nous*) [#9932CC], Habituation (ἔθος, *ethos*) [#228B22], Self-Control (ἐγκράτεια, *enkrateia*) [#A0522D], Incontinence (ἀκρασία, *akrasia*) [#A0522D], Virtue (ἀρετή, *aretē*) [#D2691E], Vice (κακία, *kakia*) [#6A5ACD], Justice (δικαιοσύνη, *dikaiosynē*) [#556B2F]"
